{
    "git": {
        "branch": "master",
        "commit": "3b62c16f534462c8e447b71d5aad559811f5348b",
        "dirty": false
    },
    "julia_version": "1.12.3",
    "arch": "x86_64",
    "timestamp": "2025-12-18T12:19:43Z",
    "benchmarks": {
        "roundtrip/markdown_all_ext": {
            "time_ns": {
                "minimum": 146574,
                "median": 172231,
                "mean": 173568.4897,
                "maximum": 466610,
                "std": 18674.834919988523
            },
            "memory_bytes": 105920,
            "allocations": 1605,
            "gc_time_ns": 0,
            "samples": 10000
        },
        "latex/simple": {
            "time_ns": {
                "minimum": 4764.571428571428,
                "median": 4985,
                "mean": 5049.567642857143,
                "maximum": 14849,
                "std": 350.5593563855546
            },
            "memory_bytes": 1560,
            "allocations": 21,
            "gc_time_ns": 0,
            "samples": 10000
        },
        "roundtrip/parse_all_ext": {
            "time_ns": {
                "minimum": 853331,
                "median": 934312,
                "mean": 1.1296285433962264e6,
                "maximum": 790701969,
                "std": 1.1434988583338123e7
            },
            "memory_bytes": 438416,
            "allocations": 6700,
            "gc_time_ns": 165480.74549266248,
            "samples": 4770
        },
        "markdown/simple": {
            "time_ns": {
                "minimum": 5590.5,
                "median": 6590.666666666667,
                "mean": 6619.643083333333,
                "maximum": 43818.333333333336,
                "std": 824.2465186669053
            },
            "memory_bytes": 4848,
            "allocations": 73,
            "gc_time_ns": 0,
            "samples": 10000
        },
        "term/simple": {
            "time_ns": {
                "minimum": 20138,
                "median": 21240,
                "mean": 21784.1993,
                "maximum": 76232,
                "std": 2114.4625403073346
            },
            "memory_bytes": 8720,
            "allocations": 141,
            "gc_time_ns": 0,
            "samples": 10000
        },
        "html/complex": {
            "time_ns": {
                "minimum": 40866,
                "median": 42529,
                "mean": 43243.2185,
                "maximum": 159758,
                "std": 3201.7235992131373
            },
            "memory_bytes": 11344,
            "allocations": 239,
            "gc_time_ns": 0,
            "samples": 10000
        },
        "typst/complex": {
            "time_ns": {
                "minimum": 15048,
                "median": 16461,
                "mean": 17003.5417,
                "maximum": 116918,
                "std": 2578.0556455888004
            },
            "memory_bytes": 8736,
            "allocations": 123,
            "gc_time_ns": 0,
            "samples": 10000
        },
        "notebook/complex": {
            "time_ns": {
                "minimum": 121546,
                "median": 137957.5,
                "mean": 139606.6578,
                "maximum": 402861,
                "std": 16102.250091366102
            },
            "memory_bytes": 61056,
            "allocations": 1001,
            "gc_time_ns": 0,
            "samples": 10000
        },
        "term/complex": {
            "time_ns": {
                "minimum": 55704,
                "median": 59341,
                "mean": 60840.0763,
                "maximum": 148748,
                "std": 5216.54552779928
            },
            "memory_bytes": 24960,
            "allocations": 412,
            "gc_time_ns": 0,
            "samples": 10000
        },
        "parse/simple": {
            "time_ns": {
                "minimum": 24967,
                "median": 27752,
                "mean": 28377.6866,
                "maximum": 179916,
                "std": 3209.1885811393777
            },
            "memory_bytes": 15568,
            "allocations": 240,
            "gc_time_ns": 0,
            "samples": 10000
        },
        "allocations/html_spec": {
            "time_ns": {
                "minimum": 6077212,
                "median": 6156265,
                "mean": 6.2238219e6,
                "maximum": 6743555,
                "std": 204508.4778935148
            },
            "memory_bytes": 2077696,
            "allocations": 29828,
            "gc_time_ns": 0,
            "samples": 10
        },
        "html/simple": {
            "time_ns": {
                "minimum": 18896,
                "median": 19886,
                "mean": 20235.9304,
                "maximum": 124101,
                "std": 2144.4125598117794
            },
            "memory_bytes": 5760,
            "allocations": 124,
            "gc_time_ns": 0,
            "samples": 10000
        },
        "markdown/complex": {
            "time_ns": {
                "minimum": 18334,
                "median": 20528,
                "mean": 20973.4007,
                "maximum": 123921,
                "std": 2440.857126439538
            },
            "memory_bytes": 12768,
            "allocations": 217,
            "gc_time_ns": 0,
            "samples": 10000
        },
        "notebook/spec_md": {
            "time_ns": {
                "minimum": 19708932,
                "median": 21982690,
                "mean": 2.3073228815668203e7,
                "maximum": 200477408,
                "std": 1.2190387685927792e7
            },
            "memory_bytes": 10838088,
            "allocations": 164391,
            "gc_time_ns": 826906.3041474654,
            "samples": 217
        },
        "html/spec_md": {
            "time_ns": {
                "minimum": 6067250,
                "median": 6.5043545e6,
                "mean": 6.546026196335078e6,
                "maximum": 9382299,
                "std": 294044.5974722263
            },
            "memory_bytes": 2077696,
            "allocations": 29828,
            "gc_time_ns": 0,
            "samples": 764
        },
        "latex/spec_md": {
            "time_ns": {
                "minimum": 2609474,
                "median": 2860271,
                "mean": 2.799544997759104e6,
                "maximum": 25074267,
                "std": 540864.5110196362
            },
            "memory_bytes": 783880,
            "allocations": 2108,
            "gc_time_ns": 12343.652100840336,
            "samples": 1785
        },
        "term/spec_md": {
            "time_ns": {
                "minimum": 12930396,
                "median": 13637794,
                "mean": 1.3732798747252747e7,
                "maximum": 21017947,
                "std": 552597.8123733473
            },
            "memory_bytes": 2891680,
            "allocations": 42184,
            "gc_time_ns": 0,
            "samples": 364
        },
        "notebook/simple": {
            "time_ns": {
                "minimum": 44583,
                "median": 47758,
                "mean": 49124.6164,
                "maximum": 272698,
                "std": 5957.744674842327
            },
            "memory_bytes": 26576,
            "allocations": 399,
            "gc_time_ns": 0,
            "samples": 10000
        },
        "typst/spec_md": {
            "time_ns": {
                "minimum": 2724137,
                "median": 2980104,
                "mean": 3.1444267679799874e6,
                "maximum": 112166001,
                "std": 3.886161394612585e6
            },
            "memory_bytes": 1771184,
            "allocations": 20450,
            "gc_time_ns": 164356.07442151345,
            "samples": 1599
        },
        "allocations/parse_spec": {
            "time_ns": {
                "minimum": 11917673,
                "median": 12085446,
                "mean": 1.22522707e7,