{
    "git": {
        "branch": "master",
        "commit": "e327d62df9284c3d6b4a2093dd8c640f6c9eeffd",
        "dirty": false
    },
    "julia_version": "1.12.3",
    "arch": "x86_64",
    "timestamp": "2025-12-31T13:18:18Z",
    "benchmarks": {
        "roundtrip/markdown_all_ext": {
            "time_ns": {
                "minimum": 147446,
                "median": 171260.5,
                "mean": 174119.0968,
                "maximum": 424494,
                "std": 21803.33415783168
            },
            "memory_bytes": 105920,
            "allocations": 1605,
            "gc_time_ns": 0,
            "samples": 10000
        },
        "latex/simple": {
            "time_ns": {
                "minimum": 4834.714285714285,
                "median": 5070.857142857143,
                "mean": 5155.278128571428,
                "maximum": 12200,
                "std": 377.68677544759487
            },
            "memory_bytes": 1560,
            "allocations": 21,
            "gc_time_ns": 0,
            "samples": 10000
        },
        "roundtrip/parse_all_ext": {
            "time_ns": {
                "minimum": 808512,
                "median": 874796,
                "mean": 1.071654560240964e6,
                "maximum": 719857353,
                "std": 1.0545653693827035e7
            },
            "memory_bytes": 454256,
            "allocations": 6614,
            "gc_time_ns": 154600.36080034424,
            "samples": 4648
        },
        "markdown/simple": {
            "time_ns": {
                "minimum": 5588.833333333333,
                "median": 6642.333333333333,
                "mean": 6563.1948,
                "maximum": 46291.666666666664,
                "std": 1239.4801070416947
            },
            "memory_bytes": 4848,
            "allocations": 73,
            "gc_time_ns": 0,
            "samples": 10000
        },
        "term/simple": {
            "time_ns": {
                "minimum": 20158,
                "median": 20929,
                "mean": 21291.4004,
                "maximum": 94817,
                "std": 2159.717707233363
            },
            "memory_bytes": 8720,
            "allocations": 141,
            "gc_time_ns": 0,
            "samples": 10000
        },
        "html/complex": {
            "time_ns": {
                "minimum": 40636,
                "median": 42530,
                "mean": 43346.2937,
                "maximum": 199793,
                "std": 3978.440923082578
            },
            "memory_bytes": 11344,
            "allocations": 239,
            "gc_time_ns": 0,
            "samples": 10000
        },
        "typst/complex": {
            "time_ns": {
                "minimum": 14247,
                "median": 15169,
                "mean": 15442.9962,
                "maximum": 103925,
                "std": 1818.8498977322479
            },
            "memory_bytes": 8736,
            "allocations": 123,
            "gc_time_ns": 0,
            "samples": 10000
        },
        "notebook/complex": {
            "time_ns": {
                "minimum": 118952,
                "median": 135508.5,
                "mean": 135419.3876,
                "maximum": 360124,
                "std": 12343.4143046418
            },
            "memory_bytes": 61056,
            "allocations": 1001,
            "gc_time_ns": 0,
            "samples": 10000
        },
        "term/complex": {
            "time_ns": {
                "minimum": 55624,
                "median": 59992,
                "mean": 61728.8089,
                "maximum": 165399,
                "std": 5613.358440192343
            },
            "memory_bytes": 24960,
            "allocations": 412,
            "gc_time_ns": 0,
            "samples": 10000
        },
        "parse/simple": {
            "time_ns": {
                "minimum": 21951,
                "median": 25317,
                "mean": 26412.2186,
                "maximum": 142727,
                "std": 3506.8120014416777
            },
            "memory_bytes": 15872,
            "allocations": 226,
            "gc_time_ns": 0,
            "samples": 10000
        },
        "allocations/html_spec": {
            "time_ns": {
                "minimum": 6198282,
                "median": 6483620,
                "mean": 6.4922583e6,
                "maximum": 6753369,
                "std": 200539.23663077893
            },
            "memory_bytes": 2077696,
            "allocations": 29828,
            "gc_time_ns": 0,
            "samples": 10
        },
        "html/simple": {
            "time_ns": {
                "minimum": 18615,
                "median": 19677,
                "mean": 20070.1937,
                "maximum": 131586,
                "std": 2524.7694515457556
            },
            "memory_bytes": 5760,
            "allocations": 124,
            "gc_time_ns": 0,
            "samples": 10000
        },
        "markdown/complex": {
            "time_ns": {
                "minimum": 17923,
                "median": 19336,
                "mean": 19715.967,
                "maximum": 135264,
                "std": 2481.3598900605693
            },
            "memory_bytes": 12768,
            "allocations": 217,
            "gc_time_ns": 0,
            "samples": 10000
        },
        "notebook/spec_md": {
            "time_ns": {
                "minimum": 19885384,
                "median": 22281382,
                "mean": 2.331307928372093e7,
                "maximum": 196084976,
                "std": 1.1912960305755258e7
            },
            "memory_bytes": 10838088,
            "allocations": 164391,
            "gc_time_ns": 804899.3209302325,
            "samples": 215
        },
        "html/spec_md": {
            "time_ns": {
                "minimum": 6181421,
                "median": 6926414,
                "mean": 6.950600169680111e6,
                "maximum": 8157447,
                "std": 318141.33512324654
            },
            "memory_bytes": 2077696,
            "allocations": 29828,
            "gc_time_ns": 0,
            "samples": 719
        },
        "latex/spec_md": {
            "time_ns": {
                "minimum": 2638987,
                "median": 2.7252925e6,
                "mean": 2.8004085369955157e6,
                "maximum": 25192082,
                "std": 549182.285267627
            },
            "memory_bytes": 783880,
            "allocations": 2108,
            "gc_time_ns": 12279.212443946188,
            "samples": 1784
        },
        "term/spec_md": {
            "time_ns": {
                "minimum": 13211743,
                "median": 13748898,
                "mean": 1.393463647632312e7,
                "maximum": 15417947,
                "std": 477468.1896025529
            },
            "memory_bytes": 2891680,
            "allocations": 42184,
            "gc_time_ns": 0,
            "samples": 359
        },
        "notebook/simple": {
            "time_ns": {
                "minimum": 43451,
                "median": 46367,
                "mean": 47932.487,
                "maximum": 247984,
                "std": 5857.758961329487
            },
            "memory_bytes": 26576,
            "allocations": 399,
            "gc_time_ns": 0,
            "samples": 10000
        },
        "typst/spec_md": {
            "time_ns": {
                "minimum": 2648324,
                "median": 2942815,
                "mean": 3.12475174375e6,
                "maximum": 104287280,
                "std": 3.703271751437327e6
            },
            "memory_bytes": 1771184,
            "allocations": 20450,
            "gc_time_ns": 156436.5775,
            "samples": 1600
        },
        "allocations/parse_spec": {
            "time_ns": {
                "minimum": 10640070,
                "median": 1.08283315e7,
                "mean": 1.08998724e7,