{
    "git": {
        "branch": "master",
        "commit": "d5d815eeeca525008207b3feb33ae309d2afee6f",
        "dirty": false
    },
    "julia_version": "1.12.3",
    "arch": "x86_64",
    "timestamp": "2025-12-30T17:36:19Z",
    "benchmarks": {
        "roundtrip/markdown_all_ext": {
            "time_ns": {
                "minimum": 149298,
                "median": 174254,
                "mean": 176760.429,
                "maximum": 411956,
                "std": 22518.067468493173
            },
            "memory_bytes": 105920,
            "allocations": 1605,
            "gc_time_ns": 0,
            "samples": 10000
        },
        "latex/simple": {
            "time_ns": {
                "minimum": 4916.285714285715,
                "median": 5095.285714285715,
                "mean": 5176.0788571428575,
                "maximum": 12991.285714285714,
                "std": 420.41313397199946
            },
            "memory_bytes": 1560,
            "allocations": 21,
            "gc_time_ns": 0,
            "samples": 10000
        },
        "roundtrip/parse_all_ext": {
            "time_ns": {
                "minimum": 804135,
                "median": 867433,
                "mean": 1.0532311649397335e6,
                "maximum": 695938339,
                "std": 1.010729589151288e7
            },
            "memory_bytes": 455216,
            "allocations": 6642,
            "gc_time_ns": 146901.09684922817,
            "samples": 4729
        },
        "markdown/simple": {
            "time_ns": {
                "minimum": 5497,
                "median": 5870.833333333333,
                "mean": 6083.458616666667,
                "maximum": 42110,
                "std": 1685.1544692826164
            },
            "memory_bytes": 4848,
            "allocations": 73,
            "gc_time_ns": 0,
            "samples": 10000
        },
        "term/simple": {
            "time_ns": {
                "minimum": 20408,
                "median": 21109,
                "mean": 21432.8568,
                "maximum": 205632,
                "std": 2589.417685675459
            },
            "memory_bytes": 8720,
            "allocations": 141,
            "gc_time_ns": 0,
            "samples": 10000
        },
        "html/complex": {
            "time_ns": {
                "minimum": 40385,
                "median": 41908,
                "mean": 42568.0662,
                "maximum": 177180,
                "std": 3098.7237565664855
            },
            "memory_bytes": 11344,
            "allocations": 239,
            "gc_time_ns": 0,
            "samples": 10000
        },
        "typst/complex": {
            "time_ns": {
                "minimum": 14627,
                "median": 15469,
                "mean": 15756.2391,
                "maximum": 94856,
                "std": 1916.7720004271118
            },
            "memory_bytes": 8736,
            "allocations": 123,
            "gc_time_ns": 0,
            "samples": 10000
        },
        "notebook/complex": {
            "time_ns": {
                "minimum": 119682,
                "median": 136093,
                "mean": 136062.0399,
                "maximum": 378043,
                "std": 13776.272179854219
            },
            "memory_bytes": 61056,
            "allocations": 1001,
            "gc_time_ns": 0,
            "samples": 10000
        },
        "term/complex": {
            "time_ns": {
                "minimum": 56365,
                "median": 60352,
                "mean": 62019.3342,
                "maximum": 221121,
                "std": 5424.541651505982
            },
            "memory_bytes": 24960,
            "allocations": 412,
            "gc_time_ns": 0,
            "samples": 10000
        },
        "parse/simple": {
            "time_ns": {
                "minimum": 22081,
                "median": 24455,
                "mean": 25657.5749,
                "maximum": 131816,
                "std": 3184.409064944276
            },
            "memory_bytes": 15872,
            "allocations": 226,
            "gc_time_ns": 0,
            "samples": 10000
        },
        "allocations/html_spec": {
            "time_ns": {
                "minimum": 6032509,
                "median": 6086490,
                "mean": 6.1561818e6,
                "maximum": 6673851,
                "std": 190363.98174362944
            },
            "memory_bytes": 2077696,
            "allocations": 29828,
            "gc_time_ns": 0,
            "samples": 10
        },
        "html/simple": {
            "time_ns": {
                "minimum": 18554,
                "median": 19536,
                "mean": 19859.8528,
                "maximum": 133829,
                "std": 2134.88356003639
            },
            "memory_bytes": 5760,
            "allocations": 124,
            "gc_time_ns": 0,
            "samples": 10000
        },
        "markdown/complex": {
            "time_ns": {
                "minimum": 17753,
                "median": 19106,
                "mean": 19487.464,
                "maximum": 117479,
                "std": 2244.6675302895424
            },
            "memory_bytes": 12768,
            "allocations": 217,
            "gc_time_ns": 0,
            "samples": 10000
        },
        "notebook/spec_md": {
            "time_ns": {
                "minimum": 19549771,
                "median": 21791003,
                "mean": 2.35045271146789e7,
                "maximum": 189927572,
                "std": 1.4974254489535231e7
            },
            "memory_bytes": 10838088,
            "allocations": 164391,
            "gc_time_ns": 1.4197252935779816e6,
            "samples": 218
        },
        "html/spec_md": {
            "time_ns": {
                "minimum": 6014625,
                "median": 6399174,
                "mean": 6.444988818298969e6,
                "maximum": 7471091,
                "std": 225973.82054901667
            },
            "memory_bytes": 2077696,
            "allocations": 29828,
            "gc_time_ns": 0,
            "samples": 776
        },
        "latex/spec_md": {
            "time_ns": {
                "minimum": 2648314,
                "median": 2.7512975e6,
                "mean": 2.812878858108108e6,
                "maximum": 23914566,
                "std": 516182.0784235636
            },
            "memory_bytes": 783880,
            "allocations": 2108,
            "gc_time_ns": 11626.07713963964,
            "samples": 1776
        },
        "term/spec_md": {
            "time_ns": {
                "minimum": 12946963,
                "median": 1.37383905e7,
                "mean": 1.3888925519444445e7,
                "maximum": 14879738,
                "std": 483062.4500682478
            },
            "memory_bytes": 2891680,
            "allocations": 42184,
            "gc_time_ns": 0,
            "samples": 360
        },
        "notebook/simple": {
            "time_ns": {
                "minimum": 43891,
                "median": 46627,
                "mean": 47944.7665,
                "maximum": 257278,
                "std": 4928.796828963015
            },
            "memory_bytes": 26576,
            "allocations": 399,
            "gc_time_ns": 0,
            "samples": 10000
        },
        "typst/spec_md": {
            "time_ns": {
                "minimum": 2613850,
                "median": 2.8892875e6,
                "mean": 3.068021992014742e6,
                "maximum": 104227636,
                "std": 3.659604130970385e6
            },
            "memory_bytes": 1771184,
            "allocations": 20450,
            "gc_time_ns": 153238.2285012285,
            "samples": 1628
        },
        "allocations/parse_spec": {
            "time_ns": {
                "minimum": 9802116,
                "median": 10610059,
                "mean": 1.04847006e7,