{
    "git": {
        "branch": "master",
        "commit": "7dc8f5fb4c7f58c235aa78eb2892427bf8797c9d",
        "dirty": false
    },
    "julia_version": "1.12.3",
    "arch": "x86_64",
    "timestamp": "2025-12-18T09:55:04Z",
    "benchmarks": {
        "roundtrip/markdown_all_ext": {
            "time_ns": {
                "minimum": 149249,
                "median": 172547.5,
                "mean": 173984.066,
                "maximum": 391502,
                "std": 20459.215238905505
            },
            "memory_bytes": 105920,
            "allocations": 1605,
            "gc_time_ns": 0,
            "samples": 10000
        },
        "latex/simple": {
            "time_ns": {
                "minimum": 4760.285714285715,
                "median": 5108.142857142857,
                "mean": 5172.316557142858,
                "maximum": 17912,
                "std": 374.564211268437
            },
            "memory_bytes": 1560,
            "allocations": 21,
            "gc_time_ns": 0,
            "samples": 10000
        },
        "roundtrip/parse_all_ext": {
            "time_ns": {
                "minimum": 890455,
                "median": 952230,
                "mean": 1.1859657941456449e6,
                "maximum": 779800438,
                "std": 1.2014632916700667e7
            },
            "memory_bytes": 495056,
            "allocations": 7384,
            "gc_time_ns": 185265.58567348882,
            "samples": 4202
        },
        "markdown/simple": {
            "time_ns": {
                "minimum": 5774,
                "median": 6750.833333333333,
                "mean": 6760.781116666667,
                "maximum": 27633.166666666668,
                "std": 675.4328661752005
            },
            "memory_bytes": 4848,
            "allocations": 73,
            "gc_time_ns": 0,
            "samples": 10000
        },
        "term/simple": {
            "time_ns": {
                "minimum": 19997,
                "median": 20989,
                "mean": 21644.086,
                "maximum": 154629,
                "std": 2803.4295768118045
            },
            "memory_bytes": 8720,
            "allocations": 141,
            "gc_time_ns": 0,
            "samples": 10000
        },
        "html/complex": {
            "time_ns": {
                "minimum": 41618,
                "median": 44664,
                "mean": 45352.8306,
                "maximum": 154789,
                "std": 3497.937170926433
            },
            "memory_bytes": 12256,
            "allocations": 258,
            "gc_time_ns": 0,
            "samples": 10000
        },
        "typst/complex": {
            "time_ns": {
                "minimum": 14467,
                "median": 15604.5,
                "mean": 16099.3218,
                "maximum": 126446,
                "std": 2103.9038175667906
            },
            "memory_bytes": 8736,
            "allocations": 123,
            "gc_time_ns": 0,
            "samples": 10000
        },
        "notebook/complex": {
            "time_ns": {
                "minimum": 122398,
                "median": 135744,
                "mean": 138129.9877,
                "maximum": 356026,
                "std": 11646.104722398351
            },
            "memory_bytes": 60416,
            "allocations": 993,
            "gc_time_ns": 0,
            "samples": 10000
        },
        "term/complex": {
            "time_ns": {
                "minimum": 56195,
                "median": 60603,
                "mean": 62291.5114,
                "maximum": 154048,
                "std": 4871.438736411072
            },
            "memory_bytes": 24960,
            "allocations": 412,
            "gc_time_ns": 0,
            "samples": 10000
        },
        "parse/simple": {
            "time_ns": {
                "minimum": 24676,
                "median": 28844,
                "mean": 29542.1419,
                "maximum": 138609,
                "std": 3646.6723307247053
            },
            "memory_bytes": 17968,
            "allocations": 270,
            "gc_time_ns": 0,
            "samples": 10000
        },
        "allocations/html_spec": {
            "time_ns": {
                "minimum": 6358896,
                "median": 6.5841565e6,
                "mean": 6.5771562e6,
                "maximum": 6816400,
                "std": 189713.52295371858
            },
            "memory_bytes": 2192800,
            "allocations": 32226,
            "gc_time_ns": 0,
            "samples": 10
        },
        "html/simple": {
            "time_ns": {
                "minimum": 19126,
                "median": 21260,
                "mean": 21614.882,
                "maximum": 112661,
                "std": 2258.8671477878324
            },
            "memory_bytes": 6288,
            "allocations": 135,
            "gc_time_ns": 0,
            "samples": 10000
        },
        "markdown/complex": {
            "time_ns": {
                "minimum": 18184,
                "median": 21921,
                "mean": 22163.1072,
                "maximum": 118562,
                "std": 2568.9181430615367
            },
            "memory_bytes": 12768,
            "allocations": 217,
            "gc_time_ns": 0,
            "samples": 10000
        },
        "notebook/spec_md": {
            "time_ns": {
                "minimum": 19798458,
                "median": 2.21657385e7,
                "mean": 2.3752921600917432e7,
                "maximum": 204709163,
                "std": 1.670120032987439e7
            },
            "memory_bytes": 10724808,
            "allocations": 162975,
            "gc_time_ns": 1.6054646926605504e6,
            "samples": 218
        },
        "html/spec_md": {
            "time_ns": {
                "minimum": 6134947,
                "median": 6.5590045e6,
                "mean": 6.686377871657754e6,
                "maximum": 12636148,
                "std": 553909.1520045319
            },
            "memory_bytes": 2192800,
            "allocations": 32226,
            "gc_time_ns": 0,
            "samples": 748
        },
        "latex/spec_md": {
            "time_ns": {
                "minimum": 2601994,
                "median": 2.8451285e6,
                "mean": 2.7887229481026786e6,
                "maximum": 26106945,
                "std": 562812.6635990342
            },
            "memory_bytes": 783880,
            "allocations": 2108,
            "gc_time_ns": 12897.481026785714,
            "samples": 1792
        },
        "term/spec_md": {
            "time_ns": {
                "minimum": 12833191,
                "median": 13388639,
                "mean": 1.34930061212938e7,
                "maximum": 14930227,
                "std": 440883.36579727515
            },
            "memory_bytes": 2891680,
            "allocations": 42184,
            "gc_time_ns": 0,
            "samples": 371
        },
        "notebook/simple": {
            "time_ns": {
                "minimum": 45064,
                "median": 49903,
                "mean": 51163.2225,
                "maximum": 283440,
                "std": 5483.248035653302
            },
            "memory_bytes": 26416,
            "allocations": 397,
            "gc_time_ns": 0,
            "samples": 10000
        },
        "typst/spec_md": {
            "time_ns": {
                "minimum": 2652988,
                "median": 2934213,
                "mean": 3.06848282002457e6,
                "maximum": 109774446,
                "std": 3.6407451459349412e6
            },
            "memory_bytes": 1771184,
            "allocations": 20450,
            "gc_time_ns": 126689.65663390663,
            "samples": 1628
        },
        "allocations/parse_spec": {
            "time_ns": {
                "minimum": 12983898,
                "median": 13137490,
                "mean": 1.32441666e7,