{
    "git": {
        "branch": "master",
        "commit": "84f16864fd7608160abb93ae91a4053e311e29e8",
        "dirty": false
    },
    "julia_version": "1.12.3",
    "arch": "x86_64",
    "timestamp": "2025-12-18T16:00:11Z",
    "benchmarks": {
        "roundtrip/markdown_all_ext": {
            "time_ns": {
                "minimum": 147415,
                "median": 171611,
                "mean": 174314.3227,
                "maximum": 497270,
                "std": 22678.122879729253
            },
            "memory_bytes": 105920,
            "allocations": 1605,
            "gc_time_ns": 0,
            "samples": 10000
        },
        "latex/simple": {
            "time_ns": {
                "minimum": 5027.833333333333,
                "median": 5261.5,
                "mean": 5331.5949833333325,
                "maximum": 12900.833333333334,
                "std": 373.43574363345715
            },
            "memory_bytes": 1560,
            "allocations": 21,
            "gc_time_ns": 0,
            "samples": 10000
        },
        "roundtrip/parse_all_ext": {
            "time_ns": {
                "minimum": 801378,
                "median": 870012,
                "mean": 1.0730053022404136e6,
                "maximum": 720214964,
                "std": 1.0557777605525743e7
            },
            "memory_bytes": 455216,
            "allocations": 6642,
            "gc_time_ns": 154823.4258940112,
            "samples": 4642
        },
        "markdown/simple": {
            "time_ns": {
                "minimum": 5545.5,
                "median": 5969.5,
                "mean": 6255.170383333333,
                "maximum": 43005.333333333336,
                "std": 1710.7524585212198
            },
            "memory_bytes": 4848,
            "allocations": 73,
            "gc_time_ns": 0,
            "samples": 10000
        },
        "term/simple": {
            "time_ns": {
                "minimum": 19978,
                "median": 20619,
                "mean": 20924.6784,
                "maximum": 77555,
                "std": 1789.0587379094654
            },
            "memory_bytes": 8720,
            "allocations": 141,
            "gc_time_ns": 0,
            "samples": 10000
        },
        "html/complex": {
            "time_ns": {
                "minimum": 41377,
                "median": 43221,
                "mean": 43905.9151,
                "maximum": 169697,
                "std": 3244.9416900383844
            },
            "memory_bytes": 11344,
            "allocations": 239,
            "gc_time_ns": 0,
            "samples": 10000
        },
        "typst/complex": {
            "time_ns": {
                "minimum": 14988,
                "median": 15890,
                "mean": 16191.0733,
                "maximum": 112921,
                "std": 2129.0509303709764
            },
            "memory_bytes": 8736,
            "allocations": 123,
            "gc_time_ns": 0,
            "samples": 10000
        },
        "notebook/complex": {
            "time_ns": {
                "minimum": 119494,
                "median": 137136,
                "mean": 136866.8707,
                "maximum": 332452,
                "std": 12535.513187607006
            },
            "memory_bytes": 61056,
            "allocations": 1001,
            "gc_time_ns": 0,
            "samples": 10000
        },
        "term/complex": {
            "time_ns": {
                "minimum": 55204,
                "median": 57688,
                "mean": 59341.0208,
                "maximum": 193732,
                "std": 4727.191328786392
            },
            "memory_bytes": 24960,
            "allocations": 412,
            "gc_time_ns": 0,
            "samples": 10000
        },
        "parse/simple": {
            "time_ns": {
                "minimum": 21821,
                "median": 24857,
                "mean": 25810.6358,
                "maximum": 266829,
                "std": 3993.36724789444
            },
            "memory_bytes": 15872,
            "allocations": 226,
            "gc_time_ns": 0,
            "samples": 10000
        },
        "allocations/html_spec": {
            "time_ns": {
                "minimum": 6178659,
                "median": 6.2631815e6,
                "mean": 6.3179622e6,
                "maximum": 6884969,
                "std": 207260.1765440401
            },
            "memory_bytes": 2077696,
            "allocations": 29828,
            "gc_time_ns": 0,
            "samples": 10
        },
        "html/simple": {
            "time_ns": {
                "minimum": 18745,
                "median": 20158,
                "mean": 20541.054,
                "maximum": 119504,
                "std": 2535.3137489597943
            },
            "memory_bytes": 5760,
            "allocations": 124,
            "gc_time_ns": 0,
            "samples": 10000
        },
        "markdown/complex": {
            "time_ns": {
                "minimum": 17893,
                "median": 19236,
                "mean": 19605.6818,
                "maximum": 127518,
                "std": 2290.8055342932003
            },
            "memory_bytes": 12768,
            "allocations": 217,
            "gc_time_ns": 0,
            "samples": 10000
        },
        "notebook/spec_md": {
            "time_ns": {
                "minimum": 19789870,
                "median": 2.24096925e7,
                "mean": 2.3151177800925925e7,
                "maximum": 189416924,
                "std": 1.144277519457598e7
            },
            "memory_bytes": 10838088,
            "allocations": 164391,
            "gc_time_ns": 767091.8148148148,
            "samples": 216
        },
        "html/spec_md": {
            "time_ns": {
                "minimum": 6145772,
                "median": 6.6669355e6,
                "mean": 6.668183485333334e6,
                "maximum": 8576705,
                "std": 308878.97345281503
            },
            "memory_bytes": 2077696,
            "allocations": 29828,
            "gc_time_ns": 0,
            "samples": 750
        },
        "latex/spec_md": {
            "time_ns": {
                "minimum": 2735585,
                "median": 2860488,
                "mean": 2.9400878222483816e6,
                "maximum": 50419383,
                "std": 1.1592989567639735e6
            },
            "memory_bytes": 783880,
            "allocations": 2108,
            "gc_time_ns": 27660.701000588582,
            "samples": 1699
        },
        "term/spec_md": {
            "time_ns": {
                "minimum": 13076600,
                "median": 13762353,
                "mean": 1.3772961798898071e7,
                "maximum": 16829158,
                "std": 450522.7253629861
            },
            "memory_bytes": 2891680,
            "allocations": 42184,
            "gc_time_ns": 0,
            "samples": 363
        },
        "notebook/simple": {
            "time_ns": {
                "minimum": 43762,
                "median": 46798,
                "mean": 48217.1123,
                "maximum": 203380,
                "std": 4743.39963440757
            },
            "memory_bytes": 26576,
            "allocations": 399,
            "gc_time_ns": 0,
            "samples": 10000
        },
        "typst/spec_md": {
            "time_ns": {
                "minimum": 2724547,
                "median": 3.0457465e6,
                "mean": 3.205815686136072e6,
                "maximum": 104463526,
                "std": 3.4904382476516375e6
            },
            "memory_bytes": 1771184,
            "allocations": 20450,
            "gc_time_ns": 123937.66559691913,
            "samples": 1558
        },
        "allocations/parse_spec": {
            "time_ns": {
                "minimum": 10347147,
                "median": 1.05142335e7,
                "mean": 1.05542848e7,