{
    "git": {
        "branch": "master",
        "commit": "fb20b2c64f124a03b83f1397354106cdb9f261cd",
        "dirty": false
    },
    "julia_version": "1.12.3",
    "arch": "x86_64",
    "timestamp": "2025-12-18T16:27:34Z",
    "benchmarks": {
        "roundtrip/markdown_all_ext": {
            "time_ns": {
                "minimum": 145050,
                "median": 171239,
                "mean": 174491.3018,
                "maximum": 591241,
                "std": 24906.63491090226
            },
            "memory_bytes": 105920,
            "allocations": 1605,
            "gc_time_ns": 0,
            "samples": 10000
        },
        "latex/simple": {
            "time_ns": {
                "minimum": 4715.857142857143,
                "median": 4967.714285714285,
                "mean": 5043.231185714286,
                "maximum": 25540.428571428572,
                "std": 390.6355754396387
            },
            "memory_bytes": 1560,
            "allocations": 21,
            "gc_time_ns": 0,
            "samples": 10000
        },
        "roundtrip/parse_all_ext": {
            "time_ns": {
                "minimum": 802814,
                "median": 882784,
                "mean": 1.0614634173412868e6,
                "maximum": 680255882,
                "std": 9.915893594326984e6
            },
            "memory_bytes": 455216,
            "allocations": 6642,
            "gc_time_ns": 144636.83106092885,
            "samples": 4694
        },
        "markdown/simple": {
            "time_ns": {
                "minimum": 5507,
                "median": 5842.5,
                "mean": 6072.208366666667,
                "maximum": 42362.166666666664,
                "std": 1593.5140276414488
            },
            "memory_bytes": 4848,
            "allocations": 73,
            "gc_time_ns": 0,
            "samples": 10000
        },
        "term/simple": {
            "time_ns": {
                "minimum": 20048,
                "median": 20648,
                "mean": 20950.4963,
                "maximum": 173914,
                "std": 2316.554196974693
            },
            "memory_bytes": 8720,
            "allocations": 141,
            "gc_time_ns": 0,
            "samples": 10000
        },
        "html/complex": {
            "time_ns": {
                "minimum": 40595,
                "median": 42198,
                "mean": 42846.7786,
                "maximum": 174245,
                "std": 2965.2202856645054
            },
            "memory_bytes": 11344,
            "allocations": 239,
            "gc_time_ns": 0,
            "samples": 10000
        },
        "typst/complex": {
            "time_ns": {
                "minimum": 14587,
                "median": 15269,
                "mean": 15512.9792,
                "maximum": 94256,
                "std": 1690.027667441877
            },
            "memory_bytes": 8736,
            "allocations": 123,
            "gc_time_ns": 0,
            "samples": 10000
        },
        "notebook/complex": {
            "time_ns": {
                "minimum": 122067,
                "median": 134601,
                "mean": 136157.803,
                "maximum": 351715,
                "std": 11135.98896508137
            },
            "memory_bytes": 61056,
            "allocations": 1001,
            "gc_time_ns": 0,
            "samples": 10000
        },
        "term/complex": {
            "time_ns": {
                "minimum": 55072,
                "median": 57587,
                "mean": 59187.8168,
                "maximum": 198540,
                "std": 4416.940591252776
            },
            "memory_bytes": 24960,
            "allocations": 412,
            "gc_time_ns": 0,
            "samples": 10000
        },
        "parse/simple": {
            "time_ns": {
                "minimum": 22572,
                "median": 25257,
                "mean": 26307.0718,
                "maximum": 126776,
                "std": 3287.655130677576
            },
            "memory_bytes": 15872,
            "allocations": 226,
            "gc_time_ns": 0,
            "samples": 10000
        },
        "allocations/html_spec": {
            "time_ns": {
                "minimum": 6038123,
                "median": 6097458,
                "mean": 6.2610043e6,
                "maximum": 6818415,
                "std": 279647.8201599886
            },
            "memory_bytes": 2077696,
            "allocations": 29828,
            "gc_time_ns": 0,
            "samples": 10
        },
        "html/simple": {
            "time_ns": {
                "minimum": 18595,
                "median": 19516,
                "mean": 19810.3048,
                "maximum": 112099,
                "std": 1901.3050476410615
            },
            "memory_bytes": 5760,
            "allocations": 124,
            "gc_time_ns": 0,
            "samples": 10000
        },
        "markdown/complex": {
            "time_ns": {
                "minimum": 18224,
                "median": 19707,
                "mean": 20067.0067,
                "maximum": 117008,
                "std": 2215.8093728867575
            },
            "memory_bytes": 12768,
            "allocations": 217,
            "gc_time_ns": 0,
            "samples": 10000
        },
        "notebook/spec_md": {
            "time_ns": {
                "minimum": 19526166,
                "median": 2.18374085e7,
                "mean": 2.33500645e7,
                "maximum": 191594648,
                "std": 1.4946815804816855e7
            },
            "memory_bytes": 10838088,
            "allocations": 164391,
            "gc_time_ns": 1.4197494266055045e6,
            "samples": 218
        },
        "html/spec_md": {
            "time_ns": {
                "minimum": 6029972,
                "median": 6409103,
                "mean": 6.467046397153946e6,
                "maximum": 9658954,
                "std": 294078.7139357241
            },
            "memory_bytes": 2077696,
            "allocations": 29828,
            "gc_time_ns": 0,
            "samples": 773
        },
        "latex/spec_md": {
            "time_ns": {
                "minimum": 2640896,
                "median": 2709734,
                "mean": 2.786688837702175e6,
                "maximum": 25568509,
                "std": 551919.3864050627
            },
            "memory_bytes": 783880,
            "allocations": 2108,
            "gc_time_ns": 12479.847183491354,
            "samples": 1793
        },
        "term/spec_md": {
            "time_ns": {
                "minimum": 12742895,
                "median": 13322540,
                "mean": 1.3468908666666666e7,
                "maximum": 15527991,
                "std": 540890.4858323379
            },
            "memory_bytes": 2891680,
            "allocations": 42184,
            "gc_time_ns": 0,
            "samples": 372
        },
        "notebook/simple": {
            "time_ns": {
                "minimum": 45344,
                "median": 49773,
                "mean": 51351.0929,
                "maximum": 336766,
                "std": 7119.785556651749
            },
            "memory_bytes": 26576,
            "allocations": 399,
            "gc_time_ns": 0,
            "samples": 10000
        },
        "typst/spec_md": {
            "time_ns": {
                "minimum": 2631973,
                "median": 2842084,
                "mean": 3.03647086443769e6,
                "maximum": 101414612,
                "std": 3.498689229577772e6
            },
            "memory_bytes": 1771184,
            "allocations": 20450,
            "gc_time_ns": 143114.28632218845,
            "samples": 1645
        },
        "allocations/parse_spec": {
            "time_ns": {
                "minimum": 10119292,
                "median": 10590169,
                "mean": 1.06542275e7,