{
    "git": {
        "branch": "master",
        "commit": "977c195b9307cfdc1ef1e5711d71cdae1da6c6be",
        "dirty": false
    },
    "julia_version": "1.12.3",
    "arch": "x86_64",
    "timestamp": "2025-12-30T20:24:52Z",
    "benchmarks": {
        "roundtrip/markdown_all_ext": {
            "time_ns": {
                "minimum": 149161,
                "median": 171587,
                "mean": 174400.8085,
                "maximum": 482977,
                "std": 20720.81163750879
            },
            "memory_bytes": 105920,
            "allocations": 1605,
            "gc_time_ns": 0,
            "samples": 10000
        },
        "latex/simple": {
            "time_ns": {
                "minimum": 4727.428571428572,
                "median": 4966.571428571428,
                "mean": 5041.847057142857,
                "maximum": 12374.714285714286,
                "std": 336.8227760055929
            },
            "memory_bytes": 1560,
            "allocations": 21,
            "gc_time_ns": 0,
            "samples": 10000
        },
        "roundtrip/parse_all_ext": {
            "time_ns": {
                "minimum": 803930,
                "median": 867209,
                "mean": 1.0684762682822216e6,
                "maximum": 713049076,
                "std": 1.0429045303512275e7
            },
            "memory_bytes": 455216,
            "allocations": 6642,
            "gc_time_ns": 152623.23139609693,
            "samples": 4663
        },
        "markdown/simple": {
            "time_ns": {
                "minimum": 5457,
                "median": 6001.166666666667,
                "mean": 6320.2963666666665,
                "maximum": 41690,
                "std": 1158.5184830477433
            },
            "memory_bytes": 4848,
            "allocations": 73,
            "gc_time_ns": 0,
            "samples": 10000
        },
        "term/simple": {
            "time_ns": {
                "minimum": 20057,
                "median": 20789,
                "mean": 21308.9876,
                "maximum": 283323,
                "std": 3758.468882095475
            },
            "memory_bytes": 8720,
            "allocations": 141,
            "gc_time_ns": 0,
            "samples": 10000
        },
        "html/complex": {
            "time_ns": {
                "minimum": 40266,
                "median": 41869,
                "mean": 42630.275,
                "maximum": 173165,
                "std": 3465.3565105410894
            },
            "memory_bytes": 11344,
            "allocations": 239,
            "gc_time_ns": 0,
            "samples": 10000
        },
        "typst/complex": {
            "time_ns": {
                "minimum": 14447,
                "median": 15148,
                "mean": 15406.5424,
                "maximum": 102402,
                "std": 1706.3645070105383
            },
            "memory_bytes": 8736,
            "allocations": 123,
            "gc_time_ns": 0,
            "samples": 10000
        },
        "notebook/complex": {
            "time_ns": {
                "minimum": 120907,
                "median": 139136.5,
                "mean": 138892.3016,
                "maximum": 330370,
                "std": 12094.881125252155
            },
            "memory_bytes": 61056,
            "allocations": 1001,
            "gc_time_ns": 0,
            "samples": 10000
        },
        "term/complex": {
            "time_ns": {
                "minimum": 55775,
                "median": 59987.5,
                "mean": 61779.7443,
                "maximum": 182713,
                "std": 5970.004894098586
            },
            "memory_bytes": 24960,
            "allocations": 412,
            "gc_time_ns": 0,
            "samples": 10000
        },
        "parse/simple": {
            "time_ns": {
                "minimum": 22412,
                "median": 25328,
                "mean": 26297.5885,
                "maximum": 135144,
                "std": 3221.0070809343615
            },
            "memory_bytes": 15872,
            "allocations": 226,
            "gc_time_ns": 0,
            "samples": 10000
        },
        "allocations/html_spec": {
            "time_ns": {
                "minimum": 6132376,
                "median": 6.2594645e6,
                "mean": 6.3352038e6,
                "maximum": 6825167,
                "std": 192699.4611125487
            },
            "memory_bytes": 2077696,
            "allocations": 29828,
            "gc_time_ns": 0,
            "samples": 10
        },
        "html/simple": {
            "time_ns": {
                "minimum": 18244,
                "median": 19336,
                "mean": 19676.6918,
                "maximum": 119855,
                "std": 2092.5949115772873
            },
            "memory_bytes": 5760,
            "allocations": 124,
            "gc_time_ns": 0,
            "samples": 10000
        },
        "markdown/complex": {
            "time_ns": {
                "minimum": 17993,
                "median": 19637,
                "mean": 20008.1421,
                "maximum": 134122,
                "std": 2301.0174355774607
            },
            "memory_bytes": 12768,
            "allocations": 217,
            "gc_time_ns": 0,
            "samples": 10000
        },
        "notebook/spec_md": {
            "time_ns": {
                "minimum": 19449355,
                "median": 22101194,
                "mean": 2.2981835940366972e7,
                "maximum": 191497347,
                "std": 1.1547436881278992e7
            },
            "memory_bytes": 10838088,
            "allocations": 164391,
            "gc_time_ns": 772380.8348623853,
            "samples": 218
        },
        "html/spec_md": {
            "time_ns": {
                "minimum": 6016609,
                "median": 6411440,
                "mean": 6.464542077619663e6,
                "maximum": 7234536,
                "std": 263008.2211488257
            },
            "memory_bytes": 2077696,
            "allocations": 29828,
            "gc_time_ns": 0,
            "samples": 773
        },
        "latex/spec_md": {
            "time_ns": {
                "minimum": 2608679,
                "median": 2685408,
                "mean": 2.7544287475192943e6,
                "maximum": 25256811,
                "std": 541572.1214423422
            },
            "memory_bytes": 783880,
            "allocations": 2108,
            "gc_time_ns": 12274.141675854466,
            "samples": 1814
        },
        "term/spec_md": {
            "time_ns": {
                "minimum": 12833772,
                "median": 1.34251665e7,
                "mean": 1.3529757340540541e7,
                "maximum": 14596702,
                "std": 453252.3250525737
            },
            "memory_bytes": 2891680,
            "allocations": 42184,
            "gc_time_ns": 0,
            "samples": 370
        },
        "notebook/simple": {
            "time_ns": {
                "minimum": 43883,
                "median": 47109,
                "mean": 48568.0383,
                "maximum": 209143,
                "std": 4945.439655174392
            },
            "memory_bytes": 26576,
            "allocations": 399,
            "gc_time_ns": 0,
            "samples": 10000
        },
        "typst/spec_md": {
            "time_ns": {
                "minimum": 2627365,
                "median": 2884572,
                "mean": 3.0541052658924204e6,
                "maximum": 106411344,
                "std": 3.671951851134556e6
            },
            "memory_bytes": 1771184,
            "allocations": 20450,
            "gc_time_ns": 153407.23533007334,
            "samples": 1636
        },
        "allocations/parse_spec": {
            "time_ns": {
                "minimum": 10594987,
                "median": 10678699,
                "mean": 1.07213732e7,