{
    "git": {
        "branch": "master",
        "commit": "843422164be4a1e6bb751c59f5cd6c118cc25b3b",
        "dirty": false
    },
    "julia_version": "1.12.3",
    "arch": "x86_64",
    "timestamp": "2025-12-18T13:53:28Z",
    "benchmarks": {
        "roundtrip/markdown_all_ext": {
            "time_ns": {
                "minimum": 152498,
                "median": 177835,
                "mean": 179621.881,
                "maximum": 529006,
                "std": 20652.85553187261
            },
            "memory_bytes": 105920,
            "allocations": 1605,
            "gc_time_ns": 0,
            "samples": 10000
        },
        "latex/simple": {
            "time_ns": {
                "minimum": 4688.857142857143,
                "median": 4877.857142857143,
                "mean": 4947.107,
                "maximum": 25822.85714285714,
                "std": 379.9559259745806
            },
            "memory_bytes": 1560,
            "allocations": 21,
            "gc_time_ns": 0,
            "samples": 10000
        },
        "roundtrip/parse_all_ext": {
            "time_ns": {
                "minimum": 849048,
                "median": 912953.5,
                "mean": 1.1252344952574526e6,
                "maximum": 734306746,
                "std": 1.1020984412270037e7
            },
            "memory_bytes": 459536,
            "allocations": 6754,
            "gc_time_ns": 165467.1115627823,
            "samples": 4428
        },
        "markdown/simple": {
            "time_ns": {
                "minimum": 5614,
                "median": 6737.5,
                "mean": 6635.294983333333,
                "maximum": 44797.5,
                "std": 1166.4488370543502
            },
            "memory_bytes": 4848,
            "allocations": 73,
            "gc_time_ns": 0,
            "samples": 10000
        },
        "term/simple": {
            "time_ns": {
                "minimum": 20208,
                "median": 20950,
                "mean": 21263.0513,
                "maximum": 76685,
                "std": 1875.7839200717629
            },
            "memory_bytes": 8720,
            "allocations": 141,
            "gc_time_ns": 0,
            "samples": 10000
        },
        "html/complex": {
            "time_ns": {
                "minimum": 40787,
                "median": 42610,
                "mean": 44038.6659,
                "maximum": 167224,
                "std": 4576.2821808469225
            },
            "memory_bytes": 11344,
            "allocations": 239,
            "gc_time_ns": 0,
            "samples": 10000
        },
        "typst/complex": {
            "time_ns": {
                "minimum": 14557,
                "median": 15459,
                "mean": 15745.1554,
                "maximum": 98515,
                "std": 1837.2409698482584
            },
            "memory_bytes": 8736,
            "allocations": 123,
            "gc_time_ns": 0,
            "samples": 10000
        },
        "notebook/complex": {
            "time_ns": {
                "minimum": 120507,
                "median": 137083,
                "mean": 138030.2179,
                "maximum": 375888,
                "std": 13381.46092821247
            },
            "memory_bytes": 61056,
            "allocations": 1001,
            "gc_time_ns": 0,
            "samples": 10000
        },
        "term/complex": {
            "time_ns": {
                "minimum": 56507,
                "median": 60604,
                "mean": 62247.6734,
                "maximum": 198354,
                "std": 5948.555212019426
            },
            "memory_bytes": 24960,
            "allocations": 412,
            "gc_time_ns": 0,
            "samples": 10000
        },
        "parse/simple": {
            "time_ns": {
                "minimum": 24055,
                "median": 29145,
                "mean": 29452.6544,
                "maximum": 160582,
                "std": 3460.916168015753
            },
            "memory_bytes": 16384,
            "allocations": 239,
            "gc_time_ns": 0,
            "samples": 10000
        },
        "allocations/html_spec": {
            "time_ns": {
                "minimum": 6187612,
                "median": 6213251,
                "mean": 6.3711653e6,
                "maximum": 7075184,
                "std": 320171.24903090706
            },
            "memory_bytes": 2077696,
            "allocations": 29828,
            "gc_time_ns": 0,
            "samples": 10
        },
        "html/simple": {
            "time_ns": {
                "minimum": 18755,
                "median": 19777,
                "mean": 20135.348,
                "maximum": 118032,
                "std": 2184.987829274435
            },
            "memory_bytes": 5760,
            "allocations": 124,
            "gc_time_ns": 0,
            "samples": 10000
        },
        "markdown/complex": {
            "time_ns": {
                "minimum": 18355,
                "median": 19697,
                "mean": 20103.3791,
                "maximum": 119625,
                "std": 2459.471865537178
            },
            "memory_bytes": 12768,
            "allocations": 217,
            "gc_time_ns": 0,
            "samples": 10000
        },
        "notebook/spec_md": {
            "time_ns": {
                "minimum": 19150967,
                "median": 21476810,
                "mean": 2.3116919645454545e7,
                "maximum": 191369727,
                "std": 1.4913936890254797e7
            },
            "memory_bytes": 10838088,
            "allocations": 164391,
            "gc_time_ns": 1.3984635454545454e6,
            "samples": 220
        },
        "html/spec_md": {
            "time_ns": {
                "minimum": 6108659,
                "median": 6.5420895e6,
                "mean": 6.600644073878628e6,
                "maximum": 9188416,
                "std": 277723.3648472364
            },
            "memory_bytes": 2077696,
            "allocations": 29828,
            "gc_time_ns": 0,
            "samples": 758
        },
        "latex/spec_md": {
            "time_ns": {
                "minimum": 2611085,
                "median": 2679709,
                "mean": 2.776392653038674e6,
                "maximum": 33356886,
                "std": 890952.3553426674
            },
            "memory_bytes": 783880,
            "allocations": 2108,
            "gc_time_ns": 28695.39281767956,
            "samples": 1810
        },
        "term/spec_md": {
            "time_ns": {
                "minimum": 12940240,
                "median": 13752032,
                "mean": 1.3831524953038674e7,
                "maximum": 15707648,
                "std": 667721.9283655435
            },
            "memory_bytes": 2891680,
            "allocations": 42184,
            "gc_time_ns": 0,
            "samples": 362
        },
        "notebook/simple": {
            "time_ns": {
                "minimum": 43943,
                "median": 47199,
                "mean": 48702.3492,
                "maximum": 264157,
                "std": 5614.38248190526
            },
            "memory_bytes": 26576,
            "allocations": 399,
            "gc_time_ns": 0,
            "samples": 10000
        },
        "typst/spec_md": {
            "time_ns": {
                "minimum": 2645709,
                "median": 2.8988215e6,
                "mean": 3.0904316547029703e6,
                "maximum": 103134288,
                "std": 3.5189983466605744e6
            },
            "memory_bytes": 1771184,
            "allocations": 20450,
            "gc_time_ns": 147248.76856435643,
            "samples": 1616
        },
        "allocations/parse_spec": {
            "time_ns": {
                "minimum": 12002321,
                "median": 12152889,
                "mean": 1.21783663e7,
                "maximum": 12520296,