{
    "git": {
        "branch": "master",
        "commit": "41c7c1dbecd877442724624e46cfda064b18603f",
        "dirty": false
    },
    "julia_version": "1.12.3",
    "arch": "x86_64",
    "timestamp": "2025-12-18T14:18:59Z",
    "benchmarks": {
        "roundtrip/markdown_all_ext": {
            "time_ns": {
                "minimum": 148268,
                "median": 172703,
                "mean": 173939.6298,
                "maximum": 401841,
                "std": 17118.536361344315
            },
            "memory_bytes": 105920,
            "allocations": 1605,
            "gc_time_ns": 0,
            "samples": 10000
        },
        "latex/simple": {
            "time_ns": {
                "minimum": 4648.714285714285,
                "median": 4907.714285714285,
                "mean": 4993.936285714286,
                "maximum": 13933.142857142857,
                "std": 420.6087930484075
            },
            "memory_bytes": 1560,
            "allocations": 21,
            "gc_time_ns": 0,
            "samples": 10000
        },
        "roundtrip/parse_all_ext": {
            "time_ns": {
                "minimum": 848256,
                "median": 912686,
                "mean": 1.11600401434013e6,
                "maximum": 692169889,
                "std": 1.0346936168778624e7
            },
            "memory_bytes": 455984,
            "allocations": 6660,
            "gc_time_ns": 154850.2000896258,
            "samples": 4463
        },
        "markdown/simple": {
            "time_ns": {
                "minimum": 5603.833333333333,
                "median": 6604,
                "mean": 6511.455366666666,
                "maximum": 42673.166666666664,
                "std": 1127.9295085982162
            },
            "memory_bytes": 4848,
            "allocations": 73,
            "gc_time_ns": 0,
            "samples": 10000
        },
        "term/simple": {
            "time_ns": {
                "minimum": 20007,
                "median": 20568,
                "mean": 20905.3492,
                "maximum": 226313,
                "std": 2801.6179968010206
            },
            "memory_bytes": 8720,
            "allocations": 141,
            "gc_time_ns": 0,
            "samples": 10000
        },
        "html/complex": {
            "time_ns": {
                "minimum": 39975,
                "median": 41588,
                "mean": 42325.8547,
                "maximum": 190527,
                "std": 3356.0726829097734
            },
            "memory_bytes": 11344,
            "allocations": 239,
            "gc_time_ns": 0,
            "samples": 10000
        },
        "typst/complex": {
            "time_ns": {
                "minimum": 14477,
                "median": 15178,
                "mean": 15480.4058,
                "maximum": 99897,
                "std": 1908.1241622882487
            },
            "memory_bytes": 8736,
            "allocations": 123,
            "gc_time_ns": 0,
            "samples": 10000
        },
        "notebook/complex": {
            "time_ns": {
                "minimum": 121296,
                "median": 134621.5,
                "mean": 137631.2978,
                "maximum": 370733,
                "std": 16468.54230462669
            },
            "memory_bytes": 61056,
            "allocations": 1001,
            "gc_time_ns": 0,
            "samples": 10000
        },
        "term/complex": {
            "time_ns": {
                "minimum": 55204,
                "median": 58059,
                "mean": 59515.2394,
                "maximum": 255408,
                "std": 4925.251884452223
            },
            "memory_bytes": 24960,
            "allocations": 412,
            "gc_time_ns": 0,
            "samples": 10000
        },
        "parse/simple": {
            "time_ns": {
                "minimum": 22552,
                "median": 27351,
                "mean": 27547.4674,
                "maximum": 131746,
                "std": 3051.7829582818777
            },
            "memory_bytes": 16000,
            "allocations": 229,
            "gc_time_ns": 0,
            "samples": 10000
        },
        "allocations/html_spec": {
            "time_ns": {
                "minimum": 5998668,
                "median": 6103033,
                "mean": 6.2031931e6,
                "maximum": 6619499,
                "std": 228124.59318999344
            },
            "memory_bytes": 2077696,
            "allocations": 29828,
            "gc_time_ns": 0,
            "samples": 10
        },
        "html/simple": {
            "time_ns": {
                "minimum": 18485,
                "median": 19397,
                "mean": 19718.393,
                "maximum": 117119,
                "std": 1991.136130871058
            },
            "memory_bytes": 5760,
            "allocations": 124,
            "gc_time_ns": 0,
            "samples": 10000
        },
        "markdown/complex": {
            "time_ns": {
                "minimum": 17393,
                "median": 18755,
                "mean": 19124.1193,
                "maximum": 174105,
                "std": 2697.82124170834
            },
            "memory_bytes": 12768,
            "allocations": 217,
            "gc_time_ns": 0,
            "samples": 10000
        },
        "notebook/spec_md": {
            "time_ns": {
                "minimum": 19202851,
                "median": 21559629,
                "mean": 2.318487605479452e7,
                "maximum": 186207797,
                "std": 1.4445507152008895e7
            },
            "memory_bytes": 10838088,
            "allocations": 164391,
            "gc_time_ns": 1.3724206757990867e6,
            "samples": 219
        },
        "html/spec_md": {
            "time_ns": {
                "minimum": 5939737,
                "median": 6352259,
                "mean": 6.42034085237484e6,
                "maximum": 9223719,
                "std": 299148.32020481495
            },
            "memory_bytes": 2077696,
            "allocations": 29828,
            "gc_time_ns": 0,
            "samples": 779
        },
        "latex/spec_md": {
            "time_ns": {
                "minimum": 2620851,
                "median": 2674872,
                "mean": 2.764429959048146e6,
                "maximum": 25443571,
                "std": 549580.1629143838
            },
            "memory_bytes": 783880,
            "allocations": 2108,
            "gc_time_ns": 12316.054233536248,
            "samples": 1807
        },
        "term/spec_md": {
            "time_ns": {
                "minimum": 12792654,
                "median": 13519964,
                "mean": 1.3533640175675675e7,
                "maximum": 15180378,
                "std": 490747.6828522804
            },
            "memory_bytes": 2891680,
            "allocations": 42184,
            "gc_time_ns": 0,
            "samples": 370
        },
        "notebook/simple": {
            "time_ns": {
                "minimum": 45275,
                "median": 49702.5,
                "mean": 51155.6498,
                "maximum": 231573,
                "std": 5373.253673433245
            },
            "memory_bytes": 26576,
            "allocations": 399,
            "gc_time_ns": 0,
            "samples": 10000
        },
        "typst/spec_md": {
            "time_ns": {
                "minimum": 2654155,
                "median": 2822844,
                "mean": 3.0531173771393644e6,
                "maximum": 97840751,
                "std": 3.345692486324831e6
            },
            "memory_bytes": 1771184,
            "allocations": 20450,
            "gc_time_ns": 136873.9272616137,
            "samples": 1636
        },
        "allocations/parse_spec": {
            "time_ns": {
                "minimum": 11996303,
                "median": 1.21220985e7,
                "mean": 1.21245129e7,