{
    "git": {
        "branch": "master",
        "commit": "cb14e7ad3873f50f9c0e15b2b81b543ae961bd65",
        "dirty": false
    },
    "julia_version": "1.12.4",
    "arch": "x86_64",
    "timestamp": "2026-01-27T16:27:14Z",
    "benchmarks": {
        "roundtrip/markdown_all_ext": {
            "time_ns": {
                "minimum": 169996,
                "median": 189400.5,
                "mean": 192123.5578,
                "maximum": 720073,
                "std": 27427.450440021275
            },
            "memory_bytes": 110720,
            "allocations": 1680,
            "gc_time_ns": 0,
            "samples": 10000
        },
        "latex/simple": {
            "time_ns": {
                "minimum": 5929.833333333333,
                "median": 6179.5,
                "mean": 6267.094216666667,
                "maximum": 40353.5,
                "std": 556.0915505027791
            },
            "memory_bytes": 1720,
            "allocations": 23,
            "gc_time_ns": 0,
            "samples": 10000
        },
        "roundtrip/parse_all_ext": {
            "time_ns": {
                "minimum": 690095,
                "median": 792474,
                "mean": 953616.6818617124,
                "maximum": 699961487,
                "std": 9.676673777282873e6
            },
            "memory_bytes": 454000,
            "allocations": 6606,
            "gc_time_ns": 133893.36334035624,
            "samples": 5221
        },
        "markdown/simple": {
            "time_ns": {
                "minimum": 6359.6,
                "median": 6701.6,
                "mean": 7080.557540000001,
                "maximum": 90175,
                "std": 3179.721475571622
            },
            "memory_bytes": 5040,
            "allocations": 76,
            "gc_time_ns": 0,
            "samples": 10000
        },
        "term/simple": {
            "time_ns": {
                "minimum": 20005,
                "median": 20593,
                "mean": 21090.717,
                "maximum": 91531,
                "std": 2499.8346440186283
            },
            "memory_bytes": 8480,
            "allocations": 130,
            "gc_time_ns": 0,
            "samples": 10000
        },
        "html/complex": {
            "time_ns": {
                "minimum": 37474,
                "median": 39133,
                "mean": 39619.5202,
                "maximum": 158860,
                "std": 2439.4877129885576
            },
            "memory_bytes": 9904,
            "allocations": 197,
            "gc_time_ns": 0,
            "samples": 10000
        },
        "typst/complex": {
            "time_ns": {
                "minimum": 15364,
                "median": 16012,
                "mean": 16289.5742,
                "maximum": 103891,
                "std": 1474.2502089747945
            },
            "memory_bytes": 8928,
            "allocations": 126,
            "gc_time_ns": 0,
            "samples": 10000
        },
        "notebook/complex": {
            "time_ns": {
                "minimum": 114314,
                "median": 122930,
                "mean": 124051.2894,
                "maximum": 313457,
                "std": 6905.833385850179
            },
            "memory_bytes": 63248,
            "allocations": 1041,
            "gc_time_ns": 0,
            "samples": 10000
        },
        "term/complex": {
            "time_ns": {
                "minimum": 63459,
                "median": 65843,
                "mean": 66782.5879,
                "maximum": 245031,
                "std": 4532.899905582407
            },
            "memory_bytes": 25984,
            "allocations": 422,
            "gc_time_ns": 0,
            "samples": 10000
        },
        "parse/simple": {
            "time_ns": {
                "minimum": 16924,
                "median": 19216,
                "mean": 20379.051,
                "maximum": 162084,
                "std": 3409.9040472072106
            },
            "memory_bytes": 15808,
            "allocations": 224,
            "gc_time_ns": 0,
            "samples": 10000
        },
        "allocations/html_spec": {
            "time_ns": {
                "minimum": 5707724,
                "median": 5.7906235e6,
                "mean": 5.8118489e6,
                "maximum": 6039162,
                "std": 108156.68490507443
            },
            "memory_bytes": 2053376,
            "allocations": 29154,
            "gc_time_ns": 0,
            "samples": 10
        },
        "html/simple": {
            "time_ns": {
                "minimum": 18079,
                "median": 18770,
                "mean": 19084.6829,
                "maximum": 111333,
                "std": 1657.664606711027
            },
            "memory_bytes": 5408,
            "allocations": 112,
            "gc_time_ns": 0,
            "samples": 10000
        },
        "markdown/complex": {
            "time_ns": {
                "minimum": 26125,
                "median": 27263,
                "mean": 27877.7982,
                "maximum": 139243,
                "std": 2425.0504085946714
            },
            "memory_bytes": 14112,
            "allocations": 238,
            "gc_time_ns": 0,
            "samples": 10000
        },
        "notebook/spec_md": {
            "time_ns": {
                "minimum": 18047371,
                "median": 19546779,
                "mean": 2.105291195378151e7,
                "maximum": 200732069,
                "std": 1.5641480388729936e7
            },
            "memory_bytes": 10839128,
            "allocations": 164413,
            "gc_time_ns": 1.430681844537815e6,
            "samples": 238
        },
        "html/spec_md": {
            "time_ns": {
                "minimum": 5702380,
                "median": 6043486,
                "mean": 6.050938253026634e6,
                "maximum": 7206658,
                "std": 208504.7006074185
            },
            "memory_bytes": 2053376,
            "allocations": 29154,
            "gc_time_ns": 0,
            "samples": 826
        },
        "latex/spec_md": {
            "time_ns": {
                "minimum": 2790332,
                "median": 2.8654005e6,
                "mean": 2.9285268329425557e6,
                "maximum": 33342245,
                "std": 742058.3715548023
            },
            "memory_bytes": 780264,
            "allocations": 1992,
            "gc_time_ns": 17713.939038686985,
            "samples": 1706
        },
        "term/spec_md": {
            "time_ns": {
                "minimum": 12066604,
                "median": 12502574,
                "mean": 1.2581097806532664e7,
                "maximum": 14468135,
                "std": 347375.6841541546
            },
            "memory_bytes": 2796992,
            "allocations": 37147,
            "gc_time_ns": 0,
            "samples": 398
        },
        "notebook/simple": {
            "time_ns": {
                "minimum": 41637,
                "median": 44528.5,
                "mean": 45994.2178,
                "maximum": 188501,
                "std": 5315.247953449004
            },
            "memory_bytes": 28528,
            "allocations": 440,
            "gc_time_ns": 0,
            "samples": 10000
        },
        "typst/spec_md": {
            "time_ns": {
                "minimum": 2705068,
                "median": 2.9312745e6,
                "mean": 3.1131731419676216e6,
                "maximum": 120321642,
                "std": 4.386101269604945e6
            },
            "memory_bytes": 1771376,
            "allocations": 20453,
            "gc_time_ns": 185299.52739726027,
            "samples": 1606
        },
        "allocations/parse_spec": {
            "time_ns": {
                "minimum": 7285309,
                "median": 8.0905995e6,
                "mean": 8.1664897e6,
                "maximum": 9258406,