{
    "git": {
        "branch": "master",
        "commit": "1d10357e005e75122496d2f98aa9a95f5fb8daa3",
        "dirty": false
    },
    "julia_version": "1.12.4",
    "arch": "x86_64",
    "timestamp": "2026-01-27T14:57:41Z",
    "benchmarks": {
        "roundtrip/markdown_all_ext": {
            "time_ns": {
                "minimum": 179826,
                "median": 207869,
                "mean": 210910.3538,
                "maximum": 579004,
                "std": 22309.430302449848
            },
            "memory_bytes": 110720,
            "allocations": 1680,
            "gc_time_ns": 0,
            "samples": 10000
        },
        "latex/simple": {
            "time_ns": {
                "minimum": 6205.6,
                "median": 6472,
                "mean": 6583.0084000000015,
                "maximum": 20362,
                "std": 573.962794963611
            },
            "memory_bytes": 1720,
            "allocations": 23,
            "gc_time_ns": 0,
            "samples": 10000
        },
        "roundtrip/parse_all_ext": {
            "time_ns": {
                "minimum": 704519,
                "median": 792839,
                "mean": 954538.1000383289,
                "maximum": 716267926,
                "std": 9.904754289182404e6
            },
            "memory_bytes": 454000,
            "allocations": 6606,
            "gc_time_ns": 136989.35741663474,
            "samples": 5218
        },
        "markdown/simple": {
            "time_ns": {
                "minimum": 6814.8,
                "median": 7848.8,
                "mean": 7949.9748,
                "maximum": 55784.4,
                "std": 1378.3504990933166
            },
            "memory_bytes": 5040,
            "allocations": 76,
            "gc_time_ns": 0,
            "samples": 10000
        },
        "term/simple": {
            "time_ns": {
                "minimum": 21601,
                "median": 22462,
                "mean": 22797.3972,
                "maximum": 199834,
                "std": 2621.620236780825
            },
            "memory_bytes": 8480,
            "allocations": 130,
            "gc_time_ns": 0,
            "samples": 10000
        },
        "html/complex": {
            "time_ns": {
                "minimum": 41848,
                "median": 43732,
                "mean": 44618.8893,
                "maximum": 177893,
                "std": 4038.068879163999
            },
            "memory_bytes": 9904,
            "allocations": 197,
            "gc_time_ns": 0,
            "samples": 10000
        },
        "typst/complex": {
            "time_ns": {
                "minimum": 15860,
                "median": 16721,
                "mean": 17047.2719,
                "maximum": 129953,
                "std": 2055.061663457924
            },
            "memory_bytes": 8928,
            "allocations": 126,
            "gc_time_ns": 0,
            "samples": 10000
        },
        "notebook/complex": {
            "time_ns": {
                "minimum": 134292,
                "median": 152886,
                "mean": 152459.4436,
                "maximum": 420117,
                "std": 14673.005129146892
            },
            "memory_bytes": 63248,
            "allocations": 1041,
            "gc_time_ns": 0,
            "samples": 10000
        },
        "term/complex": {
            "time_ns": {
                "minimum": 66946,
                "median": 70612,
                "mean": 72465.5766,
                "maximum": 322835,
                "std": 7145.433055937766
            },
            "memory_bytes": 25984,
            "allocations": 422,
            "gc_time_ns": 0,
            "samples": 10000
        },
        "parse/simple": {
            "time_ns": {
                "minimum": 18114,
                "median": 21009,
                "mean": 22209.4764,
                "maximum": 139811,
                "std": 3571.5945271810597
            },
            "memory_bytes": 15808,
            "allocations": 224,
            "gc_time_ns": 0,
            "samples": 10000
        },
        "allocations/html_spec": {
            "time_ns": {
                "minimum": 6156247,
                "median": 6.2553465e6,
                "mean": 6.2849299e6,
                "maximum": 6597260,
                "std": 129218.69464030521
            },
            "memory_bytes": 2053376,
            "allocations": 29154,
            "gc_time_ns": 0,
            "samples": 10
        },
        "html/simple": {
            "time_ns": {
                "minimum": 19978,
                "median": 21020,
                "mean": 21405.3959,
                "maximum": 123842,
                "std": 2305.728291724486
            },
            "memory_bytes": 5408,
            "allocations": 112,
            "gc_time_ns": 0,
            "samples": 10000
        },
        "markdown/complex": {
            "time_ns": {
                "minimum": 27862,
                "median": 29585,
                "mean": 30058.0645,
                "maximum": 151854,
                "std": 2708.1913325260284
            },
            "memory_bytes": 14112,
            "allocations": 238,
            "gc_time_ns": 0,
            "samples": 10000
        },
        "notebook/spec_md": {
            "time_ns": {
                "minimum": 20548526,
                "median": 22841839,
                "mean": 2.3739907009478673e7,
                "maximum": 196245705,
                "std": 1.1994648549605682e7
            },
            "memory_bytes": 10839128,
            "allocations": 164413,
            "gc_time_ns": 819798.6161137441,
            "samples": 211
        },
        "html/spec_md": {
            "time_ns": {
                "minimum": 5971157,
                "median": 6.6696755e6,
                "mean": 6.667593237333333e6,
                "maximum": 11666047,
                "std": 410155.6938926653
            },
            "memory_bytes": 2053376,
            "allocations": 29154,
            "gc_time_ns": 0,
            "samples": 750
        },
        "latex/spec_md": {
            "time_ns": {
                "minimum": 2617159,
                "median": 2857299,
                "mean": 2.803506335016835e6,
                "maximum": 25241033,
                "std": 544058.281078648
            },
            "memory_bytes": 780264,
            "allocations": 1992,
            "gc_time_ns": 12474.773288439956,
            "samples": 1782
        },
        "term/spec_md": {
            "time_ns": {
                "minimum": 12761662,
                "median": 13511510,
                "mean": 1.3540472381081082e7,
                "maximum": 20003359,
                "std": 581029.1663326621
            },
            "memory_bytes": 2796992,
            "allocations": 37147,
            "gc_time_ns": 0,
            "samples": 370
        },
        "notebook/simple": {
            "time_ns": {
                "minimum": 49883,
                "median": 53721,
                "mean": 55451.1048,
                "maximum": 255989,
                "std": 6017.73380524862
            },
            "memory_bytes": 28528,
            "allocations": 440,
            "gc_time_ns": 0,
            "samples": 10000
        },
        "typst/spec_md": {
            "time_ns": {
                "minimum": 2628481,
                "median": 2943861,
                "mean": 3.0785536950092423e6,
                "maximum": 109539222,
                "std": 3.6729743605948477e6
            },
            "memory_bytes": 1771376,
            "allocations": 20453,
            "gc_time_ns": 127972.09919901418,
            "samples": 1623
        },
        "allocations/parse_spec": {
            "time_ns": {
                "minimum": 7583312,
                "median": 8308056,
                "mean": 8398392,
                "maximum": 9406989,