{
  "arch": "x86_64",
  "benchmarks": {
    "allocations/html_spec": {
      "time_ns": {
        "minimum": 6.268459e6,
        "median": 6.306501e6,
        "mean": 6.4335799e6,
        "maximum": 7.220445e6,
        "std": 300503.77923023794
      },
      "memory_bytes": 2321952,
      "allocations": 38746,
      "gc_time_ns": 0.0,
      "samples": 10
    },
    "allocations/parse_spec": {
      "time_ns": {
        "minimum": 7.385657e6,
        "median": 7.8906295e6,
        "mean": 8.1608772e6,
        "maximum": 9.158733e6,
        "std": 758448.1154654329
      },
      "memory_bytes": 5960640,
      "allocations": 88702,
      "gc_time_ns": 0.0,
      "samples": 10
    },
    "html/complex": {
      "time_ns": {
        "minimum": 47989.0,
        "median": 49994.0,
        "mean": 51152.6482,
        "maximum": 217515.0,
        "std": 4669.546576206249
      },
      "memory_bytes": 12320,
      "allocations": 279,
      "gc_time_ns": 0.0,
      "samples": 10000
    },
    "html/simple": {
      "time_ns": {
        "minimum": 21320.0,
        "median": 22462.0,
        "mean": 22941.5705,
        "maximum": 147937.0,
        "std": 2624.7699600467977
      },
      "memory_bytes": 6640,
      "allocations": 156,
      "gc_time_ns": 0.0,
      "samples": 10000
    },
    "html/spec_md": {
      "time_ns": {
        "minimum": 6.18551e6,
        "median": 6.549252e6,
        "mean": 6.732564339165545e6,
        "maximum": 1.0135968e7,
        "std": 423263.1309922874
      },
      "memory_bytes": 2321952,
      "allocations": 38746,
      "gc_time_ns": 0.0,
      "samples": 743
    },
    "latex/complex": {
      "time_ns": {
        "minimum": 14617.0,
        "median": 15283.5,
        "mean": 15626.337,
        "maximum": 105007.0,
        "std": 2184.4683000690125
      },
      "memory_bytes": 4184,
      "allocations": 49,
      "gc_time_ns": 0.0,
      "samples": 10000
    },
    "latex/simple": {
      "time_ns": {
        "minimum": 6510.2,
        "median": 6762.8,
        "mean": 6879.5160799999985,
        "maximum": 45797.8,
        "std": 702.7230336424407
      },
      "memory_bytes": 1880,
      "allocations": 26,
      "gc_time_ns": 0.0,
      "samples": 10000
    },
    "latex/spec_md": {
      "time_ns": {
        "minimum": 2.646222e6,
        "median": 2.7833445e6,
        "mean": 2.844694709897611e6,
        "maximum": 3.221222e7,
        "std": 715715.1113031203
      },
      "memory_bytes": 802184,
      "allocations": 2379,
      "gc_time_ns": 16130.981228668941,
      "samples": 1758
    },
    "markdown/complex": {
      "time_ns": {
        "minimum": 27261.0,
        "median": 28944.0,
        "mean": 29588.1565,
        "maximum": 144962.0,
        "std": 3326.391126310956
      },
      "memory_bytes": 14112,
      "allocations": 238,
      "gc_time_ns": 0.0,
      "samples": 10000
    },
    "markdown/simple": {
      "time_ns": {
        "minimum": 6754.6,
        "median": 7253.6,
        "mean": 7484.366440000001,
        "maximum": 42044.8,
        "std": 1498.4576528762743
      },
      "memory_bytes": 5040,
      "allocations": 76,
      "gc_time_ns": 0.0,
      "samples": 10000
    },
    "markdown/spec_md": {
      "time_ns": {
        "minimum": 1.531832e6,
        "median": 1.7141445e6,
        "mean": 1.9905413742038216e6,
        "maximum": 2.7027346e8,
        "std": 6.510509374208554e6
      },
      "memory_bytes": 1768384,
      "allocations": 20307,
      "gc_time_ns": 180218.90684713377,
      "samples": 2512
    },
    "notebook/complex": {
      "time_ns": {
        "minimum": 134161.0,
        "median": 156664.0,
        "mean": 156058.4072,
        "maximum": 464832.0,
        "std": 16644.287325483343
      },
      "memory_bytes": 63248,
      "allocations": 1041,
      "gc_time_ns": 0.0,
      "samples": 10000
    },
    "notebook/simple": {
      "time_ns": {
        "minimum": 49983.0,
        "median": 54001.0,
        "mean": 56022.0852,
        "maximum": 282520.0,
        "std": 6826.106934463379
      },
      "memory_bytes": 28528,
      "allocations": 440,
      "gc_time_ns": 0.0,
      "samples": 10000
    },
    "notebook/spec_md": {
      "time_ns": {
        "minimum": 2.0110186e7,
        "median": 2.3053816e7,
        "mean": 2.4171490811594203e7,
        "maximum": 2.50451049e8,
        "std": 1.5866990643900482e7
      },
      "memory_bytes": 10839128,
      "allocations": 164413,
      "gc_time_ns": 1.0929744589371982e6,
      "samples": 207
    },
    "parse/complex": {
      "time_ns": {
        "minimum": 47379.0,
        "median": 60333.0,
        "mean": 60467.6533,
        "maximum": 242946.0,
        "std": 7748.05324292526
      },
      "memory_bytes": 36736,
      "allocations": 535,
      "gc_time_ns": 0.0,
      "samples": 10000
    },
    "parse/simple": {
      "time_ns": {
        "minimum": 18685.0,
        "median": 21250.0,
        "mean": 22617.3085,
        "maximum": 156844.0,
        "std": 3938.9560020094573
      },
      "memory_bytes": 15808,
      "allocations": 224,
      "gc_time_ns": 0.0,
      "samples": 10000
    },
    "parse/spec_cases_all": {
      "time_ns": {
        "minimum": 2.936887e6,
        "median": 3.789706e6,
        "mean": 4.202209261344538e6,
        "maximum": 5.30472128e8,
        "std": 1.527128478608894e7
      },
      "memory_bytes": 2530976,
      "allocations": 35622,
      "gc_time_ns": 442400.4268907563,
      "samples": 1190
    },
    "parse/spec_md": {
      "time_ns": {
        "minimum": 6.972401e6,
        "median": 8.144822e6,
        "mean": 8.946678930232558e6,
        "maximum": 4.9113441e8,
        "std": 2.0442821286721993e7
      },
      "memory_bytes": 5960640,
      "allocations": 88702,
      "gc_time_ns": 865097.0626118068,
      "samples": 559
    },
    "roundtrip/full": {
      "time_ns": {
        "minimum": 1.042455e6,
        "median": 1.210511e6,
        "mean": 1.344748468119451e6,
        "maximum": 4.7649114e8,
        "std": 7.795938836589435e6
      },
      "memory_bytes": 576224,
      "allocations": 8452,
      "gc_time_ns": 127696.21764864138,
      "samples": 3717
    },
    "roundtrip/markdown_all_ext": {
      "time_ns": {
        "minimum": 182533.0,
        "median": 211551.5,
        "mean": 213400.7763,
        "maximum": 488627.0,
        "std": 21531.79708705797
      },
      "memory_bytes": 110912,
      "allocations": 1683,
      "gc_time_ns": 0.0,
      "samples": 10000
    },
    "roundtrip/parse_all_ext": {
      "time_ns": {
        "minimum": 741530.0,
        "median": 842960.5,
        "mean": 1.0097093066666666e6,
        "maximum": 7.72739089e8,
        "std": 1.0971399948925633e7
      },
      "memory_bytes": 465312,
      "allocations": 6769,
      "gc_time_ns": 155802.63555555555,
      "samples": 4950
    },
    "term/complex": {
      "time_ns": {
        "minimum": 68979.0,
        "median": 74108.5,
        "mean": 75903.6942,
        "maximum": 193002.0,
        "std": 6911.045519825786
      },
      "memory_bytes": 26368,
      "allocations": 434,
      "gc_time_ns": 0.0,
      "samples": 10000
    },
    "term/simple": {
      "time_ns": {
        "minimum": 21681.0,
        "median": 22482.0,
        "mean": 22900.7653,
        "maximum": 103674.0,
        "std": 2361.7305733182193
      },
      "memory_bytes": 8480,
      "allocations": 130,
      "gc_time_ns": 0.0,
      "samples": 10000
    },
    "term/spec_md": {
      "time_ns": {
        "minimum": 1.2898567e7,
        "median": 1.3335845e7,
        "mean": 1.3525190075675676e7,
        "maximum": 1.5062055e7,
        "std": 428512.67448591
      },
      "memory_bytes": 2795152,
      "allocations": 37098,
      "gc_time_ns": 0.0,
      "samples": 370
    },
    "typst/complex": {
      "time_ns": {
        "minimum": 16902.0,
        "median": 18024.0,
        "mean": 18970.5101,
        "maximum": 215103.0,
        "std": 4429.043727525393
      },