{
    "git": {
        "branch": "master",
        "commit": "5743c0bb23410f7cff63ff8079c4fe69186f8a8a",
        "dirty": false
    },
    "julia_version": "1.12.5",
    "arch": "x86_64",
    "timestamp": "2026-02-11T13:59:38Z",
    "benchmarks": {
        "roundtrip/markdown_all_ext": {
            "time_ns": {
                "minimum": 172541,
                "median": 191931.5,
                "mean": 195330.0314,
                "maximum": 664070,
                "std": 35206.59449626471
            },
            "memory_bytes": 110912,
            "allocations": 1683,
            "gc_time_ns": 0,
            "samples": 10000
        },
        "latex/simple": {
            "time_ns": {
                "minimum": 6067.2,
                "median": 6235.2,
                "mean": 6311.8229599999995,
                "maximum": 19077.8,
                "std": 354.18234840605857
            },
            "memory_bytes": 1720,
            "allocations": 23,
            "gc_time_ns": 0,
            "samples": 10000
        },
        "roundtrip/parse_all_ext": {
            "time_ns": {
                "minimum": 697054,
                "median": 806721,
                "mean": 987354.8847450903,
                "maximum": 732501704,
                "std": 1.0305977014830284e7
            },
            "memory_bytes": 465312,
            "allocations": 6769,
            "gc_time_ns": 145045.47014481254,
            "samples": 5041
        },
        "markdown/simple": {
            "time_ns": {
                "minimum": 6344,
                "median": 7014.2,
                "mean": 7199.68062,
                "maximum": 106773,
                "std": 2086.539211135122
            },
            "memory_bytes": 5040,
            "allocations": 76,
            "gc_time_ns": 0,
            "samples": 10000
        },
        "term/simple": {
            "time_ns": {
                "minimum": 19986,
                "median": 20681.5,
                "mean": 21072.6782,
                "maximum": 108150,
                "std": 1733.0331942724022
            },
            "memory_bytes": 8480,
            "allocations": 130,
            "gc_time_ns": 0,
            "samples": 10000
        },
        "html/complex": {
            "time_ns": {
                "minimum": 41821,
                "median": 43212,
                "mean": 43910.633,
                "maximum": 168430,
                "std": 2890.362549694738
            },
            "memory_bytes": 10192,
            "allocations": 203,
            "gc_time_ns": 0,
            "samples": 10000
        },
        "typst/complex": {
            "time_ns": {
                "minimum": 15995,
                "median": 16820.5,
                "mean": 17479.8269,
                "maximum": 119542,
                "std": 2990.0721679072094
            },
            "memory_bytes": 9936,
            "allocations": 144,
            "gc_time_ns": 0,
            "samples": 10000
        },
        "notebook/complex": {
            "time_ns": {
                "minimum": 115087,
                "median": 124461,
                "mean": 126337.681,
                "maximum": 335694,
                "std": 10206.739115485227
            },
            "memory_bytes": 63248,
            "allocations": 1041,
            "gc_time_ns": 0,
            "samples": 10000
        },
        "term/complex": {
            "time_ns": {
                "minimum": 63639,
                "median": 67067,
                "mean": 68176.6206,
                "maximum": 222518,
                "std": 4766.393489940348
            },
            "memory_bytes": 26368,
            "allocations": 434,
            "gc_time_ns": 0,
            "samples": 10000
        },
        "parse/simple": {
            "time_ns": {
                "minimum": 16858,
                "median": 18679.5,
                "mean": 19892.2745,
                "maximum": 112853,
                "std": 3164.587848073516
            },
            "memory_bytes": 15808,
            "allocations": 224,
            "gc_time_ns": 0,
            "samples": 10000
        },
        "allocations/html_spec": {
            "time_ns": {
                "minimum": 5777291,
                "median": 5881910,
                "mean": 5.9200043e6,
                "maximum": 6286587,
                "std": 155053.07180234915
            },
            "memory_bytes": 2053376,
            "allocations": 29154,
            "gc_time_ns": 0,
            "samples": 10
        },
        "html/simple": {
            "time_ns": {
                "minimum": 18486,
                "median": 19151.5,
                "mean": 19478.4186,
                "maximum": 122077,
                "std": 1787.7158101767282
            },
            "memory_bytes": 5408,
            "allocations": 112,
            "gc_time_ns": 0,
            "samples": 10000
        },
        "markdown/complex": {
            "time_ns": {
                "minimum": 26032,
                "median": 27152,
                "mean": 27775.2179,
                "maximum": 134340,
                "std": 2351.0072374458236
            },
            "memory_bytes": 14112,
            "allocations": 238,
            "gc_time_ns": 0,
            "samples": 10000
        },
        "notebook/spec_md": {
            "time_ns": {
                "minimum": 18311522,
                "median": 19842489,
                "mean": 2.144813787553648e7,
                "maximum": 202536985,
                "std": 1.5857469749804674e7
            },
            "memory_bytes": 10839128,
            "allocations": 164413,
            "gc_time_ns": 1.459420347639485e6,
            "samples": 233
        },
        "html/spec_md": {
            "time_ns": {
                "minimum": 5723737,
                "median": 6139598,
                "mean": 6.131239867484663e6,
                "maximum": 8286004,
                "std": 267716.2031408575
            },
            "memory_bytes": 2053376,
            "allocations": 29154,
            "gc_time_ns": 0,
            "samples": 815
        },
        "latex/spec_md": {
            "time_ns": {
                "minimum": 2802041,
                "median": 3009116,
                "mean": 2.988966132256134e6,
                "maximum": 36469282,
                "std": 825808.2823170827
            },
            "memory_bytes": 780264,
            "allocations": 1992,
            "gc_time_ns": 19937.619988031118,
            "samples": 1671
        },
        "term/spec_md": {
            "time_ns": {
                "minimum": 12097317,
                "median": 1.24356285e7,
                "mean": 1.2574598690954775e7,
                "maximum": 13936335,
                "std": 314554.6485712392
            },
            "memory_bytes": 2795152,
            "allocations": 37098,
            "gc_time_ns": 0,
            "samples": 398
        },
        "notebook/simple": {
            "time_ns": {
                "minimum": 42000,
                "median": 44940,
                "mean": 46422.018,
                "maximum": 204013,
                "std": 4508.872985440585
            },
            "memory_bytes": 28528,
            "allocations": 440,
            "gc_time_ns": 0,
            "samples": 10000
        },
        "typst/spec_md": {
            "time_ns": {
                "minimum": 2722285,
                "median": 2979745,
                "mean": 3.118587111805122e6,
                "maximum": 120482771,
                "std": 4.013909824582845e6
            },
            "memory_bytes": 1771376,
            "allocations": 20453,
            "gc_time_ns": 141315.21174266085,
            "samples": 1601
        },
        "allocations/parse_spec": {
            "time_ns": {
                "minimum": 7359155,
                "median": 8192217,
                "mean": 8.2177227e6,
                "maximum": 9402393,