{
    "git": {
        "branch": "master",
        "commit": "996e4e2da941bcfaabbe2a283ff86e4c945e932c",
        "dirty": false
    },
    "julia_version": "1.12.4",
    "arch": "x86_64",
    "timestamp": "2026-01-08T13:27:36Z",
    "benchmarks": {
        "roundtrip/markdown_all_ext": {
            "time_ns": {
                "minimum": 185297,
                "median": 212127.5,
                "mean": 214754.0594,
                "maximum": 466734,
                "std": 22223.188346731462
            },
            "memory_bytes": 110720,
            "allocations": 1680,
            "gc_time_ns": 0,
            "samples": 10000
        },
        "latex/simple": {
            "time_ns": {
                "minimum": 6127.4,
                "median": 6307.8,
                "mean": 6393.791699999999,
                "maximum": 18222,
                "std": 442.95068272872425
            },
            "memory_bytes": 1720,
            "allocations": 23,
            "gc_time_ns": 0,
            "samples": 10000
        },
        "roundtrip/parse_all_ext": {
            "time_ns": {
                "minimum": 723754,
                "median": 810136,
                "mean": 992718.8634642216,
                "maximum": 792614583,
                "std": 1.1178791253361316e7
            },
            "memory_bytes": 454000,
            "allocations": 6606,
            "gc_time_ns": 157750.73071556707,
            "samples": 5017
        },
        "markdown/simple": {
            "time_ns": {
                "minimum": 6680.4,
                "median": 7095.2,
                "mean": 7315.537360000002,
                "maximum": 52404,
                "std": 1789.8597417836281
            },
            "memory_bytes": 5040,
            "allocations": 76,
            "gc_time_ns": 0,
            "samples": 10000
        },
        "term/simple": {
            "time_ns": {
                "minimum": 21109,
                "median": 21681,
                "mean": 22047.3351,
                "maximum": 93575,
                "std": 2152.244406289962
            },
            "memory_bytes": 8480,
            "allocations": 130,
            "gc_time_ns": 0,
            "samples": 10000
        },
        "html/complex": {
            "time_ns": {
                "minimum": 41337,
                "median": 43191,
                "mean": 43939.5838,
                "maximum": 179867,
                "std": 3355.4103459989155
            },
            "memory_bytes": 9904,
            "allocations": 197,
            "gc_time_ns": 0,
            "samples": 10000
        },
        "typst/complex": {
            "time_ns": {
                "minimum": 15959,
                "median": 16622,
                "mean": 16961.0601,
                "maximum": 197469,
                "std": 2647.6605798596247
            },
            "memory_bytes": 8928,
            "allocations": 126,
            "gc_time_ns": 0,
            "samples": 10000
        },
        "notebook/complex": {
            "time_ns": {
                "minimum": 137306,
                "median": 150641,
                "mean": 152822.9221,
                "maximum": 381914,
                "std": 11752.364038612879
            },
            "memory_bytes": 63248,
            "allocations": 1041,
            "gc_time_ns": 0,
            "samples": 10000
        },
        "term/complex": {
            "time_ns": {
                "minimum": 65764,
                "median": 68989.5,
                "mean": 71141.1133,
                "maximum": 521166,
                "std": 10108.50433886537
            },
            "memory_bytes": 25984,
            "allocations": 422,
            "gc_time_ns": 0,
            "samples": 10000
        },
        "parse/simple": {
            "time_ns": {
                "minimum": 18684,
                "median": 21310,
                "mean": 24435.706,
                "maximum": 385882,
                "std": 13209.718927031607
            },
            "memory_bytes": 15808,
            "allocations": 224,
            "gc_time_ns": 0,
            "samples": 10000
        },
        "allocations/html_spec": {
            "time_ns": {
                "minimum": 5925938,
                "median": 6.1100925e6,
                "mean": 6.1304464e6,
                "maximum": 6587125,
                "std": 182566.45247215236
            },
            "memory_bytes": 2053376,
            "allocations": 29154,
            "gc_time_ns": 0,
            "samples": 10
        },
        "html/simple": {
            "time_ns": {
                "minimum": 19937,
                "median": 20989,
                "mean": 21407.2672,
                "maximum": 127839,
                "std": 2465.5668534832025
            },
            "memory_bytes": 5408,
            "allocations": 112,
            "gc_time_ns": 0,
            "samples": 10000
        },
        "markdown/complex": {
            "time_ns": {
                "minimum": 27671,
                "median": 29475,
                "mean": 30028.0137,
                "maximum": 160200,
                "std": 2973.4131800182467
            },
            "memory_bytes": 14112,
            "allocations": 238,
            "gc_time_ns": 0,
            "samples": 10000
        },
        "notebook/spec_md": {
            "time_ns": {
                "minimum": 19858625,
                "median": 2.28131095e7,
                "mean": 2.3660642952830188e7,
                "maximum": 193494811,
                "std": 1.1802455681892442e7
            },
            "memory_bytes": 10839128,
            "allocations": 164413,
            "gc_time_ns": 805661.4103773584,
            "samples": 212
        },
        "html/spec_md": {
            "time_ns": {
                "minimum": 5922750,
                "median": 6366324,
                "mean": 6.424841548843187e6,
                "maximum": 7054036,
                "std": 252775.24938586407
            },
            "memory_bytes": 2053376,
            "allocations": 29154,
            "gc_time_ns": 0,
            "samples": 778
        },
        "latex/spec_md": {
            "time_ns": {
                "minimum": 2614670,
                "median": 2678149,
                "mean": 2.7531969212121214e6,
                "maximum": 23006308,
                "std": 491059.5954275538
            },
            "memory_bytes": 780264,
            "allocations": 1992,
            "gc_time_ns": 10970.523415977961,
            "samples": 1815
        },
        "term/spec_md": {
            "time_ns": {
                "minimum": 12377124,
                "median": 12996634,
                "mean": 1.3118637774278216e7,
                "maximum": 14431721,
                "std": 505114.29368029017
            },
            "memory_bytes": 2796992,
            "allocations": 37147,
            "gc_time_ns": 0,
            "samples": 381
        },
        "notebook/simple": {
            "time_ns": {
                "minimum": 50784,
                "median": 55805,
                "mean": 57425.0459,
                "maximum": 220863,
                "std": 5976.563386092713
            },
            "memory_bytes": 28528,
            "allocations": 440,
            "gc_time_ns": 0,
            "samples": 10000
        },
        "typst/spec_md": {
            "time_ns": {
                "minimum": 2609390,
                "median": 2909246,
                "mean": 3.0996026409313725e6,
                "maximum": 104321343,
                "std": 3.82497553722287e6
            },
            "memory_bytes": 1771376,
            "allocations": 20453,
            "gc_time_ns": 158940.83333333334,
            "samples": 1632
        },
        "allocations/parse_spec": {
            "time_ns": {
                "minimum": 7352456,
                "median": 7.7966475e6,
                "mean": 7.9835599e6,
                "maximum": 8944115,