{
    "git": {
        "branch": "master",
        "commit": "817324cef24fe40f0ca75dca942e50c9f18b75e3",
        "dirty": false
    },
    "julia_version": "1.12.3",
    "arch": "x86_64",
    "timestamp": "2026-01-07T08:52:00Z",
    "benchmarks": {
        "roundtrip/markdown_all_ext": {
            "time_ns": {
                "minimum": 150703,
                "median": 171602,
                "mean": 173402.6748,
                "maximum": 431169,
                "std": 17596.96138385373
            },
            "memory_bytes": 105920,
            "allocations": 1605,
            "gc_time_ns": 0,
            "samples": 10000
        },
        "latex/simple": {
            "time_ns": {
                "minimum": 4882,
                "median": 5116.714285714285,
                "mean": 5184.608785714286,
                "maximum": 11637.57142857143,
                "std": 321.0276424228481
            },
            "memory_bytes": 1560,
            "allocations": 21,
            "gc_time_ns": 0,
            "samples": 10000
        },
        "roundtrip/parse_all_ext": {
            "time_ns": {
                "minimum": 819389,
                "median": 881486,
                "mean": 1.0692703395578451e6,
                "maximum": 688295024,
                "std": 1.0070738002113786e7
            },
            "memory_bytes": 454256,
            "allocations": 6614,
            "gc_time_ns": 147514.62116333976,
            "samples": 4659
        },
        "markdown/simple": {
            "time_ns": {
                "minimum": 5553.666666666667,
                "median": 6595.666666666667,
                "mean": 6502.9895166666665,
                "maximum": 42892.166666666664,
                "std": 1164.1477349994864
            },
            "memory_bytes": 4848,
            "allocations": 73,
            "gc_time_ns": 0,
            "samples": 10000
        },
        "term/simple": {
            "time_ns": {
                "minimum": 20287,
                "median": 20929,
                "mean": 21221.7545,
                "maximum": 77865,
                "std": 1748.0038531355726
            },
            "memory_bytes": 8720,
            "allocations": 141,
            "gc_time_ns": 0,
            "samples": 10000
        },
        "html/complex": {
            "time_ns": {
                "minimum": 41377,
                "median": 42961,
                "mean": 43674.7375,
                "maximum": 156514,
                "std": 3234.0551116269266
            },
            "memory_bytes": 11344,
            "allocations": 239,
            "gc_time_ns": 0,
            "samples": 10000
        },
        "typst/complex": {
            "time_ns": {
                "minimum": 14478,
                "median": 15168,
                "mean": 15417.8703,
                "maximum": 97011,
                "std": 1657.2623137317644
            },
            "memory_bytes": 8736,
            "allocations": 123,
            "gc_time_ns": 0,
            "samples": 10000
        },
        "notebook/complex": {
            "time_ns": {
                "minimum": 122068,
                "median": 133720.5,
                "mean": 135171.2198,
                "maximum": 309610,
                "std": 8346.134150144795
            },
            "memory_bytes": 61904,
            "allocations": 1020,
            "gc_time_ns": 0,
            "samples": 10000
        },
        "term/complex": {
            "time_ns": {
                "minimum": 56265,
                "median": 58925.5,
                "mean": 60564.5841,
                "maximum": 288300,
                "std": 5050.462346767749
            },
            "memory_bytes": 24960,
            "allocations": 412,
            "gc_time_ns": 0,
            "samples": 10000
        },
        "parse/simple": {
            "time_ns": {
                "minimum": 22442,
                "median": 25392.5,
                "mean": 26259.011,
                "maximum": 127078,
                "std": 3163.6790558455577
            },
            "memory_bytes": 15872,
            "allocations": 226,
            "gc_time_ns": 0,
            "samples": 10000
        },
        "allocations/html_spec": {
            "time_ns": {
                "minimum": 6193946,
                "median": 6.2181065e6,
                "mean": 6.2853886e6,
                "maximum": 6787871,
                "std": 181653.07872682295
            },
            "memory_bytes": 2077696,
            "allocations": 29828,
            "gc_time_ns": 0,
            "samples": 10
        },
        "html/simple": {
            "time_ns": {
                "minimum": 19106,
                "median": 20038,
                "mean": 20375.61,
                "maximum": 114505,
                "std": 2101.1562044835127
            },
            "memory_bytes": 5760,
            "allocations": 124,
            "gc_time_ns": 0,
            "samples": 10000
        },
        "markdown/complex": {
            "time_ns": {
                "minimum": 17874,
                "median": 19186,
                "mean": 19519.3523,
                "maximum": 115026,
                "std": 2029.7849345368481
            },
            "memory_bytes": 12768,
            "allocations": 217,
            "gc_time_ns": 0,
            "samples": 10000
        },
        "notebook/spec_md": {
            "time_ns": {
                "minimum": 18679863,
                "median": 20978025,
                "mean": 2.2567822036036037e7,
                "maximum": 187228370,
                "std": 1.4531958557888977e7
            },
            "memory_bytes": 10838936,
            "allocations": 164410,
            "gc_time_ns": 1.3634002027027027e6,
            "samples": 222
        },
        "html/spec_md": {
            "time_ns": {
                "minimum": 6170473,
                "median": 6551429,
                "mean": 6.606009673712021e6,
                "maximum": 8303522,
                "std": 281760.51678407984
            },
            "memory_bytes": 2077696,
            "allocations": 29828,
            "gc_time_ns": 0,
            "samples": 757
        },
        "latex/spec_md": {
            "time_ns": {
                "minimum": 2650438,
                "median": 2716131,
                "mean": 2.786928414947016e6,
                "maximum": 24700376,
                "std": 530818.7983669479
            },
            "memory_bytes": 783880,
            "allocations": 2108,
            "gc_time_ns": 12122.994422755159,
            "samples": 1793
        },
        "term/spec_md": {
            "time_ns": {
                "minimum": 12752628,
                "median": 13332755,
                "mean": 1.3430352230563004e7,
                "maximum": 14258107,
                "std": 471981.4542600602
            },
            "memory_bytes": 2891680,
            "allocations": 42184,
            "gc_time_ns": 0,
            "samples": 373
        },
        "notebook/simple": {
            "time_ns": {
                "minimum": 46577,
                "median": 51546,
                "mean": 52845.7619,
                "maximum": 225873,
                "std": 4927.207969270796
            },
            "memory_bytes": 28144,
            "allocations": 434,
            "gc_time_ns": 0,
            "samples": 10000
        },
        "typst/spec_md": {
            "time_ns": {
                "minimum": 2656472,
                "median": 2880652,
                "mean": 3.059512246785058e6,
                "maximum": 98978003,
                "std": 3.421236225748329e6
            },
            "memory_bytes": 1771184,
            "allocations": 20450,
            "gc_time_ns": 140273.84629516228,
            "samples": 1633
        },
        "allocations/parse_spec": {
            "time_ns": {
                "minimum": 10312342,
                "median": 1.04202535e7,
                "mean": 1.05008703e7,