{
  "arch": "x86_64",
  "benchmarks": {
    "allocations/html_spec": {
      "time_ns": {
        "minimum": 6.313594e6,
        "median": 6.4727315e6,
        "mean": 6.5689196e6,
        "maximum": 7.229793e6,
        "std": 287814.89474513923
      },
      "memory_bytes": 2321952,
      "allocations": 38746,
      "gc_time_ns": 0.0,
      "samples": 10
    },
    "allocations/parse_spec": {
      "time_ns": {
        "minimum": 7.35205e6,
        "median": 7.9838735e6,
        "mean": 8.3876929e6,
        "maximum": 1.2183892e7,
        "std": 1.4572513728153082e6
      },
      "memory_bytes": 5960640,
      "allocations": 88702,
      "gc_time_ns": 0.0,
      "samples": 10
    },
    "html/complex": {
      "time_ns": {
        "minimum": 48270.0,
        "median": 50584.0,
        "mean": 52191.0085,
        "maximum": 226322.0,
        "std": 6367.176323148336
      },
      "memory_bytes": 12320,
      "allocations": 279,
      "gc_time_ns": 0.0,
      "samples": 10000
    },
    "html/simple": {
      "time_ns": {
        "minimum": 21340.0,
        "median": 22512.0,
        "mean": 23076.7941,
        "maximum": 147475.0,
        "std": 3087.0698624000597
      },
      "memory_bytes": 6640,
      "allocations": 156,
      "gc_time_ns": 0.0,
      "samples": 10000
    },
    "html/spec_md": {
      "time_ns": {
        "minimum": 6.329734e6,
        "median": 6.970424e6,
        "mean": 7.027883139044944e6,
        "maximum": 9.437638e6,
        "std": 347615.5478317132
      },
      "memory_bytes": 2321952,
      "allocations": 38746,
      "gc_time_ns": 0.0,
      "samples": 712
    },
    "latex/complex": {
      "time_ns": {
        "minimum": 14407.0,
        "median": 14898.0,
        "mean": 15366.3232,
        "maximum": 95779.0,
        "std": 2495.984270401071
      },
      "memory_bytes": 4184,
      "allocations": 49,
      "gc_time_ns": 0.0,
      "samples": 10000
    },
    "latex/simple": {
      "time_ns": {
        "minimum": 6484.0,
        "median": 6716.6,
        "mean": 6831.36044,
        "maximum": 18967.4,
        "std": 566.2854509840475
      },
      "memory_bytes": 1880,
      "allocations": 26,
      "gc_time_ns": 0.0,
      "samples": 10000
    },
    "latex/spec_md": {
      "time_ns": {
        "minimum": 2.640424e6,
        "median": 2.7606785e6,
        "mean": 2.850385179019384e6,
        "maximum": 2.8844241e7,
        "std": 657639.8715405621
      },
      "memory_bytes": 802184,
      "allocations": 2379,
      "gc_time_ns": 14531.06157354618,
      "samples": 1754
    },
    "markdown/complex": {
      "time_ns": {
        "minimum": 27592.0,
        "median": 29475.0,
        "mean": 30151.2357,
        "maximum": 169817.0,
        "std": 3585.5412126378164
      },
      "memory_bytes": 14112,
      "allocations": 238,
      "gc_time_ns": 0.0,
      "samples": 10000
    },
    "markdown/simple": {
      "time_ns": {
        "minimum": 6770.8,
        "median": 7241.4,
        "mean": 7550.31674,
        "maximum": 54469.6,
        "std": 1366.5187511035053
      },
      "memory_bytes": 5040,
      "allocations": 76,
      "gc_time_ns": 0.0,
      "samples": 10000
    },
    "markdown/spec_md": {
      "time_ns": {
        "minimum": 1.551634e6,
        "median": 1.724656e6,
        "mean": 2.014039630942788e6,
        "maximum": 2.66320677e8,
        "std": 6.384665557829314e6
      },
      "memory_bytes": 1768384,
      "allocations": 20307,
      "gc_time_ns": 177119.1067687349,
      "samples": 2482
    },
    "notebook/complex": {
      "time_ns": {
        "minimum": 139600.0,
        "median": 159748.5,
        "mean": 161254.1897,
        "maximum": 412319.0,
        "std": 16929.368298687732
      },
      "memory_bytes": 63248,
      "allocations": 1041,
      "gc_time_ns": 0.0,
      "samples": 10000
    },
    "notebook/simple": {
      "time_ns": {
        "minimum": 51796.0,
        "median": 56034.0,
        "mean": 58264.7769,
        "maximum": 320217.0,
        "std": 7696.171832191213
      },
      "memory_bytes": 28528,
      "allocations": 440,
      "gc_time_ns": 0.0,
      "samples": 10000
    },
    "notebook/spec_md": {
      "time_ns": {
        "minimum": 2.1425355e7,
        "median": 2.3680592e7,
        "mean": 2.4857897094059408e7,
        "maximum": 2.45340477e8,
        "std": 1.5636514433875566e7
      },
      "memory_bytes": 10839128,
      "allocations": 164413,
      "gc_time_ns": 1.0966277326732674e6,
      "samples": 202
    },
    "parse/complex": {
      "time_ns": {
        "minimum": 47519.0,
        "median": 61465.0,
        "mean": 61754.1344,
        "maximum": 323534.0,
        "std": 11021.158391801033
      },
      "memory_bytes": 36736,
      "allocations": 535,
      "gc_time_ns": 0.0,
      "samples": 10000
    },
    "parse/simple": {
      "time_ns": {
        "minimum": 17613.0,
        "median": 19977.0,
        "mean": 21483.5861,
        "maximum": 132336.0,
        "std": 4121.982132767811
      },
      "memory_bytes": 15808,
      "allocations": 224,
      "gc_time_ns": 0.0,
      "samples": 10000
    },
    "parse/spec_cases_all": {
      "time_ns": {
        "minimum": 3.037104e6,
        "median": 3.833628e6,
        "mean": 4.29836477300086e6,
        "maximum": 5.39011709e8,
        "std": 1.5697151782933835e7
      },
      "memory_bytes": 2530976,
      "allocations": 35622,
      "gc_time_ns": 460022.45743766124,
      "samples": 1163
    },
    "parse/spec_md": {
      "time_ns": {
        "minimum": 6.99926e6,
        "median": 8.220018e6,
        "mean": 8.945569881932022e6,
        "maximum": 4.64924601e8,
        "std": 1.933626898860816e7
      },
      "memory_bytes": 5960640,
      "allocations": 88702,
      "gc_time_ns": 815214.7549194992,
      "samples": 559
    },
    "roundtrip/full": {
      "time_ns": {
        "minimum": 1.057001e6,
        "median": 1.224223e6,
        "mean": 1.3560372841248305e6,
        "maximum": 4.58657034e8,
        "std": 7.53559449803619e6
      },
      "memory_bytes": 576160,
      "allocations": 8450,
      "gc_time_ns": 124024.1921302578,
      "samples": 3685
    },
    "roundtrip/markdown_all_ext": {
      "time_ns": {
        "minimum": 188651.0,
        "median": 217185.0,
        "mean": 220990.9149,
        "maximum": 1.469861e6,
        "std": 31871.0031849432
      },
      "memory_bytes": 110848,
      "allocations": 1681,
      "gc_time_ns": 0.0,
      "samples": 10000
    },
    "roundtrip/parse_all_ext": {
      "time_ns": {
        "minimum": 737375.0,
        "median": 841990.0,
        "mean": 1.008742092450545e6,
        "maximum": 7.695551e8,
        "std": 1.092170282193331e7
      },
      "memory_bytes": 465312,
      "allocations": 6769,
      "gc_time_ns": 155121.0732741219,
      "samples": 4954
    },
    "term/complex": {
      "time_ns": {
        "minimum": 72355.0,
        "median": 76182.0,
        "mean": 78335.494,
        "maximum": 322121.0,
        "std": 7010.530412217756
      },
      "memory_bytes": 26368,
      "allocations": 434,
      "gc_time_ns": 0.0,
      "samples": 10000
    },
    "term/simple": {
      "time_ns": {
        "minimum": 23323.0,
        "median": 24256.0,
        "mean": 24714.8733,
        "maximum": 94156.0,
        "std": 2608.8100251305827
      },
      "memory_bytes": 8480,
      "allocations": 130,
      "gc_time_ns": 0.0,
      "samples": 10000
    },
    "term/spec_md": {
      "time_ns": {
        "minimum": 1.4128827e7,
        "median": 1.4920443e7,
        "mean": 1.502361939039039e7,
        "maximum": 2.87388e7,
        "std": 952045.6519568374
      },
      "memory_bytes": 2795152,
      "allocations": 37098,
      "gc_time_ns": 0.0,
      "samples": 333
    },
    "typst/complex": {
      "time_ns": {
        "minimum": 17091.0,
        "median": 18064.0,
        "mean": 18608.5788,
        "maximum": 374909.0,
        "std": 4613.568241955772
      },
      "memory_bytes": 9936,