{
  "arch": "x86_64",
  "benchmarks": {
    "allocations/html_spec": {
      "time_ns": {
        "minimum": 6.173127e6,
        "median": 6.467497e6,
        "mean": 6.5531698e6,
        "maximum": 7.234714e6,
        "std": 312208.11153630627
      },
      "memory_bytes": 2321952,
      "allocations": 38746,
      "gc_time_ns": 0.0,
      "samples": 10
    },
    "allocations/parse_spec": {
      "time_ns": {
        "minimum": 7.526742e6,
        "median": 8.4877965e6,
        "mean": 8.5232082e6,
        "maximum": 9.891272e6,
        "std": 948943.7242602137
      },
      "memory_bytes": 5960640,
      "allocations": 88702,
      "gc_time_ns": 0.0,
      "samples": 10
    },
    "html/complex": {
      "time_ns": {
        "minimum": 42964.0,
        "median": 45157.0,
        "mean": 45876.0933,
        "maximum": 208430.0,
        "std": 3492.467939699102
      },
      "memory_bytes": 12320,
      "allocations": 279,
      "gc_time_ns": 0.0,
      "samples": 10000
    },
    "html/simple": {
      "time_ns": {
        "minimum": 19158.0,
        "median": 20380.0,
        "mean": 20800.737,
        "maximum": 158504.0,
        "std": 2554.3883331252982
      },
      "memory_bytes": 6640,
      "allocations": 156,
      "gc_time_ns": 0.0,
      "samples": 10000
    },
    "html/spec_md": {
      "time_ns": {
        "minimum": 6.13631e6,
        "median": 6.586724e6,
        "mean": 6.747344510121457e6,
        "maximum": 8.823423e6,
        "std": 448018.85130326706
      },
      "memory_bytes": 2321952,
      "allocations": 38746,
      "gc_time_ns": 0.0,
      "samples": 741
    },
    "latex/complex": {
      "time_ns": {
        "minimum": 13871.0,
        "median": 14502.0,
        "mean": 14744.7867,
        "maximum": 107899.0,
        "std": 1842.4707079446537
      },
      "memory_bytes": 4184,
      "allocations": 49,
      "gc_time_ns": 0.0,
      "samples": 10000
    },
    "latex/simple": {
      "time_ns": {
        "minimum": 6351.4,
        "median": 6734.0,
        "mean": 6848.964179999998,
        "maximum": 21758.0,
        "std": 536.470029949699
      },
      "memory_bytes": 1880,
      "allocations": 26,
      "gc_time_ns": 0.0,
      "samples": 10000
    },
    "latex/spec_md": {
      "time_ns": {
        "minimum": 2.794972e6,
        "median": 2.9632935e6,
        "mean": 3.034681447815534e6,
        "maximum": 3.6025556e7,
        "std": 839612.4413908421
      },
      "memory_bytes": 802184,
      "allocations": 2379,
      "gc_time_ns": 19755.09587378641,
      "samples": 1648
    },
    "markdown/complex": {
      "time_ns": {
        "minimum": 26158.0,
        "median": 27931.0,
        "mean": 28450.4208,
        "maximum": 190060.0,
        "std": 3023.9635791292444
      },
      "memory_bytes": 14112,
      "allocations": 238,
      "gc_time_ns": 0.0,
      "samples": 10000
    },
    "markdown/simple": {
      "time_ns": {
        "minimum": 6547.6,
        "median": 7050.4,
        "mean": 7204.301180000001,
        "maximum": 29934.2,
        "std": 1059.4074574585075
      },
      "memory_bytes": 5040,
      "allocations": 76,
      "gc_time_ns": 0.0,
      "samples": 10000
    },
    "markdown/spec_md": {
      "time_ns": {
        "minimum": 1.552671e6,
        "median": 1.886153e6,
        "mean": 2.1655922006052746e6,
        "maximum": 3.69209071e8,
        "std": 8.904658361362914e6
      },
      "memory_bytes": 1768384,
      "allocations": 20307,
      "gc_time_ns": 253592.43882403805,
      "samples": 2313
    },
    "notebook/complex": {
      "time_ns": {
        "minimum": 122661.0,
        "median": 139030.0,
        "mean": 139242.9412,
        "maximum": 400319.0,
        "std": 10925.860177798591
      },
      "memory_bytes": 63248,
      "allocations": 1041,
      "gc_time_ns": 0.0,
      "samples": 10000
    },
    "notebook/simple": {
      "time_ns": {
        "minimum": 44076.0,
        "median": 47620.0,
        "mean": 48647.1709,
        "maximum": 281616.0,
        "std": 4433.4865942316
      },
      "memory_bytes": 28528,
      "allocations": 440,
      "gc_time_ns": 0.0,
      "samples": 10000
    },
    "notebook/spec_md": {
      "time_ns": {
        "minimum": 2.1026591e7,
        "median": 2.3298564e7,
        "mean": 2.4644734985221677e7,
        "maximum": 2.71185378e8,
        "std": 1.744313938924766e7
      },
      "memory_bytes": 10839128,
      "allocations": 164413,
      "gc_time_ns": 1.2208817241379311e6,
      "samples": 203
    },
    "parse/complex": {
      "time_ns": {
        "minimum": 40780.0,
        "median": 53249.0,
        "mean": 52932.6174,
        "maximum": 369595.0,
        "std": 12286.778408516337
      },
      "memory_bytes": 36736,
      "allocations": 535,
      "gc_time_ns": 0.0,
      "samples": 10000
    },
    "parse/simple": {
      "time_ns": {
        "minimum": 16854.0,
        "median": 19328.0,
        "mean": 20772.0592,
        "maximum": 189730.0,
        "std": 3926.1025876367808
      },
      "memory_bytes": 15808,
      "allocations": 224,
      "gc_time_ns": 0.0,
      "samples": 10000
    },
    "parse/spec_cases_all": {
      "time_ns": {
        "minimum": 2.89979e6,
        "median": 3.7848415e6,
        "mean": 4.288151719554031e6,
        "maximum": 5.79565294e8,
        "std": 1.6865476029121835e7
      },
      "memory_bytes": 2530976,
      "allocations": 35622,
      "gc_time_ns": 493202.9639794168,
      "samples": 1166
    },
    "parse/spec_md": {
      "time_ns": {
        "minimum": 6.858372e6,
        "median": 8.300771e6,
        "mean": 9.121018471766848e6,
        "maximum": 5.23263522e8,
        "std": 2.2002160527335513e7
      },
      "memory_bytes": 5960640,
      "allocations": 88702,
      "gc_time_ns": 935243.329690346,
      "samples": 549
    },
    "roundtrip/full": {
      "time_ns": {
        "minimum": 1.022566e6,
        "median": 1.205565e6,
        "mean": 1.354725624017349e6,
        "maximum": 5.00515054e8,
        "std": 8.2209461291519e6
      },
      "memory_bytes": 576160,
      "allocations": 8450,
      "gc_time_ns": 135149.36676606126,
      "samples": 3689
    },
    "roundtrip/markdown_all_ext": {
      "time_ns": {
        "minimum": 158153.0,
        "median": 189248.5,
        "mean": 190643.8515,
        "maximum": 503952.0,
        "std": 21571.965414566017
      },
      "memory_bytes": 110848,
      "allocations": 1681,
      "gc_time_ns": 0.0,
      "samples": 10000
    },
    "roundtrip/parse_all_ext": {
      "time_ns": {
        "minimum": 702286.0,
        "median": 808091.0,
        "mean": 1.0005225615615615e6,
        "maximum": 8.79366566e8,
        "std": 1.2431082381005516e7
      },
      "memory_bytes": 465312,
      "allocations": 6769,
      "gc_time_ns": 175729.35115115115,
      "samples": 4995
    },
    "term/complex": {
      "time_ns": {
        "minimum": 67230.0,
        "median": 71175.0,
        "mean": 76541.1568,
        "maximum": 396045.0,
        "std": 24586.316058652366
      },
      "memory_bytes": 26368,
      "allocations": 434,
      "gc_time_ns": 0.0,
      "samples": 10000
    },
    "term/simple": {
      "time_ns": {
        "minimum": 21331.0,
        "median": 22243.0,
        "mean": 22634.3601,
        "maximum": 221418.0,
        "std": 2957.17243093916
      },
      "memory_bytes": 8480,
      "allocations": 130,
      "gc_time_ns": 0.0,
      "samples": 10000
    },
    "term/spec_md": {
      "time_ns": {
        "minimum": 1.2862017e7,
        "median": 1.3535189e7,
        "mean": 1.3677958275956284e7,
        "maximum": 1.651878e7,
        "std": 574259.9546222736
      },
      "memory_bytes": 2795152,
      "allocations": 37098,
      "gc_time_ns": 0.0,
      "samples": 366
    },
    "typst/complex": {
      "time_ns": {
        "minimum": 15953.0,
        "median": 16955.0,
        "mean": 17233.1939,
        "maximum": 131344.0,
        "std": 2055.5768892302576
      },