{
    "git": {
        "branch": "master",
        "commit": "68fa6a29e08896bafdca18406fe72ebe577238a9",
        "dirty": false
    },
    "julia_version": "1.12.4",
    "arch": "x86_64",
    "timestamp": "2026-01-27T13:29:49Z",
    "benchmarks": {
        "roundtrip/markdown_all_ext": {
            "time_ns": {
                "minimum": 181076,
                "median": 209620,
                "mean": 211947.3187,
                "maximum": 477358,
                "std": 21155.53318953185
            },
            "memory_bytes": 110720,
            "allocations": 1680,
            "gc_time_ns": 0,
            "samples": 10000
        },
        "latex/simple": {
            "time_ns": {
                "minimum": 6544.2,
                "median": 6746.4,
                "mean": 6831.194019999999,
                "maximum": 19782.8,
                "std": 449.59428780023654
            },
            "memory_bytes": 1720,
            "allocations": 23,
            "gc_time_ns": 0,
            "samples": 10000
        },
        "roundtrip/parse_all_ext": {
            "time_ns": {
                "minimum": 700954,
                "median": 795248,
                "mean": 956428.2631073555,
                "maximum": 714718858,
                "std": 9.89371691676222e6
            },
            "memory_bytes": 454000,
            "allocations": 6606,
            "gc_time_ns": 137050.00249663915,
            "samples": 5207
        },
        "markdown/simple": {
            "time_ns": {
                "minimum": 6822.8,
                "median": 7305.6,
                "mean": 7676.39488,
                "maximum": 55074.4,
                "std": 1612.255798963029
            },
            "memory_bytes": 5040,
            "allocations": 76,
            "gc_time_ns": 0,
            "samples": 10000
        },
        "term/simple": {
            "time_ns": {
                "minimum": 21330,
                "median": 22091,
                "mean": 22431.1204,
                "maximum": 90608,
                "std": 1917.6141226785408
            },
            "memory_bytes": 8480,
            "allocations": 130,
            "gc_time_ns": 0,
            "samples": 10000
        },
        "html/complex": {
            "time_ns": {
                "minimum": 41737,
                "median": 43461,
                "mean": 44235.261,
                "maximum": 167281,
                "std": 3168.632491070138
            },
            "memory_bytes": 9904,
            "allocations": 197,
            "gc_time_ns": 0,
            "samples": 10000
        },
        "typst/complex": {
            "time_ns": {
                "minimum": 15880,
                "median": 16691,
                "mean": 17859.8567,
                "maximum": 107480,
                "std": 4637.56231479292
            },
            "memory_bytes": 8928,
            "allocations": 126,
            "gc_time_ns": 0,
            "samples": 10000
        },
        "notebook/complex": {
            "time_ns": {
                "minimum": 137616,
                "median": 152503.5,
                "mean": 153968.3614,
                "maximum": 366552,
                "std": 9215.673995835019
            },
            "memory_bytes": 63248,
            "allocations": 1041,
            "gc_time_ns": 0,
            "samples": 10000
        },
        "term/complex": {
            "time_ns": {
                "minimum": 66514,
                "median": 70776.5,
                "mean": 72996.5353,
                "maximum": 289669,
                "std": 6657.656406982659
            },
            "memory_bytes": 25984,
            "allocations": 422,
            "gc_time_ns": 0,
            "samples": 10000
        },
        "parse/simple": {
            "time_ns": {
                "minimum": 17973,
                "median": 20278,
                "mean": 21450.0688,
                "maximum": 219969,
                "std": 3660.512932139319
            },
            "memory_bytes": 15808,
            "allocations": 224,
            "gc_time_ns": 0,
            "samples": 10000
        },
        "allocations/html_spec": {
            "time_ns": {
                "minimum": 5878190,
                "median": 5981177,
                "mean": 6.0161376e6,
                "maximum": 6452668,
                "std": 165638.05583138193
            },
            "memory_bytes": 2053376,
            "allocations": 29154,
            "gc_time_ns": 0,
            "samples": 10
        },
        "html/simple": {
            "time_ns": {
                "minimum": 19987,
                "median": 21009,
                "mean": 21369.4445,
                "maximum": 153755,
                "std": 2289.4502339551136
            },
            "memory_bytes": 5408,
            "allocations": 112,
            "gc_time_ns": 0,
            "samples": 10000
        },
        "markdown/complex": {
            "time_ns": {
                "minimum": 27100,
                "median": 29044,
                "mean": 29587.2649,
                "maximum": 138358,
                "std": 2677.0747747986
            },
            "memory_bytes": 14112,
            "allocations": 238,
            "gc_time_ns": 0,
            "samples": 10000
        },
        "notebook/spec_md": {
            "time_ns": {
                "minimum": 19670375,
                "median": 22074064,
                "mean": 2.3044390497695852e7,
                "maximum": 196242386,
                "std": 1.1876684679450817e7
            },
            "memory_bytes": 10839128,
            "allocations": 164413,
            "gc_time_ns": 798277.9216589861,
            "samples": 217
        },
        "html/spec_md": {
            "time_ns": {
                "minimum": 5906763,
                "median": 6328387,
                "mean": 6.351930758576875e6,
                "maximum": 7008823,
                "std": 210205.0347641527
            },
            "memory_bytes": 2053376,
            "allocations": 29154,
            "gc_time_ns": 0,
            "samples": 787
        },
        "latex/spec_md": {
            "time_ns": {
                "minimum": 2709749,
                "median": 2962824,
                "mean": 2.9145689177362896e6,
                "maximum": 23466103,
                "std": 513024.24614190584
            },
            "memory_bytes": 780264,
            "allocations": 1992,
            "gc_time_ns": 11877.56942823804,
            "samples": 1714
        },
        "term/spec_md": {
            "time_ns": {
                "minimum": 12587716,
                "median": 12992313,
                "mean": 1.3183204005263157e7,
                "maximum": 16179755,
                "std": 434662.8264291681
            },
            "memory_bytes": 2796992,
            "allocations": 37147,
            "gc_time_ns": 0,
            "samples": 380
        },
        "notebook/simple": {
            "time_ns": {
                "minimum": 51576,
                "median": 56970.5,
                "mean": 58850.9438,
                "maximum": 216292,
                "std": 5987.039193547347
            },
            "memory_bytes": 28528,
            "allocations": 440,
            "gc_time_ns": 0,
            "samples": 10000
        },
        "typst/spec_md": {
            "time_ns": {
                "minimum": 2619962,
                "median": 2912285,
                "mean": 3.02973127349909e6,
                "maximum": 109101875,
                "std": 3.571819495624782e6
            },
            "memory_bytes": 1771376,
            "allocations": 20453,
            "gc_time_ns": 123569.08065494239,
            "samples": 1649
        },
        "allocations/parse_spec": {
            "time_ns": {
                "minimum": 7184048,
                "median": 7.7924945e6,
                "mean": 7.8266501e6,
                "maximum": 8665583,