{
    "git": {
        "branch": "master",
        "commit": "8a28c525a9639489da4b379e83471bbc15e3d3d8",
        "dirty": false
    },
    "julia_version": "1.12.4",
    "arch": "x86_64",
    "timestamp": "2026-01-08T21:39:05Z",
    "benchmarks": {
        "roundtrip/markdown_all_ext": {
            "time_ns": {
                "minimum": 178723,
                "median": 207887,
                "mean": 209905.7773,
                "maximum": 679404,
                "std": 25460.341648885867
            },
            "memory_bytes": 110720,
            "allocations": 1680,
            "gc_time_ns": 0,
            "samples": 10000
        },
        "latex/simple": {
            "time_ns": {
                "minimum": 6378,
                "median": 6560.4,
                "mean": 6645.125580000003,
                "maximum": 20806.6,
                "std": 442.0461924791255
            },
            "memory_bytes": 1720,
            "allocations": 23,
            "gc_time_ns": 0,
            "samples": 10000
        },
        "roundtrip/parse_all_ext": {
            "time_ns": {
                "minimum": 734487,
                "median": 805459,
                "mean": 1.0016936423974256e6,
                "maximum": 798885364,
                "std": 1.131815487580038e7
            },
            "memory_bytes": 454000,
            "allocations": 6606,
            "gc_time_ns": 160394.15486725664,
            "samples": 4972
        },
        "markdown/simple": {
            "time_ns": {
                "minimum": 6684.4,
                "median": 7760.4,
                "mean": 7863.538239999999,
                "maximum": 56036.2,
                "std": 1253.7710025735926
            },
            "memory_bytes": 5040,
            "allocations": 76,
            "gc_time_ns": 0,
            "samples": 10000
        },
        "term/simple": {
            "time_ns": {
                "minimum": 21310,
                "median": 22071,
                "mean": 22524.3668,
                "maximum": 92573,
                "std": 2688.692992526028
            },
            "memory_bytes": 8480,
            "allocations": 130,
            "gc_time_ns": 0,
            "samples": 10000
        },
        "html/complex": {
            "time_ns": {
                "minimum": 41557,
                "median": 43251,
                "mean": 44081.5007,
                "maximum": 184795,
                "std": 3650.0229569631674
            },
            "memory_bytes": 9904,
            "allocations": 197,
            "gc_time_ns": 0,
            "samples": 10000
        },
        "typst/complex": {
            "time_ns": {
                "minimum": 16681,
                "median": 17713,
                "mean": 18043.8965,
                "maximum": 124612,
                "std": 2052.0151810398656
            },
            "memory_bytes": 8928,
            "allocations": 126,
            "gc_time_ns": 0,
            "samples": 10000
        },
        "notebook/complex": {
            "time_ns": {
                "minimum": 136615,
                "median": 149754.5,
                "mean": 151562.98,
                "maximum": 428740,
                "std": 12660.03129071284
            },
            "memory_bytes": 63248,
            "allocations": 1041,
            "gc_time_ns": 0,
            "samples": 10000
        },
        "term/complex": {
            "time_ns": {
                "minimum": 66434,
                "median": 70826.5,
                "mean": 73251.0212,
                "maximum": 213827,
                "std": 6561.739179871219
            },
            "memory_bytes": 25984,
            "allocations": 422,
            "gc_time_ns": 0,
            "samples": 10000
        },
        "parse/simple": {
            "time_ns": {
                "minimum": 18053,
                "median": 20718,
                "mean": 21990.6414,
                "maximum": 123530,
                "std": 3571.668560244142
            },
            "memory_bytes": 15808,
            "allocations": 224,
            "gc_time_ns": 0,
            "samples": 10000
        },
        "allocations/html_spec": {
            "time_ns": {
                "minimum": 6307992,
                "median": 6.4699935e6,
                "mean": 6.4546272e6,
                "maximum": 6570290,
                "std": 103780.47133016458
            },
            "memory_bytes": 2053376,
            "allocations": 29154,
            "gc_time_ns": 0,
            "samples": 10
        },
        "html/simple": {
            "time_ns": {
                "minimum": 19866,
                "median": 20979,
                "mean": 21363.0335,
                "maximum": 130393,
                "std": 2311.1931770338683
            },
            "memory_bytes": 5408,
            "allocations": 112,
            "gc_time_ns": 0,
            "samples": 10000
        },
        "markdown/complex": {
            "time_ns": {
                "minimum": 27481,
                "median": 29264,
                "mean": 29858.2557,
                "maximum": 144018,
                "std": 3113.768391816787
            },
            "memory_bytes": 14112,
            "allocations": 238,
            "gc_time_ns": 0,
            "samples": 10000
        },
        "notebook/spec_md": {
            "time_ns": {
                "minimum": 20348112,
                "median": 22680846,
                "mean": 2.37942727014218e7,
                "maximum": 202808865,
                "std": 1.2443083694850717e7
            },
            "memory_bytes": 10839128,
            "allocations": 164413,
            "gc_time_ns": 845844.8720379147,
            "samples": 211
        },
        "html/spec_md": {
            "time_ns": {
                "minimum": 5860742,
                "median": 6486447,
                "mean": 6.472241573834197e6,
                "maximum": 9504056,
                "std": 355920.7832607857
            },
            "memory_bytes": 2053376,
            "allocations": 29154,
            "gc_time_ns": 0,
            "samples": 772
        },
        "latex/spec_md": {
            "time_ns": {
                "minimum": 2623548,
                "median": 2875571,
                "mean": 2.836779468483816e6,
                "maximum": 25300586,
                "std": 564442.0197206598
            },
            "memory_bytes": 780264,
            "allocations": 1992,
            "gc_time_ns": 12560.115843270869,
            "samples": 1761
        },
        "term/spec_md": {
            "time_ns": {
                "minimum": 12463566,
                "median": 12965015,
                "mean": 1.3131687984251969e7,
                "maximum": 14104296,
                "std": 447567.76400417817
            },
            "memory_bytes": 2796992,
            "allocations": 37147,
            "gc_time_ns": 0,
            "samples": 381
        },
        "notebook/simple": {
            "time_ns": {
                "minimum": 50143,
                "median": 55564,
                "mean": 57189.4256,
                "maximum": 499811,
                "std": 9800.872224139033
            },
            "memory_bytes": 28528,
            "allocations": 440,
            "gc_time_ns": 0,
            "samples": 10000
        },
        "typst/spec_md": {
            "time_ns": {
                "minimum": 2720604,
                "median": 3.0068875e6,
                "mean": 3.1376810056532663e6,
                "maximum": 108709297,
                "std": 3.6413587960010422e6
            },
            "memory_bytes": 1771376,
            "allocations": 20453,
            "gc_time_ns": 128184.35050251256,
            "samples": 1592
        },
        "allocations/parse_spec": {
            "time_ns": {
                "minimum": 7430272,
                "median": 7.5865725e6,
                "mean": 8.0878389e6,
                "maximum": 9132531,