{
    "git": {
        "branch": "master",
        "commit": "3dd21678109ca9b1d10037d9501ca8e38b22d037",
        "dirty": false
    },
    "julia_version": "1.12.4",
    "arch": "x86_64",
    "timestamp": "2026-01-27T16:18:21Z",
    "benchmarks": {
        "roundtrip/markdown_all_ext": {
            "time_ns": {
                "minimum": 179363,
                "median": 206032.5,
                "mean": 207869.4987,
                "maximum": 435019,
                "std": 20194.455951367334
            },
            "memory_bytes": 110720,
            "allocations": 1680,
            "gc_time_ns": 0,
            "samples": 10000
        },
        "latex/simple": {
            "time_ns": {
                "minimum": 6586.4,
                "median": 6844.6,
                "mean": 6944.700719999996,
                "maximum": 18105.6,
                "std": 526.6766137137902
            },
            "memory_bytes": 1720,
            "allocations": 23,
            "gc_time_ns": 0,
            "samples": 10000
        },
        "roundtrip/parse_all_ext": {
            "time_ns": {
                "minimum": 715100,
                "median": 788205,
                "mean": 950782.8098147794,
                "maximum": 689053967,
                "std": 9.510633182106549e6
            },
            "memory_bytes": 454000,
            "allocations": 6606,
            "gc_time_ns": 131325.42008783654,
            "samples": 5237
        },
        "markdown/simple": {
            "time_ns": {
                "minimum": 6814.6,
                "median": 7842.6,
                "mean": 7933.7485400000005,
                "maximum": 57232.4,
                "std": 1233.1960041624918
            },
            "memory_bytes": 5040,
            "allocations": 76,
            "gc_time_ns": 0,
            "samples": 10000
        },
        "term/simple": {
            "time_ns": {
                "minimum": 21359,
                "median": 22031,
                "mean": 22424.7677,
                "maximum": 90559,
                "std": 2255.5823532542413
            },
            "memory_bytes": 8480,
            "allocations": 130,
            "gc_time_ns": 0,
            "samples": 10000
        },
        "html/complex": {
            "time_ns": {
                "minimum": 41537,
                "median": 43310,
                "mean": 44234.9518,
                "maximum": 163875,
                "std": 3992.6001557227223
            },
            "memory_bytes": 9904,
            "allocations": 197,
            "gc_time_ns": 0,
            "samples": 10000
        },
        "typst/complex": {
            "time_ns": {
                "minimum": 15929,
                "median": 16731,
                "mean": 17075.9913,
                "maximum": 105026,
                "std": 1991.9067869478981
            },
            "memory_bytes": 8928,
            "allocations": 126,
            "gc_time_ns": 0,
            "samples": 10000
        },
        "notebook/complex": {
            "time_ns": {
                "minimum": 134521,
                "median": 154331.5,
                "mean": 154334.6774,
                "maximum": 377822,
                "std": 16059.142215006297
            },
            "memory_bytes": 63248,
            "allocations": 1041,
            "gc_time_ns": 0,
            "samples": 10000
        },
        "term/complex": {
            "time_ns": {
                "minimum": 66634,
                "median": 70611,
                "mean": 72737.4067,
                "maximum": 178242,
                "std": 6001.552478543396
            },
            "memory_bytes": 25984,
            "allocations": 422,
            "gc_time_ns": 0,
            "samples": 10000
        },
        "parse/simple": {
            "time_ns": {
                "minimum": 17953,
                "median": 20388,
                "mean": 21572.6667,
                "maximum": 163675,
                "std": 3527.6886157522576
            },
            "memory_bytes": 15808,
            "allocations": 224,
            "gc_time_ns": 0,
            "samples": 10000
        },
        "allocations/html_spec": {
            "time_ns": {
                "minimum": 5961183,
                "median": 6.0521225e6,
                "mean": 6.1027353e6,
                "maximum": 6497159,
                "std": 152962.7402648908
            },
            "memory_bytes": 2053376,
            "allocations": 29154,
            "gc_time_ns": 0,
            "samples": 10
        },
        "html/simple": {
            "time_ns": {
                "minimum": 20098,
                "median": 21049,
                "mean": 21422.9743,
                "maximum": 116998,
                "std": 2091.308158502924
            },
            "memory_bytes": 5408,
            "allocations": 112,
            "gc_time_ns": 0,
            "samples": 10000
        },
        "markdown/complex": {
            "time_ns": {
                "minimum": 27381,
                "median": 29004,
                "mean": 29584.0157,
                "maximum": 153204,
                "std": 2922.31730667592
            },
            "memory_bytes": 14112,
            "allocations": 238,
            "gc_time_ns": 0,
            "samples": 10000
        },
        "notebook/spec_md": {
            "time_ns": {
                "minimum": 19671317,
                "median": 2.21381885e7,
                "mean": 2.314614401851852e7,
                "maximum": 195997320,
                "std": 1.1891351050616713e7
            },
            "memory_bytes": 10839128,
            "allocations": 164413,
            "gc_time_ns": 800163.1574074074,
            "samples": 216
        },
        "html/spec_md": {
            "time_ns": {
                "minimum": 5912212,
                "median": 6318558,
                "mean": 6.3536331118170265e6,
                "maximum": 7310261,
                "std": 253909.47320164542
            },
            "memory_bytes": 2053376,
            "allocations": 29154,
            "gc_time_ns": 0,
            "samples": 787
        },
        "latex/spec_md": {
            "time_ns": {
                "minimum": 2713396,
                "median": 2.9907235e6,
                "mean": 2.9226384871345027e6,
                "maximum": 25537584,
                "std": 561355.289051793
            },
            "memory_bytes": 780264,
            "allocations": 1992,
            "gc_time_ns": 13030.477192982456,
            "samples": 1710
        },
        "term/spec_md": {
            "time_ns": {
                "minimum": 12563215,
                "median": 12998968,
                "mean": 1.3187122631578946e7,
                "maximum": 14343391,
                "std": 428235.3976406485
            },
            "memory_bytes": 2796992,
            "allocations": 37147,
            "gc_time_ns": 0,
            "samples": 380
        },
        "notebook/simple": {
            "time_ns": {
                "minimum": 50905,
                "median": 54352,
                "mean": 55967.3599,
                "maximum": 206274,
                "std": 5197.975343433161
            },
            "memory_bytes": 28528,
            "allocations": 440,
            "gc_time_ns": 0,
            "samples": 10000
        },
        "typst/spec_md": {
            "time_ns": {
                "minimum": 2603742,
                "median": 2891732,
                "mean": 3.0559765310218977e6,
                "maximum": 107086374,
                "std": 3.8382450973464176e6
            },
            "memory_bytes": 1771376,
            "allocations": 20453,
            "gc_time_ns": 160624.89355231143,
            "samples": 1644
        },
        "allocations/parse_spec": {
            "time_ns": {
                "minimum": 7244769,
                "median": 7.8157355e6,
                "mean": 7.8944511e6,
                "maximum": 8710013,