{
    "git": {
        "branch": "master",
        "commit": "b1514d08512ce1d1e1746e368846d60d5a132c4d",
        "dirty": false
    },
    "julia_version": "1.12.6",
    "arch": "x86_64",
    "timestamp": "2026-04-29T20:59:28Z",
    "benchmarks": {
        "roundtrip/markdown_all_ext": {
            "time_ns": {
                "minimum": 180988,
                "median": 207277,
                "mean": 210604.0935,
                "maximum": 481558,
                "std": 20956.766691920195
            },
            "memory_bytes": 110912,
            "allocations": 1683,
            "gc_time_ns": 0,
            "samples": 10000
        },
        "latex/simple": {
            "time_ns": {
                "minimum": 6065.4,
                "median": 6317.8,
                "mean": 6425.263719999999,
                "maximum": 17492.8,
                "std": 546.5496872305598
            },
            "memory_bytes": 1720,
            "allocations": 23,
            "gc_time_ns": 0,
            "samples": 10000
        },
        "roundtrip/parse_all_ext": {
            "time_ns": {
                "minimum": 734098,
                "median": 833689.5,
                "mean": 1.0048069937675914e6,
                "maximum": 759263987,
                "std": 1.0753923597413609e7
            },
            "memory_bytes": 465312,
            "allocations": 6769,
            "gc_time_ns": 152395.17008443907,
            "samples": 4974
        },
        "markdown/simple": {
            "time_ns": {
                "minimum": 6610.2,
                "median": 7269.6,
                "mean": 7668.981459999999,
                "maximum": 54752,
                "std": 1373.0588725553682
            },
            "memory_bytes": 5040,
            "allocations": 76,
            "gc_time_ns": 0,
            "samples": 10000
        },
        "term/simple": {
            "time_ns": {
                "minimum": 21109,
                "median": 21900,
                "mean": 22320.7988,
                "maximum": 93434,
                "std": 2412.481173659162
            },
            "memory_bytes": 8480,
            "allocations": 130,
            "gc_time_ns": 0,
            "samples": 10000
        },
        "html/complex": {
            "time_ns": {
                "minimum": 44903,
                "median": 46897,
                "mean": 48173.3414,
                "maximum": 299769,
                "std": 5554.449397686253
            },
            "memory_bytes": 10192,
            "allocations": 203,
            "gc_time_ns": 0,
            "samples": 10000
        },
        "typst/complex": {
            "time_ns": {
                "minimum": 16571,
                "median": 17452,
                "mean": 17895.7526,
                "maximum": 115605,
                "std": 2594.8629587650125
            },
            "memory_bytes": 9936,
            "allocations": 144,
            "gc_time_ns": 0,
            "samples": 10000
        },
        "notebook/complex": {
            "time_ns": {
                "minimum": 133700,
                "median": 153756,
                "mean": 153349.8667,
                "maximum": 378065,
                "std": 15165.581989077697
            },
            "memory_bytes": 63248,
            "allocations": 1041,
            "gc_time_ns": 0,
            "samples": 10000
        },
        "term/complex": {
            "time_ns": {
                "minimum": 67526,
                "median": 72605,
                "mean": 74517.4767,
                "maximum": 196446,
                "std": 6655.485958184501
            },
            "memory_bytes": 26368,
            "allocations": 434,
            "gc_time_ns": 0,
            "samples": 10000
        },
        "parse/simple": {
            "time_ns": {
                "minimum": 18334,
                "median": 20879,
                "mean": 22240.9438,
                "maximum": 241992,
                "std": 4264.867576066776
            },
            "memory_bytes": 15808,
            "allocations": 224,
            "gc_time_ns": 0,
            "samples": 10000
        },
        "allocations/html_spec": {
            "time_ns": {
                "minimum": 5861269,
                "median": 6863067,
                "mean": 7.1372542e6,
                "maximum": 10172788,
                "std": 1.3765269868690714e6
            },
            "memory_bytes": 2053376,
            "allocations": 29154,
            "gc_time_ns": 0,
            "samples": 10
        },
        "html/simple": {
            "time_ns": {
                "minimum": 19586,
                "median": 20648,
                "mean": 21079.7576,
                "maximum": 157103,
                "std": 2628.4812610357717
            },
            "memory_bytes": 5408,
            "allocations": 112,
            "gc_time_ns": 0,
            "samples": 10000
        },
        "markdown/complex": {
            "time_ns": {
                "minimum": 27462,
                "median": 29065,
                "mean": 29695.2986,
                "maximum": 140211,
                "std": 3135.2488472482464
            },
            "memory_bytes": 14112,
            "allocations": 238,
            "gc_time_ns": 0,
            "samples": 10000
        },
        "notebook/spec_md": {
            "time_ns": {
                "minimum": 20385887,
                "median": 22839732,
                "mean": 2.393563623444976e7,
                "maximum": 242558302,
                "std": 1.5250721975063616e7
            },
            "memory_bytes": 10839128,
            "allocations": 164413,
            "gc_time_ns": 1.0524857368421052e6,
            "samples": 209
        },
        "html/spec_md": {
            "time_ns": {
                "minimum": 5758338,
                "median": 6.0620495e6,
                "mean": 6.162355507389163e6,
                "maximum": 8343528,
                "std": 283463.3862333748
            },
            "memory_bytes": 2053376,
            "allocations": 29154,
            "gc_time_ns": 0,
            "samples": 812
        },
        "latex/spec_md": {
            "time_ns": {
                "minimum": 2574500,
                "median": 2662059,
                "mean": 2.741613486842105e6,
                "maximum": 26117459,
                "std": 564590.2244305274
            },
            "memory_bytes": 780264,
            "allocations": 1992,
            "gc_time_ns": 12564.50274122807,
            "samples": 1824
        },
        "term/spec_md": {
            "time_ns": {
                "minimum": 12663656,
                "median": 1.32680285e7,
                "mean": 1.3469414241935484e7,
                "maximum": 24840895,
                "std": 1.0276992867535775e6
            },
            "memory_bytes": 2795152,
            "allocations": 37098,
            "gc_time_ns": 0,
            "samples": 372
        },
        "notebook/simple": {
            "time_ns": {
                "minimum": 49572,
                "median": 53324.5,
                "mean": 55544.8793,
                "maximum": 289430,
                "std": 7115.28970636418
            },
            "memory_bytes": 28528,
            "allocations": 440,
            "gc_time_ns": 0,
            "samples": 10000
        },
        "typst/spec_md": {
            "time_ns": {
                "minimum": 2622461,
                "median": 2922311,
                "mean": 3.119701183395291e6,
                "maximum": 131609483,
                "std": 4.654149183221673e6
            },
            "memory_bytes": 1771376,
            "allocations": 20453,
            "gc_time_ns": 196266.28562577447,
            "samples": 1614
        },
        "allocations/parse_spec": {
            "time_ns": {
                "minimum": 7457020,
                "median": 7.9511355e6,
                "mean": 8.1059541e6,
                "maximum": 8961995,