{
  "arch": "x86_64",
  "benchmarks": {
    "allocations/html_spec": {
      "time_ns": {
        "minimum": 6.402227e6,
        "median": 6.456945e6,
        "mean": 6.581339e6,
        "maximum": 7.263406e6,
        "std": 288370.3396864679
      },
      "memory_bytes": 2321952,
      "allocations": 38746,
      "gc_time_ns": 0.0,
      "samples": 10
    },
    "allocations/parse_spec": {
      "time_ns": {
        "minimum": 7.37243e6,
        "median": 7.8357245e6,
        "mean": 8.0013782e6,
        "maximum": 8.951755e6,
        "std": 608907.2349437511
      },
      "memory_bytes": 5960640,
      "allocations": 88702,
      "gc_time_ns": 0.0,
      "samples": 10
    },
    "html/complex": {
      "time_ns": {
        "minimum": 49272.0,
        "median": 51116.0,
        "mean": 52264.7737,
        "maximum": 190926.0,
        "std": 4280.956065293313
      },
      "memory_bytes": 12320,
      "allocations": 279,
      "gc_time_ns": 0.0,
      "samples": 10000
    },
    "html/simple": {
      "time_ns": {
        "minimum": 22221.0,
        "median": 23414.0,
        "mean": 23947.3858,
        "maximum": 162273.0,
        "std": 2901.9781357323122
      },
      "memory_bytes": 6640,
      "allocations": 156,
      "gc_time_ns": 0.0,
      "samples": 10000
    },
    "html/spec_md": {
      "time_ns": {
        "minimum": 6.425495e6,
        "median": 6.906331e6,
        "mean": 7.018924354838709e6,
        "maximum": 1.5218885e7,
        "std": 609174.7413067264
      },
      "memory_bytes": 2321952,
      "allocations": 38746,
      "gc_time_ns": 0.0,
      "samples": 713
    },
    "latex/complex": {
      "time_ns": {
        "minimum": 14737.0,
        "median": 15298.0,
        "mean": 15680.2789,
        "maximum": 99817.0,
        "std": 2350.4749761220874
      },
      "memory_bytes": 4184,
      "allocations": 49,
      "gc_time_ns": 0.0,
      "samples": 10000
    },
    "latex/simple": {
      "time_ns": {
        "minimum": 6574.2,
        "median": 6812.8,
        "mean": 6948.648319999998,
        "maximum": 40621.8,
        "std": 738.5423914709146
      },
      "memory_bytes": 1880,
      "allocations": 26,
      "gc_time_ns": 0.0,
      "samples": 10000
    },
    "latex/spec_md": {
      "time_ns": {
        "minimum": 2.659491e6,
        "median": 2.769135e6,
        "mean": 2.8607238935926775e6,
        "maximum": 2.9644252e7,
        "std": 688415.4400445125
      },
      "memory_bytes": 802184,
      "allocations": 2379,
      "gc_time_ns": 15111.142448512586,
      "samples": 1748
    },
    "markdown/complex": {
      "time_ns": {
        "minimum": 27772.0,
        "median": 29185.0,
        "mean": 29799.2569,
        "maximum": 140572.0,
        "std": 3096.321827812563
      },
      "memory_bytes": 14112,
      "allocations": 238,
      "gc_time_ns": 0.0,
      "samples": 10000
    },
    "markdown/simple": {
      "time_ns": {
        "minimum": 6688.4,
        "median": 7183.2,
        "mean": 7580.9331600000005,
        "maximum": 50277.8,
        "std": 1281.0476805054475
      },
      "memory_bytes": 5040,
      "allocations": 76,
      "gc_time_ns": 0.0,
      "samples": 10000
    },
    "markdown/spec_md": {
      "time_ns": {
        "minimum": 1.507041e6,
        "median": 1.6734605e6,
        "mean": 1.9467037675233644e6,
        "maximum": 2.61868997e8,
        "std": 6.196234353062034e6
      },
      "memory_bytes": 1768384,
      "allocations": 20307,
      "gc_time_ns": 169315.03621495326,
      "samples": 2568
    },
    "notebook/complex": {
      "time_ns": {
        "minimum": 135022.0,
        "median": 153305.5,
        "mean": 153762.7973,
        "maximum": 349031.0,
        "std": 13094.497104954273
      },
      "memory_bytes": 63248,
      "allocations": 1041,
      "gc_time_ns": 0.0,
      "samples": 10000
    },
    "notebook/simple": {
      "time_ns": {
        "minimum": 49914.0,
        "median": 53690.0,
        "mean": 55744.4035,
        "maximum": 234828.0,
        "std": 6720.885376712836
      },
      "memory_bytes": 28528,
      "allocations": 440,
      "gc_time_ns": 0.0,
      "samples": 10000
    },
    "notebook/spec_md": {
      "time_ns": {
        "minimum": 2.0883385e7,
        "median": 2.3205426e7,
        "mean": 2.4635064502463054e7,
        "maximum": 2.45445033e8,
        "std": 1.573130796765035e7
      },
      "memory_bytes": 10839128,
      "allocations": 164413,
      "gc_time_ns": 1.0916978916256158e6,
      "samples": 203
    },
    "parse/complex": {
      "time_ns": {
        "minimum": 47048.0,
        "median": 59235.5,
        "mean": 60874.6705,
        "maximum": 406850.0,
        "std": 15036.127876254606
      },
      "memory_bytes": 36736,
      "allocations": 535,
      "gc_time_ns": 0.0,
      "samples": 10000
    },
    "parse/simple": {
      "time_ns": {
        "minimum": 17963.0,
        "median": 20158.0,
        "mean": 21519.1967,
        "maximum": 119503.0,
        "std": 3586.1055886209465
      },
      "memory_bytes": 15808,
      "allocations": 224,
      "gc_time_ns": 0.0,
      "samples": 10000
    },
    "parse/spec_cases_all": {
      "time_ns": {
        "minimum": 2.958877e6,
        "median": 3.723981e6,
        "mean": 4.1662532225e6,
        "maximum": 5.24364544e8,
        "std": 1.503208111084589e7
      },
      "memory_bytes": 2530976,
      "allocations": 35622,
      "gc_time_ns": 433596.75083333335,
      "samples": 1200
    },
    "parse/spec_md": {
      "time_ns": {
        "minimum": 7.027911e6,
        "median": 8.08689e6,
        "mean": 8.870112528368793e6,
        "maximum": 4.6553475e8,
        "std": 1.927725641436587e7
      },
      "memory_bytes": 5960640,
      "allocations": 88702,
      "gc_time_ns": 811666.5319148937,
      "samples": 564
    },
    "roundtrip/full": {
      "time_ns": {
        "minimum": 1.047404e6,
        "median": 1.20109e6,
        "mean": 1.332396749933351e6,
        "maximum": 4.54500899e8,
        "std": 7.401723270919808e6
      },
      "memory_bytes": 576160,
      "allocations": 8450,
      "gc_time_ns": 120719.2322047454,
      "samples": 3751
    },
    "roundtrip/markdown_all_ext": {
      "time_ns": {
        "minimum": 184774.0,
        "median": 212115.5,
        "mean": 215367.63,
        "maximum": 1.121021e6,
        "std": 26148.01307652811
      },
      "memory_bytes": 110848,
      "allocations": 1681,
      "gc_time_ns": 0.0,
      "samples": 10000
    },
    "roundtrip/parse_all_ext": {
      "time_ns": {
        "minimum": 742676.0,
        "median": 846990.0,
        "mean": 1.0174399437996335e6,
        "maximum": 7.60842644e8,
        "std": 1.0845027628497045e7
      },
      "memory_bytes": 465312,
      "allocations": 6769,
      "gc_time_ns": 154687.63571574018,
      "samples": 4911
    },
    "term/complex": {
      "time_ns": {
        "minimum": 68668.0,
        "median": 74088.0,
        "mean": 75804.9302,
        "maximum": 248313.0,
        "std": 7055.589113724107
      },
      "memory_bytes": 26368,
      "allocations": 434,
      "gc_time_ns": 0.0,
      "samples": 10000
    },
    "term/simple": {
      "time_ns": {
        "minimum": 21650.0,
        "median": 22452.0,
        "mean": 22922.8795,
        "maximum": 125655.0,
        "std": 2714.2696305530308
      },
      "memory_bytes": 8480,
      "allocations": 130,
      "gc_time_ns": 0.0,
      "samples": 10000
    },
    "term/spec_md": {
      "time_ns": {
        "minimum": 1.2891831e7,
        "median": 1.354085e7,
        "mean": 1.3706974630136987e7,
        "maximum": 1.6635603e7,
        "std": 531568.1466743931
      },
      "memory_bytes": 2795152,
      "allocations": 37098,
      "gc_time_ns": 0.0,
      "samples": 365
    },
    "typst/complex": {
      "time_ns": {
        "minimum": 17242.0,
        "median": 18144.0,
        "mean": 18543.403,
        "maximum": 119203.0,
        "std": 2418.1766515337135
      },
      "memory_bytes": 9936,