{
  "arch": "x86_64",
  "benchmarks": {
    "allocations/html_spec": {
      "time_ns": {
        "minimum": 6.383737e6,
        "median": 6.5301665e6,
        "mean": 6.6517415e6,
        "maximum": 7.368669e6,
        "std": 330429.6693317993
      },
      "memory_bytes": 2321952,
      "allocations": 38746,
      "gc_time_ns": 0.0,
      "samples": 10
    },
    "allocations/parse_spec": {
      "time_ns": {
        "minimum": 7.474698e6,
        "median": 7.9281005e6,
        "mean": 8.1554806e6,
        "maximum": 9.122919e6,
        "std": 737801.0076250159
      },
      "memory_bytes": 5960640,
      "allocations": 88702,
      "gc_time_ns": 0.0,
      "samples": 10
    },
    "html/complex": {
      "time_ns": {
        "minimum": 48882.0,
        "median": 51116.0,
        "mean": 52430.4609,
        "maximum": 206594.0,
        "std": 5050.117581644018
      },
      "memory_bytes": 12320,
      "allocations": 279,
      "gc_time_ns": 0.0,
      "samples": 10000
    },
    "html/simple": {
      "time_ns": {
        "minimum": 22021.0,
        "median": 23214.0,
        "mean": 23741.5117,
        "maximum": 138329.0,
        "std": 2882.405302502738
      },
      "memory_bytes": 6640,
      "allocations": 156,
      "gc_time_ns": 0.0,
      "samples": 10000
    },
    "html/spec_md": {
      "time_ns": {
        "minimum": 6.34227e6,
        "median": 6.987737e6,
        "mean": 6.957460490959666e6,
        "maximum": 7.953593e6,
        "std": 428640.773269906
      },
      "memory_bytes": 2321952,
      "allocations": 38746,
      "gc_time_ns": 0.0,
      "samples": 719
    },
    "latex/complex": {
      "time_ns": {
        "minimum": 14357.0,
        "median": 14797.0,
        "mean": 15121.2084,
        "maximum": 121317.0,
        "std": 2106.9561372239955
      },
      "memory_bytes": 4184,
      "allocations": 49,
      "gc_time_ns": 0.0,
      "samples": 10000
    },
    "latex/simple": {
      "time_ns": {
        "minimum": 6466.2,
        "median": 6674.6,
        "mean": 6781.06004,
        "maximum": 19670.8,
        "std": 535.6637686408349
      },
      "memory_bytes": 1880,
      "allocations": 26,
      "gc_time_ns": 0.0,
      "samples": 10000
    },
    "latex/spec_md": {
      "time_ns": {
        "minimum": 2.641079e6,
        "median": 2.744292e6,
        "mean": 2.824174090909091e6,
        "maximum": 2.6295351e7,
        "std": 574856.8787785337
      },
      "memory_bytes": 802184,
      "allocations": 2379,
      "gc_time_ns": 13039.56747600226,
      "samples": 1771
    },
    "markdown/complex": {
      "time_ns": {
        "minimum": 28153.0,
        "median": 29987.0,
        "mean": 30764.4229,
        "maximum": 158055.0,
        "std": 3924.4198535292153
      },
      "memory_bytes": 14112,
      "allocations": 238,
      "gc_time_ns": 0.0,
      "samples": 10000
    },
    "markdown/simple": {
      "time_ns": {
        "minimum": 6642.4,
        "median": 7870.8,
        "mean": 7952.180619999999,
        "maximum": 53406.0,
        "std": 1462.5046344572713
      },
      "memory_bytes": 5040,
      "allocations": 76,
      "gc_time_ns": 0.0,
      "samples": 10000
    },
    "markdown/spec_md": {
      "time_ns": {
        "minimum": 1.548716e6,
        "median": 1.7665535e6,
        "mean": 2.0027417760416667e6,
        "maximum": 2.68154114e8,
        "std": 6.407168495532653e6
      },
      "memory_bytes": 1768384,
      "allocations": 20307,
      "gc_time_ns": 177324.18709935897,
      "samples": 2496
    },
    "notebook/complex": {
      "time_ns": {
        "minimum": 140232.0,
        "median": 153822.5,
        "mean": 156825.234,
        "maximum": 369591.0,
        "std": 12239.780916655853
      },
      "memory_bytes": 63248,
      "allocations": 1041,
      "gc_time_ns": 0.0,
      "samples": 10000
    },
    "notebook/simple": {
      "time_ns": {
        "minimum": 51897.0,
        "median": 57017.0,
        "mean": 59079.2246,
        "maximum": 260858.0,
        "std": 7010.083873117757
      },
      "memory_bytes": 28528,
      "allocations": 440,
      "gc_time_ns": 0.0,
      "samples": 10000
    },
    "notebook/spec_md": {
      "time_ns": {
        "minimum": 2.1344574e7,
        "median": 2.36080215e7,
        "mean": 2.486199857920792e7,
        "maximum": 2.50031676e8,
        "std": 1.5965101545973979e7
      },
      "memory_bytes": 10839128,
      "allocations": 164413,
      "gc_time_ns": 1.1260866138613862e6,
      "samples": 202
    },
    "parse/complex": {
      "time_ns": {
        "minimum": 46647.0,
        "median": 59993.0,
        "mean": 60848.6931,
        "maximum": 309349.0,
        "std": 11261.403793419904
      },
      "memory_bytes": 36736,
      "allocations": 535,
      "gc_time_ns": 0.0,
      "samples": 10000
    },
    "parse/simple": {
      "time_ns": {
        "minimum": 17844.0,
        "median": 20217.0,
        "mean": 21595.4551,
        "maximum": 313215.0,
        "std": 4766.826206061206
      },
      "memory_bytes": 15808,
      "allocations": 224,
      "gc_time_ns": 0.0,
      "samples": 10000
    },
    "parse/spec_cases_all": {
      "time_ns": {
        "minimum": 2.996702e6,
        "median": 3.780077e6,
        "mean": 4.223729170608108e6,
        "maximum": 5.412468e8,
        "std": 1.562283814209575e7
      },
      "memory_bytes": 2530976,
      "allocations": 35622,
      "gc_time_ns": 453645.68327702704,
      "samples": 1184
    },
    "parse/spec_md": {
      "time_ns": {
        "minimum": 7.006803e6,
        "median": 8.053251e6,
        "mean": 8.814474566901408e6,
        "maximum": 4.75665847e8,
        "std": 1.9633302875932556e7
      },
      "memory_bytes": 5960640,
      "allocations": 88702,
      "gc_time_ns": 824131.198943662,
      "samples": 568
    },
    "roundtrip/full": {
      "time_ns": {
        "minimum": 1.068879e6,
        "median": 1.203165e6,
        "mean": 1.3471544261455527e6,
        "maximum": 4.74330117e8,
        "std": 7.7678272598305335e6
      },
      "memory_bytes": 576160,
      "allocations": 8450,
      "gc_time_ns": 127339.79380053909,
      "samples": 3710
    },
    "roundtrip/markdown_all_ext": {
      "time_ns": {
        "minimum": 184866.0,
        "median": 212762.5,
        "mean": 214850.5802,
        "maximum": 460411.0,
        "std": 22017.038300405442
      },
      "memory_bytes": 110848,
      "allocations": 1681,
      "gc_time_ns": 0.0,
      "samples": 10000
    },
    "roundtrip/parse_all_ext": {
      "time_ns": {
        "minimum": 732880.0,
        "median": 839965.5,
        "mean": 1.0119772829080599e6,
        "maximum": 7.6656868e8,
        "std": 1.0896876108485054e7
      },
      "memory_bytes": 465312,
      "allocations": 6769,
      "gc_time_ns": 155030.28675577158,
      "samples": 4938
    },
    "term/complex": {
      "time_ns": {
        "minimum": 69760.0,
        "median": 74740.0,
        "mean": 76662.5672,
        "maximum": 266839.0,
        "std": 7453.587253355158
      },
      "memory_bytes": 26368,
      "allocations": 434,
      "gc_time_ns": 0.0,
      "samples": 10000
    },
    "term/simple": {
      "time_ns": {
        "minimum": 22212.0,
        "median": 23033.0,
        "mean": 23442.4731,
        "maximum": 94256.0,
        "std": 2340.534102435779
      },
      "memory_bytes": 8480,
      "allocations": 130,
      "gc_time_ns": 0.0,
      "samples": 10000
    },
    "term/spec_md": {
      "time_ns": {
        "minimum": 1.3410501e7,
        "median": 1.3927674e7,
        "mean": 1.4081836120786516e7,
        "maximum": 1.5093263e7,
        "std": 446107.93544869614
      },
      "memory_bytes": 2795152,
      "allocations": 37098,
      "gc_time_ns": 0.0,
      "samples": 356
    },
    "typst/complex": {
      "time_ns": {
        "minimum": 17032.0,
        "median": 18194.0,
        "mean": 18610.0548,
        "maximum": 144360.0,
        "std": 2498.921484371901
      },
      "memory_bytes": 9936,