{
    "git": {
        "branch": "master",
        "commit": "3e83bb0b2b6fdacb6b7ad5ec0a76bde7da9ff8ef",
        "dirty": false
    },
    "julia_version": "1.12.6",
    "arch": "x86_64",
    "timestamp": "2026-05-01T08:24:50Z",
    "benchmarks": {
        "roundtrip/markdown_all_ext": {
            "time_ns": {
                "minimum": 160036,
                "median": 189929.5,
                "mean": 191753.6177,
                "maximum": 581097,
                "std": 21664.03465775736
            },
            "memory_bytes": 110912,
            "allocations": 1683,
            "gc_time_ns": 0,
            "samples": 10000
        },
        "latex/simple": {
            "time_ns": {
                "minimum": 6309.4,
                "median": 6645.8,
                "mean": 6731.886839999997,
                "maximum": 37271,
                "std": 564.729022453862
            },
            "memory_bytes": 1720,
            "allocations": 23,
            "gc_time_ns": 0,
            "samples": 10000
        },
        "roundtrip/parse_all_ext": {
            "time_ns": {
                "minimum": 697778,
                "median": 795963,
                "mean": 960275.6082612872,
                "maximum": 787404928,
                "std": 1.0903203372179162e7
            },
            "memory_bytes": 465312,
            "allocations": 6769,
            "gc_time_ns": 151101.79462055716,
            "samples": 5205
        },
        "markdown/simple": {
            "time_ns": {
                "minimum": 6531.6,
                "median": 6990.4,
                "mean": 7166.047600000003,
                "maximum": 25091,
                "std": 969.8496832762567
            },
            "memory_bytes": 5040,
            "allocations": 76,
            "gc_time_ns": 0,
            "samples": 10000
        },
        "term/simple": {
            "time_ns": {
                "minimum": 21662,
                "median": 22724,
                "mean": 23085.3715,
                "maximum": 219934,
                "std": 2861.1460673949605
            },
            "memory_bytes": 8480,
            "allocations": 130,
            "gc_time_ns": 0,
            "samples": 10000
        },
        "html/complex": {
            "time_ns": {
                "minimum": 41040,
                "median": 42983,
                "mean": 43628.3072,
                "maximum": 200766,
                "std": 3276.4474903229934
            },
            "memory_bytes": 10192,
            "allocations": 203,
            "gc_time_ns": 0,
            "samples": 10000
        },
        "typst/complex": {
            "time_ns": {
                "minimum": 15964,
                "median": 17015,
                "mean": 17299.7862,
                "maximum": 137643,
                "std": 2081.492900386402
            },
            "memory_bytes": 9936,
            "allocations": 144,
            "gc_time_ns": 0,
            "samples": 10000
        },
        "notebook/complex": {
            "time_ns": {
                "minimum": 122671,
                "median": 136641.5,
                "mean": 137482.5961,
                "maximum": 364057,
                "std": 8564.204397541027
            },
            "memory_bytes": 63248,
            "allocations": 1041,
            "gc_time_ns": 0,
            "samples": 10000
        },
        "term/complex": {
            "time_ns": {
                "minimum": 67109,
                "median": 72977,
                "mean": 74845.0561,
                "maximum": 274214,
                "std": 6407.005677532055
            },
            "memory_bytes": 26368,
            "allocations": 434,
            "gc_time_ns": 0,
            "samples": 10000
        },
        "parse/simple": {
            "time_ns": {
                "minimum": 16584,
                "median": 19259,
                "mean": 20581.2455,
                "maximum": 128450,
                "std": 3392.771275715869
            },
            "memory_bytes": 15808,
            "allocations": 224,
            "gc_time_ns": 0,
            "samples": 10000
        },
        "allocations/html_spec": {
            "time_ns": {
                "minimum": 6791632,
                "median": 6.9999635e6,
                "mean": 7169101,
                "maximum": 7752528,
                "std": 348926.515688396
            },
            "memory_bytes": 2053376,
            "allocations": 29154,
            "gc_time_ns": 0,
            "samples": 10
        },
        "html/simple": {
            "time_ns": {
                "minimum": 18026,
                "median": 19118,
                "mean": 19459.8339,
                "maximum": 146175,
                "std": 2237.2023258381137
            },
            "memory_bytes": 5408,
            "allocations": 112,
            "gc_time_ns": 0,
            "samples": 10000
        },
        "markdown/complex": {
            "time_ns": {
                "minimum": 26099,
                "median": 27891,
                "mean": 28716.7534,
                "maximum": 326922,
                "std": 7648.83597299371
            },
            "memory_bytes": 14112,
            "allocations": 238,
            "gc_time_ns": 0,
            "samples": 10000
        },
        "notebook/spec_md": {
            "time_ns": {
                "minimum": 20449731,
                "median": 2.26465015e7,
                "mean": 2.4082795418269232e7,
                "maximum": 276829802,
                "std": 1.7650206077551115e7
            },
            "memory_bytes": 10839128,
            "allocations": 164413,
            "gc_time_ns": 1.2108164326923077e6,
            "samples": 208
        },
        "html/spec_md": {
            "time_ns": {
                "minimum": 5752302,
                "median": 6124702,
                "mean": 6.295026032704403e6,
                "maximum": 10567919,
                "std": 439920.49807439535
            },
            "memory_bytes": 2053376,
            "allocations": 29154,
            "gc_time_ns": 0,
            "samples": 795
        },
        "latex/spec_md": {
            "time_ns": {
                "minimum": 2834769,
                "median": 3176202,
                "mean": 3.154437647318612e6,
                "maximum": 29531888,
                "std": 755305.6907936716
            },
            "memory_bytes": 780264,
            "allocations": 1992,
            "gc_time_ns": 16441.1476340694,
            "samples": 1585
        },
        "term/spec_md": {
            "time_ns": {
                "minimum": 13497457,
                "median": 14632410,
                "mean": 1.4616294373177843e7,
                "maximum": 27835591,
                "std": 1.1646293027452033e6
            },
            "memory_bytes": 2795152,
            "allocations": 37098,
            "gc_time_ns": 0,
            "samples": 343
        },
        "notebook/simple": {
            "time_ns": {
                "minimum": 43935,
                "median": 48973,
                "mean": 50244.0792,
                "maximum": 333842,
                "std": 5879.359500927077
            },
            "memory_bytes": 28528,
            "allocations": 440,
            "gc_time_ns": 0,
            "samples": 10000
        },
        "typst/spec_md": {
            "time_ns": {
                "minimum": 2802938,
                "median": 3241523,
                "mean": 3.3936086639511203e6,
                "maximum": 148889564,
                "std": 5.126880926051716e6
            },
            "memory_bytes": 1771376,
            "allocations": 20453,
            "gc_time_ns": 187887.96605566872,
            "samples": 1473
        },
        "allocations/parse_spec": {
            "time_ns": {
                "minimum": 7520431,
                "median": 8.4680485e6,
                "mean": 8.4987758e6,
                "maximum": 9529433,