{
  "arch": "x86_64",
  "benchmarks": {
    "allocations/html_spec": {
      "time_ns": {
        "minimum": 6.415715e6,
        "median": 6.4600065e6,
        "mean": 6.6098673e6,
        "maximum": 7.479164e6,
        "std": 330256.4282463115
      },
      "memory_bytes": 2321952,
      "allocations": 38746,
      "gc_time_ns": 0.0,
      "samples": 10
    },
    "allocations/parse_spec": {
      "time_ns": {
        "minimum": 7.609244e6,
        "median": 8.0895725e6,
        "mean": 8.3512711e6,
        "maximum": 9.438175e6,
        "std": 778808.3506749198
      },
      "memory_bytes": 5938144,
      "allocations": 87999,
      "gc_time_ns": 0.0,
      "samples": 10
    },
    "html/complex": {
      "time_ns": {
        "minimum": 48691.0,
        "median": 50525.0,
        "mean": 51668.3423,
        "maximum": 211726.0,
        "std": 4362.645214758782
      },
      "memory_bytes": 12320,
      "allocations": 279,
      "gc_time_ns": 0.0,
      "samples": 10000
    },
    "html/simple": {
      "time_ns": {
        "minimum": 21711.0,
        "median": 22953.0,
        "mean": 23452.4164,
        "maximum": 141906.0,
        "std": 2742.239896722414
      },
      "memory_bytes": 6640,
      "allocations": 156,
      "gc_time_ns": 0.0,
      "samples": 10000
    },
    "html/spec_md": {
      "time_ns": {
        "minimum": 6.383865e6,
        "median": 6.8922755e6,
        "mean": 6.967241155988858e6,
        "maximum": 9.461272e6,
        "std": 386081.08609789924
      },
      "memory_bytes": 2321952,
      "allocations": 38746,
      "gc_time_ns": 0.0,
      "samples": 718
    },
    "latex/complex": {
      "time_ns": {
        "minimum": 14496.0,
        "median": 14948.0,
        "mean": 15256.4158,
        "maximum": 139441.0,
        "std": 2076.474836130905
      },
      "memory_bytes": 4184,
      "allocations": 49,
      "gc_time_ns": 0.0,
      "samples": 10000
    },
    "latex/simple": {
      "time_ns": {
        "minimum": 6452.0,
        "median": 6644.5,
        "mean": 6774.234,
        "maximum": 39105.2,
        "std": 726.54447857508
      },
      "memory_bytes": 1880,
      "allocations": 26,
      "gc_time_ns": 0.0,
      "samples": 10000
    },
    "latex/spec_md": {
      "time_ns": {
        "minimum": 2.648507e6,
        "median": 2.888055e6,
        "mean": 2.867129213876147e6,
        "maximum": 2.6047361e7,
        "std": 571356.6125737241
      },
      "memory_bytes": 802184,
      "allocations": 2379,
      "gc_time_ns": 13069.001720183487,
      "samples": 1744
    },
    "markdown/complex": {
      "time_ns": {
        "minimum": 27862.0,
        "median": 29525.0,
        "mean": 30168.6266,
        "maximum": 153347.0,
        "std": 3469.5927627844735
      },
      "memory_bytes": 14112,
      "allocations": 238,
      "gc_time_ns": 0.0,
      "samples": 10000
    },
    "markdown/simple": {
      "time_ns": {
        "minimum": 6768.6,
        "median": 7335.6,
        "mean": 8001.290940000001,
        "maximum": 68368.0,
        "std": 2421.0089191658476
      },
      "memory_bytes": 5040,
      "allocations": 76,
      "gc_time_ns": 0.0,
      "samples": 10000
    },
    "markdown/spec_md": {
      "time_ns": {
        "minimum": 1.53595e6,
        "median": 1.711144e6,
        "mean": 1.988687738265712e6,
        "maximum": 2.7266694e8,
        "std": 6.43829063511215e6
      },
      "memory_bytes": 1768384,
      "allocations": 20307,
      "gc_time_ns": 177220.86356404136,
      "samples": 2514
    },
    "notebook/complex": {
      "time_ns": {
        "minimum": 138870.0,
        "median": 153587.0,
        "mean": 156876.8075,
        "maximum": 513922.0,
        "std": 14997.014542853642
      },
      "memory_bytes": 63248,
      "allocations": 1041,
      "gc_time_ns": 0.0,
      "samples": 10000
    },
    "notebook/simple": {
      "time_ns": {
        "minimum": 51346.0,
        "median": 56556.0,
        "mean": 58645.2302,
        "maximum": 241201.0,
        "std": 6957.840255661975
      },
      "memory_bytes": 28528,
      "allocations": 440,
      "gc_time_ns": 0.0,
      "samples": 10000
    },
    "notebook/spec_md": {
      "time_ns": {
        "minimum": 2.1258052e7,
        "median": 2.37605505e7,
        "mean": 2.5054195915e7,
        "maximum": 2.55466903e8,
        "std": 1.6428357579875974e7
      },
      "memory_bytes": 10839128,
      "allocations": 164413,
      "gc_time_ns": 1.153665735e6,
      "samples": 200
    },
    "parse/complex": {
      "time_ns": {
        "minimum": 47599.0,
        "median": 61515.0,
        "mean": 61864.3987,
        "maximum": 343292.0,
        "std": 12276.72340786016
      },
      "memory_bytes": 36704,
      "allocations": 534,
      "gc_time_ns": 0.0,
      "samples": 10000
    },
    "parse/simple": {
      "time_ns": {
        "minimum": 17703.0,
        "median": 19988.0,
        "mean": 21366.6952,
        "maximum": 124433.0,
        "std": 3513.275349394782
      },
      "memory_bytes": 15776,
      "allocations": 223,
      "gc_time_ns": 0.0,
      "samples": 10000
    },
    "parse/spec_cases_all": {
      "time_ns": {
        "minimum": 2.961166e6,
        "median": 3.778055e6,
        "mean": 4.212039919966302e6,
        "maximum": 5.34826189e8,
        "std": 1.5418236535681024e7
      },
      "memory_bytes": 2529568,
      "allocations": 35580,
      "gc_time_ns": 447132.44397641113,
      "samples": 1187
    },
    "parse/spec_md": {
      "time_ns": {
        "minimum": 6.916345e6,
        "median": 7.987347e6,
        "mean": 8.731589673647469e6,
        "maximum": 4.68074537e8,
        "std": 1.9235450246955674e7
      },
      "memory_bytes": 5938144,
      "allocations": 87999,
      "gc_time_ns": 800817.5235602094,
      "samples": 573
    },
    "roundtrip/full": {
      "time_ns": {
        "minimum": 1.066476e6,
        "median": 1.220334e6,
        "mean": 1.3704231379215794e6,
        "maximum": 4.87664911e8,
        "std": 8.055312100695113e6
      },
      "memory_bytes": 576032,
      "allocations": 8446,
      "gc_time_ns": 133258.11680833562,
      "samples": 3647
    },
    "roundtrip/markdown_all_ext": {
      "time_ns": {
        "minimum": 184796.0,
        "median": 214767.0,
        "mean": 217232.0244,
        "maximum": 538006.0,
        "std": 23116.847906618204
      },
      "memory_bytes": 110848,
      "allocations": 1681,
      "gc_time_ns": 0.0,
      "samples": 10000
    },
    "roundtrip/parse_all_ext": {
      "time_ns": {
        "minimum": 741307.0,
        "median": 844483.0,
        "mean": 1.0200192412244898e6,
        "maximum": 7.928835e8,
        "std": 1.131514938280876e7
      },
      "memory_bytes": 465184,
      "allocations": 6765,
      "gc_time_ns": 161581.6363265306,
      "samples": 4900
    },
    "term/complex": {
      "time_ns": {
        "minimum": 69040.0,
        "median": 74434.5,
        "mean": 76247.5746,
        "maximum": 320089.0,
        "std": 7602.980667839318
      },
      "memory_bytes": 26368,
      "allocations": 434,
      "gc_time_ns": 0.0,
      "samples": 10000
    },
    "term/simple": {
      "time_ns": {
        "minimum": 21660.0,
        "median": 22513.0,
        "mean": 22933.9603,
        "maximum": 100909.0,
        "std": 2397.7558949269787
      },
      "memory_bytes": 8480,
      "allocations": 130,
      "gc_time_ns": 0.0,
      "samples": 10000
    },
    "term/spec_md": {
      "time_ns": {
        "minimum": 1.3337508e7,
        "median": 1.3827296e7,
        "mean": 1.4005909840336135e7,
        "maximum": 1.5951923e7,
        "std": 457735.4862496115
      },
      "memory_bytes": 2795152,
      "allocations": 37098,
      "gc_time_ns": 0.0,
      "samples": 357
    },
    "typst/complex": {
      "time_ns": {
        "minimum": 17132.0,
        "median": 18214.0,
        "mean": 18655.1179,
        "maximum": 128039.0,
        "std": 2741.730596733767
      },
      "memory_bytes": 9936,