{
  "arch": "x86_64",
  "benchmarks": {
    "allocations/html_spec": {
      "time_ns": {
        "minimum": 6.352437e6,
        "median": 6.4467135e6,
        "mean": 6.8037083e6,
        "maximum": 9.133125e6,
        "std": 878365.8621416185
      },
      "memory_bytes": 2321952,
      "allocations": 38746,
      "gc_time_ns": 0.0,
      "samples": 10
    },
    "allocations/parse_spec": {
      "time_ns": {
        "minimum": 7.30434e6,
        "median": 7.8196295e6,
        "mean": 7.9637099e6,
        "maximum": 8.955593e6,
        "std": 672533.690612258
      },
      "memory_bytes": 5938144,
      "allocations": 87999,
      "gc_time_ns": 0.0,
      "samples": 10
    },
    "html/complex": {
      "time_ns": {
        "minimum": 47729.0,
        "median": 49653.0,
        "mean": 50808.7131,
        "maximum": 175428.0,
        "std": 4325.906952753929
      },
      "memory_bytes": 12320,
      "allocations": 279,
      "gc_time_ns": 0.0,
      "samples": 10000
    },
    "html/simple": {
      "time_ns": {
        "minimum": 21190.0,
        "median": 22462.0,
        "mean": 22941.211,
        "maximum": 124954.0,
        "std": 2540.615510736786
      },
      "memory_bytes": 6640,
      "allocations": 156,
      "gc_time_ns": 0.0,
      "samples": 10000
    },
    "html/spec_md": {
      "time_ns": {
        "minimum": 6.260625e6,
        "median": 6.6228385e6,
        "mean": 6.706701225201072e6,
        "maximum": 7.595897e6,
        "std": 276267.01355261984
      },
      "memory_bytes": 2321952,
      "allocations": 38746,
      "gc_time_ns": 0.0,
      "samples": 746
    },
    "latex/complex": {
      "time_ns": {
        "minimum": 14307.0,
        "median": 14838.0,
        "mean": 15107.1151,
        "maximum": 90079.0,
        "std": 1760.8057413405556
      },
      "memory_bytes": 4184,
      "allocations": 49,
      "gc_time_ns": 0.0,
      "samples": 10000
    },
    "latex/simple": {
      "time_ns": {
        "minimum": 6398.2,
        "median": 6618.4,
        "mean": 6712.460360000001,
        "maximum": 19107.8,
        "std": 493.18635358513995
      },
      "memory_bytes": 1880,
      "allocations": 26,
      "gc_time_ns": 0.0,
      "samples": 10000
    },
    "latex/spec_md": {
      "time_ns": {
        "minimum": 2.647819e6,
        "median": 2.739856e6,
        "mean": 2.8188296792559186e6,
        "maximum": 2.5339692e7,
        "std": 549591.770895059
      },
      "memory_bytes": 802184,
      "allocations": 2379,
      "gc_time_ns": 12597.016910935738,
      "samples": 1774
    },
    "markdown/complex": {
      "time_ns": {
        "minimum": 27512.0,
        "median": 29064.0,
        "mean": 29627.4628,
        "maximum": 137478.0,
        "std": 2852.9955825404913
      },
      "memory_bytes": 14112,
      "allocations": 238,
      "gc_time_ns": 0.0,
      "samples": 10000
    },
    "markdown/simple": {
      "time_ns": {
        "minimum": 6760.6,
        "median": 7191.4,
        "mean": 7533.051180000001,
        "maximum": 57189.2,
        "std": 1417.7046727970303
      },
      "memory_bytes": 5040,
      "allocations": 76,
      "gc_time_ns": 0.0,
      "samples": 10000
    },
    "markdown/spec_md": {
      "time_ns": {
        "minimum": 1.510969e6,
        "median": 1.71124e6,
        "mean": 1.9667265228166797e6,
        "maximum": 2.7644385e8,
        "std": 6.612452559154638e6
      },
      "memory_bytes": 1768384,
      "allocations": 20307,
      "gc_time_ns": 181943.45082612117,
      "samples": 2542
    },
    "notebook/complex": {
      "time_ns": {
        "minimum": 139352.0,
        "median": 154730.0,
        "mean": 156675.1504,
        "maximum": 345638.0,
        "std": 10799.79372788371
      },
      "memory_bytes": 63248,
      "allocations": 1041,
      "gc_time_ns": 0.0,
      "samples": 10000
    },
    "notebook/simple": {
      "time_ns": {
        "minimum": 51857.0,
        "median": 57087.0,
        "mean": 59142.4947,
        "maximum": 288280.0,
        "std": 7265.561424573695
      },
      "memory_bytes": 28528,
      "allocations": 440,
      "gc_time_ns": 0.0,
      "samples": 10000
    },
    "notebook/spec_md": {
      "time_ns": {
        "minimum": 2.0049436e7,
        "median": 2.24655715e7,
        "mean": 2.368213166981132e7,
        "maximum": 2.50866675e8,
        "std": 1.5731989326101055e7
      },
      "memory_bytes": 10839128,
      "allocations": 164413,
      "gc_time_ns": 1.083055674528302e6,
      "samples": 212
    },
    "parse/complex": {
      "time_ns": {
        "minimum": 46939.0,
        "median": 61806.0,
        "mean": 61752.4389,
        "maximum": 237815.0,
        "std": 9085.932085155182
      },
      "memory_bytes": 36704,
      "allocations": 534,
      "gc_time_ns": 0.0,
      "samples": 10000
    },
    "parse/simple": {
      "time_ns": {
        "minimum": 17873.0,
        "median": 20409.0,
        "mean": 21717.1919,
        "maximum": 117671.0,
        "std": 3377.961606196211
      },
      "memory_bytes": 15776,
      "allocations": 223,
      "gc_time_ns": 0.0,
      "samples": 10000
    },
    "parse/spec_cases_all": {
      "time_ns": {
        "minimum": 2.951026e6,
        "median": 3.7777805e6,
        "mean": 4.20203668487395e6,
        "maximum": 5.35201007e8,
        "std": 1.5408769767959867e7
      },
      "memory_bytes": 2529568,
      "allocations": 35580,
      "gc_time_ns": 446319.2638655462,
      "samples": 1190
    },
    "parse/spec_md": {
      "time_ns": {
        "minimum": 6.910222e6,
        "median": 8.023337e6,
        "mean": 8.733579912739964e6,
        "maximum": 4.72034928e8,
        "std": 1.939980647070857e7
      },
      "memory_bytes": 5938144,
      "allocations": 87999,
      "gc_time_ns": 808314.8237347296,
      "samples": 573
    },
    "roundtrip/full": {
      "time_ns": {
        "minimum": 1.053624e6,
        "median": 1.2062745e6,
        "mean": 1.3407496928648069e6,
        "maximum": 4.6186199e8,
        "std": 7.544713325917306e6
      },
      "memory_bytes": 576032,
      "allocations": 8446,
      "gc_time_ns": 123370.37043991416,
      "samples": 3728
    },
    "roundtrip/markdown_all_ext": {
      "time_ns": {
        "minimum": 183353.0,
        "median": 212889.0,
        "mean": 214073.0682,
        "maximum": 474539.0,
        "std": 21606.66889539487
      },
      "memory_bytes": 110848,
      "allocations": 1681,
      "gc_time_ns": 0.0,
      "samples": 10000
    },
    "roundtrip/parse_all_ext": {
      "time_ns": {
        "minimum": 737352.0,
        "median": 839763.0,
        "mean": 1.0138823597078515e6,
        "maximum": 7.7195858e8,
        "std": 1.0983618173471058e7
      },
      "memory_bytes": 465184,
      "allocations": 6765,
      "gc_time_ns": 156344.61310610673,
      "samples": 4929
    },
    "term/complex": {
      "time_ns": {
        "minimum": 68088.0,
        "median": 71378.5,
        "mean": 73225.4158,
        "maximum": 254788.0,
        "std": 5855.663015427492
      },
      "memory_bytes": 26368,
      "allocations": 434,
      "gc_time_ns": 0.0,
      "samples": 10000
    },
    "term/simple": {
      "time_ns": {
        "minimum": 21851.0,
        "median": 22652.0,
        "mean": 23026.1393,
        "maximum": 95358.0,
        "std": 2159.1228132340625
      },
      "memory_bytes": 8480,
      "allocations": 130,
      "gc_time_ns": 0.0,
      "samples": 10000
    },
    "term/spec_md": {
      "time_ns": {
        "minimum": 1.2788414e7,
        "median": 1.3437921e7,
        "mean": 1.3498659867924528e7,
        "maximum": 1.4685428e7,
        "std": 452353.93379112944
      },
      "memory_bytes": 2795152,
      "allocations": 37098,
      "gc_time_ns": 0.0,
      "samples": 371
    },
    "typst/complex": {
      "time_ns": {
        "minimum": 16771.0,
        "median": 17533.0,
        "mean": 17916.1674,
        "maximum": 116418.0,
        "std": 2315.352446620697
      },