{
    "git": {
        "branch": "master",
        "commit": "98783f1703272bc361e15c1bab036f1b522bef0b",
        "dirty": false
    },
    "julia_version": "1.12.3",
    "arch": "x86_64",
    "timestamp": "2026-01-07T18:17:58Z",
    "benchmarks": {
        "roundtrip/markdown_all_ext": {
            "time_ns": {
                "minimum": 173404,
                "median": 199933,
                "mean": 203930.1196,
                "maximum": 546781,
                "std": 25346.57994120641
            },
            "memory_bytes": 110720,
            "allocations": 1680,
            "gc_time_ns": 0,
            "samples": 10000
        },
        "latex/simple": {
            "time_ns": {
                "minimum": 6253.8,
                "median": 6494.2,
                "mean": 6580.4450000000015,
                "maximum": 25944.6,
                "std": 486.2191045987063
            },
            "memory_bytes": 1720,
            "allocations": 23,
            "gc_time_ns": 0,
            "samples": 10000
        },
        "roundtrip/parse_all_ext": {
            "time_ns": {
                "minimum": 806466,
                "median": 884322,
                "mean": 1.0624358974194925e6,
                "maximum": 666636188,
                "std": 9.722207496434007e6
            },
            "memory_bytes": 454256,
            "allocations": 6614,
            "gc_time_ns": 141913.68351460865,
            "samples": 4689
        },
        "markdown/simple": {
            "time_ns": {
                "minimum": 7123.5,
                "median": 7596.75,
                "mean": 7838.5761,
                "maximum": 61662.5,
                "std": 1620.2201988682193
            },
            "memory_bytes": 5040,
            "allocations": 76,
            "gc_time_ns": 0,
            "samples": 10000
        },
        "term/simple": {
            "time_ns": {
                "minimum": 21450,
                "median": 22121,
                "mean": 22480.3584,
                "maximum": 226022,
                "std": 2909.792089161982
            },
            "memory_bytes": 8864,
            "allocations": 142,
            "gc_time_ns": 0,
            "samples": 10000
        },
        "html/complex": {
            "time_ns": {
                "minimum": 41738,
                "median": 43471,
                "mean": 44329.7013,
                "maximum": 167754,
                "std": 3913.9396380152966
            },
            "memory_bytes": 11536,
            "allocations": 242,
            "gc_time_ns": 0,
            "samples": 10000
        },
        "typst/complex": {
            "time_ns": {
                "minimum": 16280,
                "median": 16962,
                "mean": 17257.7623,
                "maximum": 104466,
                "std": 1843.9568028204392
            },
            "memory_bytes": 8928,
            "allocations": 126,
            "gc_time_ns": 0,
            "samples": 10000
        },
        "notebook/complex": {
            "time_ns": {
                "minimum": 136575,
                "median": 150110,
                "mean": 154394.8672,
                "maximum": 520122,
                "std": 23292.402721171053
            },
            "memory_bytes": 63248,
            "allocations": 1041,
            "gc_time_ns": 0,
            "samples": 10000
        },
        "term/complex": {
            "time_ns": {
                "minimum": 66874,
                "median": 70121,
                "mean": 71849.9487,
                "maximum": 341579,
                "std": 5344.6448331304055
            },
            "memory_bytes": 26240,
            "allocations": 430,
            "gc_time_ns": 0,
            "samples": 10000
        },
        "parse/simple": {
            "time_ns": {
                "minimum": 23063,
                "median": 25527,
                "mean": 26315.3874,
                "maximum": 130003,
                "std": 2906.752368443928
            },
            "memory_bytes": 15872,
            "allocations": 226,
            "gc_time_ns": 0,
            "samples": 10000
        },
        "allocations/html_spec": {
            "time_ns": {
                "minimum": 5888437,
                "median": 5.9069925e6,
                "mean": 5961448,
                "maximum": 6413829,
                "std": 160754.59123286165
            },
            "memory_bytes": 2077856,
            "allocations": 29829,
            "gc_time_ns": 0,
            "samples": 10
        },
        "html/simple": {
            "time_ns": {
                "minimum": 20187,
                "median": 21159,
                "mean": 21490.2171,
                "maximum": 121878,
                "std": 2032.339015556953
            },
            "memory_bytes": 5952,
            "allocations": 127,
            "gc_time_ns": 0,
            "samples": 10000
        },
        "markdown/complex": {
            "time_ns": {
                "minimum": 28674,
                "median": 30216,
                "mean": 30682.675,
                "maximum": 134722,
                "std": 2571.5005507841656
            },
            "memory_bytes": 14112,
            "allocations": 238,
            "gc_time_ns": 0,
            "samples": 10000
        },
        "notebook/spec_md": {
            "time_ns": {
                "minimum": 19663797,
                "median": 22111063,
                "mean": 2.3546449384259257e7,
                "maximum": 183679416,
                "std": 1.4297154273436377e7
            },
            "memory_bytes": 10839128,
            "allocations": 164413,
            "gc_time_ns": 1.3673729259259258e6,
            "samples": 216
        },
        "html/spec_md": {
            "time_ns": {
                "minimum": 5842412,
                "median": 6238251,
                "mean": 6.286251144654088e6,
                "maximum": 7777035,
                "std": 232432.25761974617
            },
            "memory_bytes": 2077856,
            "allocations": 29829,
            "gc_time_ns": 0,
            "samples": 795
        },
        "latex/spec_md": {
            "time_ns": {
                "minimum": 2579648,
                "median": 2649168,
                "mean": 2.7299258907103827e6,
                "maximum": 28700246,
                "std": 783434.5122602264
            },
            "memory_bytes": 780264,
            "allocations": 1992,
            "gc_time_ns": 25254.827322404373,
            "samples": 1830
        },
        "term/spec_md": {
            "time_ns": {
                "minimum": 12583868,
                "median": 13065107,
                "mean": 1.3195001490765171e7,
                "maximum": 15088465,
                "std": 439251.42935126444
            },
            "memory_bytes": 2802880,
            "allocations": 37331,
            "gc_time_ns": 0,
            "samples": 379
        },
        "notebook/simple": {
            "time_ns": {
                "minimum": 51766,
                "median": 55944,
                "mean": 58505.563,
                "maximum": 224359,
                "std": 9630.013637669326
            },
            "memory_bytes": 28528,
            "allocations": 440,
            "gc_time_ns": 0,
            "samples": 10000
        },
        "typst/spec_md": {
            "time_ns": {
                "minimum": 2619644,
                "median": 2780323,
                "mean": 3.0085178880192656e6,
                "maximum": 96487087,
                "std": 3.2666451704079537e6
            },
            "memory_bytes": 1771376,
            "allocations": 20453,
            "gc_time_ns": 132399.40276941602,
            "samples": 1661
        },
        "allocations/parse_spec": {
            "time_ns": {
                "minimum": 10427354,
                "median": 1.04923005e7,
                "mean": 1.05604098e7,
                "maximum": 10907070,