{
    "git": {
        "branch": "master",
        "commit": "959773409a8462f4bc622c856ada717988e0a6aa",
        "dirty": false
    },
    "julia_version": "1.12.6",
    "arch": "x86_64",
    "timestamp": "2026-06-03T08:03:56Z",
    "benchmarks": {
        "roundtrip/markdown_all_ext": {
            "time_ns": {
                "minimum": 161492,
                "median": 190116,
                "mean": 191866.0255,
                "maximum": 506561,
                "std": 19972.47693574196
            },
            "memory_bytes": 110912,
            "allocations": 1683,
            "gc_time_ns": 0,
            "samples": 10000
        },
        "latex/simple": {
            "time_ns": {
                "minimum": 6095,
                "median": 6337.6,
                "mean": 6423.421579999999,
                "maximum": 21428.2,
                "std": 480.7492604627148
            },
            "memory_bytes": 1720,
            "allocations": 23,
            "gc_time_ns": 0,
            "samples": 10000
        },
        "roundtrip/parse_all_ext": {
            "time_ns": {
                "minimum": 701845,
                "median": 800558,
                "mean": 965699.7948222565,
                "maximum": 781033173,
                "std": 1.0845068650489165e7
            },
            "memory_bytes": 465312,
            "allocations": 6769,
            "gc_time_ns": 150663.46251931993,
            "samples": 5176
        },
        "markdown/simple": {
            "time_ns": {
                "minimum": 6365.6,
                "median": 6996.6,
                "mean": 7177.3102,
                "maximum": 44611,
                "std": 1115.9493893290655
            },
            "memory_bytes": 5040,
            "allocations": 76,
            "gc_time_ns": 0,
            "samples": 10000
        },
        "term/simple": {
            "time_ns": {
                "minimum": 21913,
                "median": 22965,
                "mean": 23303.4502,
                "maximum": 103265,
                "std": 2022.9880205213963
            },
            "memory_bytes": 8480,
            "allocations": 130,
            "gc_time_ns": 0,
            "samples": 10000
        },
        "html/complex": {
            "time_ns": {
                "minimum": 40731,
                "median": 42655,
                "mean": 43241.3231,
                "maximum": 233160,
                "std": 3219.219318314353
            },
            "memory_bytes": 10192,
            "allocations": 203,
            "gc_time_ns": 0,
            "samples": 10000
        },
        "typst/complex": {
            "time_ns": {
                "minimum": 16004,
                "median": 17065,
                "mean": 17357.0576,
                "maximum": 128503,
                "std": 2016.8682551019747
            },
            "memory_bytes": 9936,
            "allocations": 144,
            "gc_time_ns": 0,
            "samples": 10000
        },
        "notebook/complex": {
            "time_ns": {
                "minimum": 122745,
                "median": 136385,
                "mean": 137624.7007,
                "maximum": 424748,
                "std": 12354.995495972067
            },
            "memory_bytes": 63248,
            "allocations": 1041,
            "gc_time_ns": 0,
            "samples": 10000
        },
        "term/complex": {
            "time_ns": {
                "minimum": 67211,
                "median": 71528,
                "mean": 73506.3109,
                "maximum": 236946,
                "std": 5433.370031631496
            },
            "memory_bytes": 26368,
            "allocations": 434,
            "gc_time_ns": 0,
            "samples": 10000
        },
        "parse/simple": {
            "time_ns": {
                "minimum": 17046,
                "median": 19720,
                "mean": 24031.4315,
                "maximum": 271027,
                "std": 13061.901263184032
            },
            "memory_bytes": 15808,
            "allocations": 224,
            "gc_time_ns": 0,
            "samples": 10000
        },
        "allocations/html_spec": {
            "time_ns": {
                "minimum": 5830946,
                "median": 5876925,
                "mean": 5.9823984e6,
                "maximum": 6611639,
                "std": 240738.68123903792
            },
            "memory_bytes": 2053376,
            "allocations": 29154,
            "gc_time_ns": 0,
            "samples": 10
        },
        "html/simple": {
            "time_ns": {
                "minimum": 17616,
                "median": 18728,
                "mean": 19050.8419,
                "maximum": 160511,
                "std": 2217.6677263104184
            },
            "memory_bytes": 5408,
            "allocations": 112,
            "gc_time_ns": 0,
            "samples": 10000
        },
        "markdown/complex": {
            "time_ns": {
                "minimum": 25919,
                "median": 27772,
                "mean": 28208.3448,
                "maximum": 156916,
                "std": 2587.614146353741
            },
            "memory_bytes": 14112,
            "allocations": 238,
            "gc_time_ns": 0,
            "samples": 10000
        },
        "notebook/spec_md": {
            "time_ns": {
                "minimum": 19708694,
                "median": 21898555,
                "mean": 2.331241483255814e7,
                "maximum": 265330635,
                "std": 1.6636743098234741e7
            },
            "memory_bytes": 10839128,
            "allocations": 164413,
            "gc_time_ns": 1.1281078837209302e6,
            "samples": 215
        },
        "html/spec_md": {
            "time_ns": {
                "minimum": 5786026,
                "median": 6089072,
                "mean": 6.2423360461922595e6,
                "maximum": 10643057,
                "std": 365878.19228432316
            },
            "memory_bytes": 2053376,
            "allocations": 29154,
            "gc_time_ns": 0,
            "samples": 801
        },
        "latex/spec_md": {
            "time_ns": {
                "minimum": 2772996,
                "median": 3.0961475e6,
                "mean": 3.0117519530120483e6,
                "maximum": 28088446,
                "std": 636102.8558182487
            },
            "memory_bytes": 780264,
            "allocations": 1992,
            "gc_time_ns": 14969.330722891566,
            "samples": 1660
        },
        "term/spec_md": {
            "time_ns": {
                "minimum": 12988348,
                "median": 13523031,
                "mean": 1.3811983280991735e7,
                "maximum": 16107906,
                "std": 638026.3906716952
            },
            "memory_bytes": 2795152,
            "allocations": 37098,
            "gc_time_ns": 0,
            "samples": 363
        },
        "notebook/simple": {
            "time_ns": {
                "minimum": 43726,
                "median": 48543,
                "mean": 49745.2349,
                "maximum": 315224,
                "std": 5205.714216375333
            },
            "memory_bytes": 28528,
            "allocations": 440,
            "gc_time_ns": 0,
            "samples": 10000
        },
        "typst/spec_md": {
            "time_ns": {
                "minimum": 2746087,
                "median": 3.1076745e6,
                "mean": 3.26042629726206e6,
                "maximum": 144165848,
                "std": 4.762823666468027e6
            },
            "memory_bytes": 1771376,
            "allocations": 20453,
            "gc_time_ns": 170682.75358539764,
            "samples": 1534
        },
        "allocations/parse_spec": {
            "time_ns": {
                "minimum": 7452349,
                "median": 8315301,
                "mean": 8.3398822e6,
                "maximum": 9378494,