{
    "git": {
        "branch": "master",
        "commit": "2b799105d7e9864ad57526902384fe017890fdb6",
        "dirty": false
    },
    "julia_version": "1.12.5",
    "arch": "x86_64",
    "timestamp": "2026-02-11T12:08:05Z",
    "benchmarks": {
        "roundtrip/markdown_all_ext": {
            "time_ns": {
                "minimum": 187699,
                "median": 211603,
                "mean": 213628.3047,
                "maximum": 969364,
                "std": 20558.840905444926
            },
            "memory_bytes": 110912,
            "allocations": 1683,
            "gc_time_ns": 0,
            "samples": 10000
        },
        "latex/simple": {
            "time_ns": {
                "minimum": 6355.8,
                "median": 6544.2,
                "mean": 6626.271040000003,
                "maximum": 17937.4,
                "std": 433.0236714445546
            },
            "memory_bytes": 1720,
            "allocations": 23,
            "gc_time_ns": 0,
            "samples": 10000
        },
        "roundtrip/parse_all_ext": {
            "time_ns": {
                "minimum": 708571,
                "median": 794871,
                "mean": 951443.2615090735,
                "maximum": 697095838,
                "std": 9.62361364928744e6
            },
            "memory_bytes": 465312,
            "allocations": 6769,
            "gc_time_ns": 132956.36981852914,
            "samples": 5235
        },
        "markdown/simple": {
            "time_ns": {
                "minimum": 6942.8,
                "median": 7365.6,
                "mean": 7559.952699999997,
                "maximum": 43104.4,
                "std": 1710.7834311126371
            },
            "memory_bytes": 5040,
            "allocations": 76,
            "gc_time_ns": 0,
            "samples": 10000
        },
        "term/simple": {
            "time_ns": {
                "minimum": 21530,
                "median": 22332,
                "mean": 22660.2465,
                "maximum": 86080,
                "std": 1890.9274035198414
            },
            "memory_bytes": 8480,
            "allocations": 130,
            "gc_time_ns": 0,
            "samples": 10000
        },
        "html/complex": {
            "time_ns": {
                "minimum": 46988,
                "median": 48971,
                "mean": 49782.8118,
                "maximum": 163755,
                "std": 3785.801077151352
            },
            "memory_bytes": 10192,
            "allocations": 203,
            "gc_time_ns": 0,
            "samples": 10000
        },
        "typst/complex": {
            "time_ns": {
                "minimum": 17332,
                "median": 18204.5,
                "mean": 18539.9097,
                "maximum": 109474,
                "std": 2002.0734570336438
            },
            "memory_bytes": 9936,
            "allocations": 144,
            "gc_time_ns": 0,
            "samples": 10000
        },
        "notebook/complex": {
            "time_ns": {
                "minimum": 136735,
                "median": 148666.5,
                "mean": 150549.1382,
                "maximum": 369248,
                "std": 12279.25484214122
            },
            "memory_bytes": 63248,
            "allocations": 1041,
            "gc_time_ns": 0,
            "samples": 10000
        },
        "term/complex": {
            "time_ns": {
                "minimum": 67907,
                "median": 72014,
                "mean": 74251.8241,
                "maximum": 318323,
                "std": 6126.510361280709
            },
            "memory_bytes": 26368,
            "allocations": 434,
            "gc_time_ns": 0,
            "samples": 10000
        },
        "parse/simple": {
            "time_ns": {
                "minimum": 18073,
                "median": 20288,
                "mean": 21431.0121,
                "maximum": 108392,
                "std": 2919.5930176468873
            },
            "memory_bytes": 15808,
            "allocations": 224,
            "gc_time_ns": 0,
            "samples": 10000
        },
        "allocations/html_spec": {
            "time_ns": {
                "minimum": 6086112,
                "median": 6.1923695e6,
                "mean": 6.2453764e6,
                "maximum": 6650794,
                "std": 183713.0292247486
            },
            "memory_bytes": 2053376,
            "allocations": 29154,
            "gc_time_ns": 0,
            "samples": 10
        },
        "html/simple": {
            "time_ns": {
                "minimum": 20538,
                "median": 21801,
                "mean": 22125.7608,
                "maximum": 120264,
                "std": 2076.584203825821
            },
            "memory_bytes": 5408,
            "allocations": 112,
            "gc_time_ns": 0,
            "samples": 10000
        },
        "markdown/complex": {
            "time_ns": {
                "minimum": 28142,
                "median": 29615,
                "mean": 30094.0149,
                "maximum": 152725,
                "std": 2693.052857306595
            },
            "memory_bytes": 14112,
            "allocations": 238,
            "gc_time_ns": 0,
            "samples": 10000
        },
        "notebook/spec_md": {
            "time_ns": {
                "minimum": 19520578,
                "median": 21786966,
                "mean": 2.273114915e7,
                "maximum": 196363445,
                "std": 1.1819618708482374e7
            },
            "memory_bytes": 10839128,
            "allocations": 164413,
            "gc_time_ns": 783955.1727272727,
            "samples": 220
        },
        "html/spec_md": {
            "time_ns": {
                "minimum": 6061880,
                "median": 6490008,
                "mean": 6.517826777053455e6,
                "maximum": 7524969,
                "std": 209585.15906794017
            },
            "memory_bytes": 2053376,
            "allocations": 29154,
            "gc_time_ns": 0,
            "samples": 767
        },
        "latex/spec_md": {
            "time_ns": {
                "minimum": 2611175,
                "median": 2.8569175e6,
                "mean": 2.8072134061797755e6,
                "maximum": 24551020,
                "std": 528370.74012995
            },
            "memory_bytes": 780264,
            "allocations": 1992,
            "gc_time_ns": 12101.866292134831,
            "samples": 1780
        },
        "term/spec_md": {
            "time_ns": {
                "minimum": 12773476,
                "median": 1.32859655e7,
                "mean": 1.3452084018817205e7,
                "maximum": 17705391,
                "std": 574321.3641845668
            },
            "memory_bytes": 2795152,
            "allocations": 37098,
            "gc_time_ns": 0,
            "samples": 372
        },
        "notebook/simple": {
            "time_ns": {
                "minimum": 51826,
                "median": 56445,
                "mean": 57861.4134,
                "maximum": 205413,
                "std": 5003.012111130539
            },
            "memory_bytes": 28528,
            "allocations": 440,
            "gc_time_ns": 0,
            "samples": 10000
        },
        "typst/spec_md": {
            "time_ns": {
                "minimum": 2667190,
                "median": 2919705,
                "mean": 3.058913380660955e6,
                "maximum": 106622958,
                "std": 3.4674238557758234e6
            },
            "memory_bytes": 1771376,
            "allocations": 20453,
            "gc_time_ns": 120416.8488372093,
            "samples": 1634
        },
        "allocations/parse_spec": {
            "time_ns": {
                "minimum": 7205865,
                "median": 7.7671155e6,
                "mean": 7.8148868e6,
                "maximum": 8627604,