{
  "arch": "x86_64",
  "benchmarks": {
    "allocations/html_spec": {
      "time_ns": {
        "minimum": 6.410545e6,
        "median": 6.4334035e6,
        "mean": 6.5328604e6,
        "maximum": 7.254603e6,
        "std": 260492.20492717667
      },
      "memory_bytes": 2321952,
      "allocations": 38746,
      "gc_time_ns": 0.0,
      "samples": 10
    },
    "allocations/parse_spec": {
      "time_ns": {
        "minimum": 7.341847e6,
        "median": 7.90976e6,
        "mean": 7.9790314e6,
        "maximum": 8.882875e6,
        "std": 640307.3293899492
      },
      "memory_bytes": 5960640,
      "allocations": 88702,
      "gc_time_ns": 0.0,
      "samples": 10
    },
    "html/complex": {
      "time_ns": {
        "minimum": 48582.0,
        "median": 50375.0,
        "mean": 51781.2001,
        "maximum": 181712.0,
        "std": 5053.79869891836
      },
      "memory_bytes": 12320,
      "allocations": 279,
      "gc_time_ns": 0.0,
      "samples": 10000
    },
    "html/simple": {
      "time_ns": {
        "minimum": 21821.0,
        "median": 22823.0,
        "mean": 23372.769,
        "maximum": 128913.0,
        "std": 2813.0268915295223
      },
      "memory_bytes": 6640,
      "allocations": 156,
      "gc_time_ns": 0.0,
      "samples": 10000
    },
    "html/spec_md": {
      "time_ns": {
        "minimum": 6.246171e6,
        "median": 6.614684e6,
        "mean": 6.719069833557047e6,
        "maximum": 7.892678e6,
        "std": 303468.652234973
      },
      "memory_bytes": 2321952,
      "allocations": 38746,
      "gc_time_ns": 0.0,
      "samples": 745
    },
    "latex/complex": {
      "time_ns": {
        "minimum": 15058.0,
        "median": 15780.0,
        "mean": 16052.8605,
        "maximum": 101932.0,
        "std": 1870.850407639405
      },
      "memory_bytes": 4184,
      "allocations": 49,
      "gc_time_ns": 0.0,
      "samples": 10000
    },
    "latex/simple": {
      "time_ns": {
        "minimum": 6798.8,
        "median": 7083.2,
        "mean": 7206.752260000002,
        "maximum": 51410.6,
        "std": 726.1225360327456
      },
      "memory_bytes": 1880,
      "allocations": 26,
      "gc_time_ns": 0.0,
      "samples": 10000
    },
    "latex/spec_md": {
      "time_ns": {
        "minimum": 2.726791e6,
        "median": 2.821709e6,
        "mean": 2.910454911525029e6,
        "maximum": 3.2421113e7,
        "std": 745182.5946598242
      },
      "memory_bytes": 802184,
      "allocations": 2379,
      "gc_time_ns": 16839.420838183934,
      "samples": 1718
    },
    "markdown/complex": {
      "time_ns": {
        "minimum": 27802.0,
        "median": 29426.0,
        "mean": 30158.9626,
        "maximum": 145073.0,
        "std": 3567.2890635786093
      },
      "memory_bytes": 14112,
      "allocations": 238,
      "gc_time_ns": 0.0,
      "samples": 10000
    },
    "markdown/simple": {
      "time_ns": {
        "minimum": 6835.0,
        "median": 7359.8,
        "mean": 7720.093199999997,
        "maximum": 51202.2,
        "std": 1191.5265260379165
      },
      "memory_bytes": 5040,
      "allocations": 76,
      "gc_time_ns": 0.0,
      "samples": 10000
    },
    "markdown/spec_md": {
      "time_ns": {
        "minimum": 1.512014e6,
        "median": 1.685499e6,
        "mean": 1.9536369636576788e6,
        "maximum": 2.72753717e8,
        "std": 6.455260219824243e6
      },
      "memory_bytes": 1768384,
      "allocations": 20307,
      "gc_time_ns": 176727.00859710824,
      "samples": 2559
    },
    "notebook/complex": {
      "time_ns": {
        "minimum": 135005.0,
        "median": 153919.5,
        "mean": 153928.9093,
        "maximum": 379705.0,
        "std": 13651.586134873607
      },
      "memory_bytes": 63248,
      "allocations": 1041,
      "gc_time_ns": 0.0,
      "samples": 10000
    },
    "notebook/simple": {
      "time_ns": {
        "minimum": 50455.0,
        "median": 53611.0,
        "mean": 55582.7565,
        "maximum": 231566.0,
        "std": 6555.405409813832
      },
      "memory_bytes": 28528,
      "allocations": 440,
      "gc_time_ns": 0.0,
      "samples": 10000
    },
    "notebook/spec_md": {
      "time_ns": {
        "minimum": 2.0186493e7,
        "median": 2.2590797e7,
        "mean": 2.373866428436019e7,
        "maximum": 2.45481222e8,
        "std": 1.5390743730180813e7
      },
      "memory_bytes": 10839128,
      "allocations": 164413,
      "gc_time_ns": 1.0564330236966824e6,
      "samples": 211
    },
    "parse/complex": {
      "time_ns": {
        "minimum": 46618.0,
        "median": 58880.0,
        "mean": 59242.4701,
        "maximum": 291568.0,
        "std": 10066.66056778536
      },
      "memory_bytes": 36736,
      "allocations": 535,
      "gc_time_ns": 0.0,
      "samples": 10000
    },
    "parse/simple": {
      "time_ns": {
        "minimum": 17604.0,
        "median": 20107.0,
        "mean": 21400.5595,
        "maximum": 109055.0,
        "std": 3551.3953960923145
      },
      "memory_bytes": 15808,
      "allocations": 224,
      "gc_time_ns": 0.0,
      "samples": 10000
    },
    "parse/spec_cases_all": {
      "time_ns": {
        "minimum": 2.917013e6,
        "median": 3.622534e6,
        "mean": 4.0648094284552843e6,
        "maximum": 5.19645168e8,
        "std": 1.4715595629144656e7
      },
      "memory_bytes": 2530976,
      "allocations": 35622,
      "gc_time_ns": 419048.89837398374,
      "samples": 1230
    },
    "parse/spec_md": {
      "time_ns": {
        "minimum": 6.880403e6,
        "median": 7.8919445e6,
        "mean": 8.604075936426116e6,
        "maximum": 4.64811673e8,
        "std": 1.895553867364359e7
      },
      "memory_bytes": 5960640,
      "allocations": 88702,
      "gc_time_ns": 784203.3745704468,
      "samples": 582
    },
    "roundtrip/full": {
      "time_ns": {
        "minimum": 1.050947e6,
        "median": 1.200759e6,
        "mean": 1.3349139756944445e6,
        "maximum": 4.54463409e8,
        "std": 7.407760376689064e6
      },
      "memory_bytes": 576224,
      "allocations": 8452,
      "gc_time_ns": 120895.88327991453,
      "samples": 3744
    },
    "roundtrip/markdown_all_ext": {
      "time_ns": {
        "minimum": 185930.0,
        "median": 211798.5,
        "mean": 213754.4412,
        "maximum": 490612.0,
        "std": 21074.373607546146
      },
      "memory_bytes": 110912,
      "allocations": 1683,
      "gc_time_ns": 0.0,
      "samples": 10000
    },
    "roundtrip/parse_all_ext": {
      "time_ns": {
        "minimum": 731446.0,
        "median": 845861.0,
        "mean": 1.0001421050630378e6,
        "maximum": 7.44883943e8,
        "std": 1.0525697339904457e7
      },
      "memory_bytes": 465312,
      "allocations": 6769,
      "gc_time_ns": 148764.02261356814,
      "samples": 4997
    },
    "term/complex": {
      "time_ns": {
        "minimum": 72657.0,
        "median": 78268.0,
        "mean": 79930.6837,
        "maximum": 359156.0,
        "std": 7353.493782382294
      },
      "memory_bytes": 26368,
      "allocations": 434,
      "gc_time_ns": 0.0,
      "samples": 10000
    },
    "term/simple": {
      "time_ns": {
        "minimum": 23514.0,
        "median": 24436.0,
        "mean": 24908.893,
        "maximum": 95339.0,
        "std": 2768.184993920576
      },
      "memory_bytes": 8480,
      "allocations": 130,
      "gc_time_ns": 0.0,
      "samples": 10000
    },
    "term/spec_md": {
      "time_ns": {
        "minimum": 1.393507e7,
        "median": 1.4342036e7,
        "mean": 1.4607466918367347e7,
        "maximum": 2.4775778e7,
        "std": 826936.8037000565
      },
      "memory_bytes": 2795152,
      "allocations": 37098,
      "gc_time_ns": 0.0,
      "samples": 343
    },
    "typst/complex": {
      "time_ns": {
        "minimum": 16832.0,
        "median": 17683.0,
        "mean": 18107.4536,
        "maximum": 112832.0,
        "std": 2421.1032512766515
      },