{
  "arch": "x86_64",
  "benchmarks": {
    "allocations/html_spec": {
      "time_ns": {
        "minimum": 6.05928e6,
        "median": 6.144538e6,
        "mean": 6.2866113e6,
        "maximum": 7.150889e6,
        "std": 340455.3965816472
      },
      "memory_bytes": 2321952,
      "allocations": 38746,
      "gc_time_ns": 0.0,
      "samples": 10
    },
    "allocations/parse_spec": {
      "time_ns": {
        "minimum": 7.469705e6,
        "median": 8.0773025e6,
        "mean": 8.2436083e6,
        "maximum": 9.386594e6,
        "std": 804042.0465469108
      },
      "memory_bytes": 5960640,
      "allocations": 88702,
      "gc_time_ns": 0.0,
      "samples": 10
    },
    "html/complex": {
      "time_ns": {
        "minimum": 43155.0,
        "median": 45208.0,
        "mean": 45985.4299,
        "maximum": 216555.0,
        "std": 3473.035931363804
      },
      "memory_bytes": 12320,
      "allocations": 279,
      "gc_time_ns": 0.0,
      "samples": 10000
    },
    "html/simple": {
      "time_ns": {
        "minimum": 19119.0,
        "median": 20410.0,
        "mean": 20795.0761,
        "maximum": 156255.0,
        "std": 2310.690146861814
      },
      "memory_bytes": 6640,
      "allocations": 156,
      "gc_time_ns": 0.0,
      "samples": 10000
    },
    "html/spec_md": {
      "time_ns": {
        "minimum": 6.043424e6,
        "median": 6.456495e6,
        "mean": 6.642752832669322e6,
        "maximum": 7.609665e6,
        "std": 428932.4040305311
      },
      "memory_bytes": 2321952,
      "allocations": 38746,
      "gc_time_ns": 0.0,
      "samples": 753
    },
    "latex/complex": {
      "time_ns": {
        "minimum": 14352.0,
        "median": 15293.0,
        "mean": 15558.8438,
        "maximum": 114382.0,
        "std": 1773.7084953802917
      },
      "memory_bytes": 4184,
      "allocations": 49,
      "gc_time_ns": 0.0,
      "samples": 10000
    },
    "latex/simple": {
      "time_ns": {
        "minimum": 6722.0,
        "median": 7152.6,
        "mean": 7271.780319999997,
        "maximum": 48046.2,
        "std": 638.9322148978098
      },
      "memory_bytes": 1880,
      "allocations": 26,
      "gc_time_ns": 0.0,
      "samples": 10000
    },
    "latex/spec_md": {
      "time_ns": {
        "minimum": 2.890209e6,
        "median": 3.068547e6,
        "mean": 3.118854488459139e6,
        "maximum": 3.5422194e7,
        "std": 822998.6803627128
      },
      "memory_bytes": 802184,
      "allocations": 2379,
      "gc_time_ns": 19951.58390517779,
      "samples": 1603
    },
    "markdown/complex": {
      "time_ns": {
        "minimum": 26029.0,
        "median": 28043.0,
        "mean": 28521.0403,
        "maximum": 170967.0,
        "std": 2709.0951545362054
      },
      "memory_bytes": 14112,
      "allocations": 238,
      "gc_time_ns": 0.0,
      "samples": 10000
    },
    "markdown/simple": {
      "time_ns": {
        "minimum": 6724.2,
        "median": 7329.0,
        "mean": 7671.336019999997,
        "maximum": 65372.0,
        "std": 1376.1679008375718
      },
      "memory_bytes": 5040,
      "allocations": 76,
      "gc_time_ns": 0.0,
      "samples": 10000
    },
    "markdown/spec_md": {
      "time_ns": {
        "minimum": 1.544439e6,
        "median": 1.832757e6,
        "mean": 2.106014104465038e6,
        "maximum": 3.04425155e8,
        "std": 7.611212090054981e6
      },
      "memory_bytes": 1768384,
      "allocations": 20307,
      "gc_time_ns": 217296.6154170177,
      "samples": 2374
    },
    "notebook/complex": {
      "time_ns": {
        "minimum": 122314.0,
        "median": 139059.0,
        "mean": 139231.4796,
        "maximum": 440962.0,
        "std": 11228.34416501617
      },
      "memory_bytes": 63248,
      "allocations": 1041,
      "gc_time_ns": 0.0,
      "samples": 10000
    },
    "notebook/simple": {
      "time_ns": {
        "minimum": 44006.0,
        "median": 47512.0,
        "mean": 48632.4704,
        "maximum": 370937.0,
        "std": 5526.937631390639
      },
      "memory_bytes": 28528,
      "allocations": 440,
      "gc_time_ns": 0.0,
      "samples": 10000
    },
    "notebook/spec_md": {
      "time_ns": {
        "minimum": 2.0617276e7,
        "median": 2.243785e7,
        "mean": 2.3968006736842107e7,
        "maximum": 2.63401135e8,
        "std": 1.669088348352636e7
      },
      "memory_bytes": 10839128,
      "allocations": 164413,
      "gc_time_ns": 1.149972899521531e6,
      "samples": 209
    },
    "parse/complex": {
      "time_ns": {
        "minimum": 40030.0,
        "median": 51537.5,
        "mean": 51394.1525,
        "maximum": 372630.0,
        "std": 11574.071133577168
      },
      "memory_bytes": 36736,
      "allocations": 535,
      "gc_time_ns": 0.0,
      "samples": 10000
    },
    "parse/simple": {
      "time_ns": {
        "minimum": 16505.0,
        "median": 19369.0,
        "mean": 20804.2569,
        "maximum": 159910.0,
        "std": 5025.081345824723
      },
      "memory_bytes": 15808,
      "allocations": 224,
      "gc_time_ns": 0.0,
      "samples": 10000
    },
    "parse/spec_cases_all": {
      "time_ns": {
        "minimum": 2.893164e6,
        "median": 3.760707e6,
        "mean": 4.276138734816082e6,
        "maximum": 6.10408829e8,
        "std": 1.7746851055839296e7
      },
      "memory_bytes": 2530976,
      "allocations": 35622,
      "gc_time_ns": 518465.7134302823,
      "samples": 1169
    },
    "parse/spec_md": {
      "time_ns": {
        "minimum": 6.858468e6,
        "median": 8.194434e6,
        "mean": 8.982472434470378e6,
        "maximum": 5.08499512e8,
        "std": 2.121865527341224e7
      },
      "memory_bytes": 5960640,
      "allocations": 88702,
      "gc_time_ns": 895817.5493716338,
      "samples": 557
    },
    "roundtrip/full": {
      "time_ns": {
        "minimum": 1.046541e6,
        "median": 1.225089e6,
        "mean": 1.3918631233639654e6,
        "maximum": 5.06685066e8,
        "std": 8.435924468643244e6
      },
      "memory_bytes": 576224,
      "allocations": 8452,
      "gc_time_ns": 140576.26817042608,
      "samples": 3591
    },
    "roundtrip/markdown_all_ext": {
      "time_ns": {
        "minimum": 161072.0,
        "median": 189805.0,
        "mean": 190646.657,
        "maximum": 472409.0,
        "std": 19940.834687579023
      },
      "memory_bytes": 110912,
      "allocations": 1683,
      "gc_time_ns": 0.0,
      "samples": 10000
    },
    "roundtrip/parse_all_ext": {
      "time_ns": {
        "minimum": 721914.0,
        "median": 812120.0,
        "mean": 1.0033783246336078e6,
        "maximum": 8.29692834e8,
        "std": 1.1744447755949277e7
      },
      "memory_bytes": 465312,
      "allocations": 6769,
      "gc_time_ns": 166355.25115438667,
      "samples": 4981
    },
    "term/complex": {
      "time_ns": {
        "minimum": 67341.0,
        "median": 70796.0,
        "mean": 72518.0958,
        "maximum": 341462.0,
        "std": 5562.892424596679
      },
      "memory_bytes": 26368,
      "allocations": 434,
      "gc_time_ns": 0.0,
      "samples": 10000
    },
    "term/simple": {
      "time_ns": {
        "minimum": 21762.0,
        "median": 22734.0,
        "mean": 23088.4492,
        "maximum": 124907.0,
        "std": 2037.8743742478046
      },
      "memory_bytes": 8480,
      "allocations": 130,
      "gc_time_ns": 0.0,
      "samples": 10000
    },
    "term/spec_md": {
      "time_ns": {
        "minimum": 1.2899548e7,
        "median": 1.36937895e7,
        "mean": 1.3915128358333332e7,
        "maximum": 1.6386934e7,
        "std": 456091.23517844966
      },
      "memory_bytes": 2795152,
      "allocations": 37098,
      "gc_time_ns": 0.0,
      "samples": 360
    },
    "typst/complex": {
      "time_ns": {
        "minimum": 15954.0,
        "median": 17015.0,
        "mean": 17322.5996,
        "maximum": 136766.0,
        "std": 2023.1263412597618
      },