{
    "git": {
        "branch": "master",
        "commit": "774d0fa22981c7b10f090da9dd951d872d689e2e",
        "dirty": false
    },
    "julia_version": "1.12.3",
    "arch": "x86_64",
    "timestamp": "2026-01-06T22:15:03Z",
    "benchmarks": {
        "roundtrip/markdown_all_ext": {
            "time_ns": {
                "minimum": 149789,
                "median": 176024,
                "mean": 180995.4142,
                "maximum": 777652,
                "std": 28599.51569543512
            },
            "memory_bytes": 105920,
            "allocations": 1605,
            "gc_time_ns": 0,
            "samples": 10000
        },
        "latex/simple": {
            "time_ns": {
                "minimum": 4768.857142857143,
                "median": 4985,
                "mean": 5069.640028571428,
                "maximum": 14282.42857142857,
                "std": 425.1943076342588
            },
            "memory_bytes": 1560,
            "allocations": 21,
            "gc_time_ns": 0,
            "samples": 10000
        },
        "roundtrip/parse_all_ext": {
            "time_ns": {
                "minimum": 808891,
                "median": 919723,
                "mean": 1.1432765987232102e6,
                "maximum": 787675848,
                "std": 1.1879612461336337e7
            },
            "memory_bytes": 454256,
            "allocations": 6614,
            "gc_time_ns": 179258.92544459645,
            "samples": 4386
        },
        "markdown/simple": {
            "time_ns": {
                "minimum": 5543.666666666667,
                "median": 6693.333333333334,
                "mean": 6666.7496,
                "maximum": 48073.166666666664,
                "std": 1147.2708107906697
            },
            "memory_bytes": 4848,
            "allocations": 73,
            "gc_time_ns": 0,
            "samples": 10000
        },
        "term/simple": {
            "time_ns": {
                "minimum": 20088,
                "median": 20929,
                "mean": 21308.0819,
                "maximum": 84628,
                "std": 2329.086277337342
            },
            "memory_bytes": 8720,
            "allocations": 141,
            "gc_time_ns": 0,
            "samples": 10000
        },
        "html/complex": {
            "time_ns": {
                "minimum": 41247,
                "median": 43281,
                "mean": 44413.5208,
                "maximum": 203600,
                "std": 4636.177378707165
            },
            "memory_bytes": 11344,
            "allocations": 239,
            "gc_time_ns": 0,
            "samples": 10000
        },
        "typst/complex": {
            "time_ns": {
                "minimum": 15198,
                "median": 16340,
                "mean": 16740.8802,
                "maximum": 106078,
                "std": 2271.5400310492496
            },
            "memory_bytes": 8736,
            "allocations": 123,
            "gc_time_ns": 0,
            "samples": 10000
        },
        "notebook/complex": {
            "time_ns": {
                "minimum": 123751,
                "median": 142586.5,
                "mean": 145783.6523,
                "maximum": 455431,
                "std": 16910.811495175127
            },
            "memory_bytes": 61904,
            "allocations": 1020,
            "gc_time_ns": 0,
            "samples": 10000
        },
        "term/complex": {
            "time_ns": {
                "minimum": 55794,
                "median": 61164,
                "mean": 63011.1165,
                "maximum": 322672,
                "std": 8066.794916318993
            },
            "memory_bytes": 24960,
            "allocations": 412,
            "gc_time_ns": 0,
            "samples": 10000
        },
        "parse/simple": {
            "time_ns": {
                "minimum": 22702,
                "median": 28042,
                "mean": 28971.7143,
                "maximum": 147476,
                "std": 3859.4335618607756
            },
            "memory_bytes": 15872,
            "allocations": 226,
            "gc_time_ns": 0,
            "samples": 10000
        },
        "allocations/html_spec": {
            "time_ns": {
                "minimum": 6642546,
                "median": 6733811,
                "mean": 6.7791196e6,
                "maximum": 7032794,
                "std": 125012.38811253867
            },
            "memory_bytes": 2077696,
            "allocations": 29828,
            "gc_time_ns": 0,
            "samples": 10
        },
        "html/simple": {
            "time_ns": {
                "minimum": 18805,
                "median": 20008,
                "mean": 20567.6959,
                "maximum": 173704,
                "std": 3257.8030279745426
            },
            "memory_bytes": 5760,
            "allocations": 124,
            "gc_time_ns": 0,
            "samples": 10000
        },
        "markdown/complex": {
            "time_ns": {
                "minimum": 17793,
                "median": 19457,
                "mean": 20039.4352,
                "maximum": 153807,
                "std": 3192.418866537238
            },
            "memory_bytes": 12768,
            "allocations": 217,
            "gc_time_ns": 0,
            "samples": 10000
        },
        "notebook/spec_md": {
            "time_ns": {
                "minimum": 20260466,
                "median": 2.29162265e7,
                "mean": 2.3874794338095237e7,
                "maximum": 198628511,
                "std": 1.2196477619592734e7
            },
            "memory_bytes": 10838936,
            "allocations": 164410,
            "gc_time_ns": 843179.7904761905,
            "samples": 210
        },
        "html/spec_md": {
            "time_ns": {
                "minimum": 6240265,
                "median": 6.9113175e6,
                "mean": 6.941590286111111e6,
                "maximum": 9334483,
                "std": 360374.13648913644
            },
            "memory_bytes": 2077696,
            "allocations": 29828,
            "gc_time_ns": 0,
            "samples": 720
        },
        "latex/spec_md": {
            "time_ns": {
                "minimum": 2639720,
                "median": 2907720,
                "mean": 2.868888874210224e6,
                "maximum": 25136652,
                "std": 550696.6920778507
            },
            "memory_bytes": 783880,
            "allocations": 2108,
            "gc_time_ns": 12538.388856978749,
            "samples": 1741
        },
        "term/spec_md": {
            "time_ns": {
                "minimum": 13323223,
                "median": 1.39044195e7,
                "mean": 1.407105357022472e7,
                "maximum": 15436901,
                "std": 472541.8213986252
            },
            "memory_bytes": 2891680,
            "allocations": 42184,
            "gc_time_ns": 0,
            "samples": 356
        },
        "notebook/simple": {
            "time_ns": {
                "minimum": 48430,
                "median": 54551,
                "mean": 56979.3722,
                "maximum": 330768,
                "std": 8722.977096795008
            },
            "memory_bytes": 28144,
            "allocations": 434,
            "gc_time_ns": 0,
            "samples": 10000
        },
        "typst/spec_md": {
            "time_ns": {
                "minimum": 2782216,
                "median": 3095782,
                "mean": 3.2565219589308994e6,
                "maximum": 106625433,
                "std": 3.5059732542297514e6
            },
            "memory_bytes": 1771184,
            "allocations": 20450,
            "gc_time_ns": 125332.89048239896,
            "samples": 1534
        },
        "allocations/parse_spec": {
            "time_ns": {
                "minimum": 10845050,
                "median": 1.11170275e7,
                "mean": 1.12212119e7,