{
    "git": {
        "branch": "master",
        "commit": "6f601dc1df35a47e73ba4842f949fb476d5a12d7",
        "dirty": false
    },
    "julia_version": "1.12.6",
    "arch": "x86_64",
    "timestamp": "2026-05-29T17:10:07Z",
    "benchmarks": {
        "roundtrip/markdown_all_ext": {
            "time_ns": {
                "minimum": 183542,
                "median": 209104,
                "mean": 211834.8165,
                "maximum": 452113,
                "std": 19880.622852997592
            },
            "memory_bytes": 110912,
            "allocations": 1683,
            "gc_time_ns": 0,
            "samples": 10000
        },
        "latex/simple": {
            "time_ns": {
                "minimum": 6301.8,
                "median": 6542.2,
                "mean": 6647.428900000003,
                "maximum": 18384.2,
                "std": 521.0287725826433
            },
            "memory_bytes": 1720,
            "allocations": 23,
            "gc_time_ns": 0,
            "samples": 10000
        },
        "roundtrip/parse_all_ext": {
            "time_ns": {
                "minimum": 730310,
                "median": 824165,
                "mean": 986326.9875666074,
                "maximum": 723208903,
                "std": 1.0148308198906465e7
            },
            "memory_bytes": 465312,
            "allocations": 6769,
            "gc_time_ns": 142473.70278271165,
            "samples": 5067
        },
        "markdown/simple": {
            "time_ns": {
                "minimum": 6676.4,
                "median": 7721.299999999999,
                "mean": 7829.588700000001,
                "maximum": 51173.4,
                "std": 1231.316976217701
            },
            "memory_bytes": 5040,
            "allocations": 76,
            "gc_time_ns": 0,
            "samples": 10000
        },
        "term/simple": {
            "time_ns": {
                "minimum": 21471,
                "median": 22141,
                "mean": 22587.0401,
                "maximum": 91981,
                "std": 2601.1712507021793
            },
            "memory_bytes": 8480,
            "allocations": 130,
            "gc_time_ns": 0,
            "samples": 10000
        },
        "html/complex": {
            "time_ns": {
                "minimum": 45104,
                "median": 46827,
                "mean": 47942.2359,
                "maximum": 173924,
                "std": 4484.388247425345
            },
            "memory_bytes": 10192,
            "allocations": 203,
            "gc_time_ns": 0,
            "samples": 10000
        },
        "typst/complex": {
            "time_ns": {
                "minimum": 16681,
                "median": 17513,
                "mean": 17903.0425,
                "maximum": 110847,
                "std": 2269.372104937579
            },
            "memory_bytes": 9936,
            "allocations": 144,
            "gc_time_ns": 0,
            "samples": 10000
        },
        "notebook/complex": {
            "time_ns": {
                "minimum": 135552,
                "median": 155270,
                "mean": 155131.8663,
                "maximum": 387702,
                "std": 15352.449374012032
            },
            "memory_bytes": 63248,
            "allocations": 1041,
            "gc_time_ns": 0,
            "samples": 10000
        },
        "term/complex": {
            "time_ns": {
                "minimum": 68467,
                "median": 73136,
                "mean": 75044.7452,
                "maximum": 182099,
                "std": 7326.113868260446
            },
            "memory_bytes": 26368,
            "allocations": 434,
            "gc_time_ns": 0,
            "samples": 10000
        },
        "parse/simple": {
            "time_ns": {
                "minimum": 17723,
                "median": 19977,
                "mean": 21199.2023,
                "maximum": 111177,
                "std": 3308.8974725764942
            },
            "memory_bytes": 15808,
            "allocations": 224,
            "gc_time_ns": 0,
            "samples": 10000
        },
        "allocations/html_spec": {
            "time_ns": {
                "minimum": 5948050,
                "median": 6035733,
                "mean": 6.0858681e6,
                "maximum": 6591919,
                "std": 190190.2724445823
            },
            "memory_bytes": 2053376,
            "allocations": 29154,
            "gc_time_ns": 0,
            "samples": 10
        },
        "html/simple": {
            "time_ns": {
                "minimum": 19907,
                "median": 20809,
                "mean": 21304.8738,
                "maximum": 120554,
                "std": 2701.5298341528714
            },
            "memory_bytes": 5408,
            "allocations": 112,
            "gc_time_ns": 0,
            "samples": 10000
        },
        "markdown/complex": {
            "time_ns": {
                "minimum": 27591,
                "median": 29164,
                "mean": 29826.8317,
                "maximum": 147053,
                "std": 3483.532427779688
            },
            "memory_bytes": 14112,
            "allocations": 238,
            "gc_time_ns": 0,
            "samples": 10000
        },
        "notebook/spec_md": {
            "time_ns": {
                "minimum": 19842821,
                "median": 22318231,
                "mean": 2.3363356409302324e7,
                "maximum": 247213197,
                "std": 1.539409934295371e7
            },
            "memory_bytes": 10839128,
            "allocations": 164413,
            "gc_time_ns": 1.0464732372093024e6,
            "samples": 215
        },
        "html/spec_md": {
            "time_ns": {
                "minimum": 5835880,
                "median": 6087219,
                "mean": 6.226760315068494e6,
                "maximum": 8581444,
                "std": 305395.2624969037
            },
            "memory_bytes": 2053376,
            "allocations": 29154,
            "gc_time_ns": 0,
            "samples": 803
        },
        "latex/spec_md": {
            "time_ns": {
                "minimum": 2610873,
                "median": 2.6783385e6,
                "mean": 2.7653731869469024e6,
                "maximum": 25781923,
                "std": 556749.0562301867
            },
            "memory_bytes": 780264,
            "allocations": 1992,
            "gc_time_ns": 12482.299225663717,
            "samples": 1808
        },
        "term/spec_md": {
            "time_ns": {
                "minimum": 12714352,
                "median": 13171182,
                "mean": 1.3385141839572193e7,
                "maximum": 16400898,
                "std": 489688.4345147511
            },
            "memory_bytes": 2795152,
            "allocations": 37098,
            "gc_time_ns": 0,
            "samples": 374
        },
        "notebook/simple": {
            "time_ns": {
                "minimum": 50464,
                "median": 53981,
                "mean": 56127.1125,
                "maximum": 209691,
                "std": 6348.373014957254
            },
            "memory_bytes": 28528,
            "allocations": 440,
            "gc_time_ns": 0,
            "samples": 10000
        },
        "typst/spec_md": {
            "time_ns": {
                "minimum": 2640800,
                "median": 2927475,
                "mean": 3.129124843125e6,
                "maximum": 129998110,
                "std": 4.632911343889712e6
            },
            "memory_bytes": 1771376,
            "allocations": 20453,
            "gc_time_ns": 196611.428125,
            "samples": 1600
        },
        "allocations/parse_spec": {
            "time_ns": {
                "minimum": 7453917,
                "median": 8128218,
                "mean": 8095466,
                "maximum": 8936539,