{
    "git": {
        "branch": "master",
        "commit": "845ac8cb9e9d299ecc52d4c9f16e96e88a9ffeac",
        "dirty": false
    },
    "julia_version": "1.12.3",
    "arch": "x86_64",
    "timestamp": "2026-01-07T14:59:27Z",
    "benchmarks": {
        "roundtrip/markdown_all_ext": {
            "time_ns": {
                "minimum": 152394,
                "median": 177635.5,
                "mean": 178996.4212,
                "maximum": 411416,
                "std": 18425.194591829015
            },
            "memory_bytes": 105920,
            "allocations": 1605,
            "gc_time_ns": 0,
            "samples": 10000
        },
        "latex/simple": {
            "time_ns": {
                "minimum": 5049.428571428572,
                "median": 5238.285714285715,
                "mean": 5317.561914285715,
                "maximum": 38872.42857142857,
                "std": 503.93160837370675
            },
            "memory_bytes": 1560,
            "allocations": 21,
            "gc_time_ns": 0,
            "samples": 10000
        },
        "roundtrip/parse_all_ext": {
            "time_ns": {
                "minimum": 750577,
                "median": 874037,
                "mean": 1.0560976510493958e6,
                "maximum": 696235868,
                "std": 1.0124435790373556e7
            },
            "memory_bytes": 454256,
            "allocations": 6614,
            "gc_time_ns": 147356.81598473605,
            "samples": 4717
        },
        "markdown/simple": {
            "time_ns": {
                "minimum": 5198,
                "median": 5937.833333333333,
                "mean": 6238.217933333332,
                "maximum": 42392.333333333336,
                "std": 1428.328583184748
            },
            "memory_bytes": 4848,
            "allocations": 73,
            "gc_time_ns": 0,
            "samples": 10000
        },
        "term/simple": {
            "time_ns": {
                "minimum": 20138,
                "median": 20809,
                "mean": 21127.579,
                "maximum": 80610,
                "std": 1856.568302526248
            },
            "memory_bytes": 8720,
            "allocations": 141,
            "gc_time_ns": 0,
            "samples": 10000
        },
        "html/complex": {
            "time_ns": {
                "minimum": 40135,
                "median": 41818,
                "mean": 42475.775,
                "maximum": 159978,
                "std": 2972.146443603212
            },
            "memory_bytes": 11344,
            "allocations": 239,
            "gc_time_ns": 0,
            "samples": 10000
        },
        "typst/complex": {
            "time_ns": {
                "minimum": 13665,
                "median": 15699,
                "mean": 15956.7392,
                "maximum": 99045,
                "std": 1797.6470230457667
            },
            "memory_bytes": 8736,
            "allocations": 123,
            "gc_time_ns": 0,
            "samples": 10000
        },
        "notebook/complex": {
            "time_ns": {
                "minimum": 113522,
                "median": 138157,
                "mean": 141620.0794,
                "maximum": 352045,
                "std": 25520.928869442265
            },
            "memory_bytes": 61904,
            "allocations": 1020,
            "gc_time_ns": 0,
            "samples": 10000
        },
        "term/complex": {
            "time_ns": {
                "minimum": 55743,
                "median": 59891,
                "mean": 62637.8885,
                "maximum": 199180,
                "std": 10740.802350978349
            },
            "memory_bytes": 24960,
            "allocations": 412,
            "gc_time_ns": 0,
            "samples": 10000
        },
        "parse/simple": {
            "time_ns": {
                "minimum": 22992,
                "median": 25708,
                "mean": 26816.2343,
                "maximum": 157251,
                "std": 3514.7257566584003
            },
            "memory_bytes": 15872,
            "allocations": 226,
            "gc_time_ns": 0,
            "samples": 10000
        },
        "allocations/html_spec": {
            "time_ns": {
                "minimum": 5713952,
                "median": 6078456,
                "mean": 6.0929591e6,
                "maximum": 6586678,
                "std": 264360.01309975004
            },
            "memory_bytes": 2077696,
            "allocations": 29828,
            "gc_time_ns": 0,
            "samples": 10
        },
        "html/simple": {
            "time_ns": {
                "minimum": 17101,
                "median": 19377,
                "mean": 19670.9778,
                "maximum": 112339,
                "std": 2142.113193694633
            },
            "memory_bytes": 5760,
            "allocations": 124,
            "gc_time_ns": 0,
            "samples": 10000
        },
        "markdown/complex": {
            "time_ns": {
                "minimum": 18034,
                "median": 19567,
                "mean": 19926.3354,
                "maximum": 123510,
                "std": 2292.105496234287
            },
            "memory_bytes": 12768,
            "allocations": 217,
            "gc_time_ns": 0,
            "samples": 10000
        },
        "notebook/spec_md": {
            "time_ns": {
                "minimum": 18898773,
                "median": 21108138,
                "mean": 2.2680394963800903e7,
                "maximum": 190045933,
                "std": 1.491327060857136e7
            },
            "memory_bytes": 10838936,
            "allocations": 164410,
            "gc_time_ns": 1.406100819004525e6,
            "samples": 221
        },
        "html/spec_md": {
            "time_ns": {
                "minimum": 5712801,
                "median": 6.3887085e6,
                "mean": 6.395638147058823e6,
                "maximum": 6878992,
                "std": 227699.23965712514
            },
            "memory_bytes": 2077696,
            "allocations": 29828,
            "gc_time_ns": 0,
            "samples": 782
        },
        "latex/spec_md": {
            "time_ns": {
                "minimum": 2678068,
                "median": 2805741,
                "mean": 2.8848285571593535e6,
                "maximum": 23432906,
                "std": 508090.3221689993
            },
            "memory_bytes": 783880,
            "allocations": 2108,
            "gc_time_ns": 11748.898383371825,
            "samples": 1732
        },
        "term/spec_md": {
            "time_ns": {
                "minimum": 12912197,
                "median": 13270765,
                "mean": 1.349960951212938e7,
                "maximum": 14584932,
                "std": 432451.6893026996
            },
            "memory_bytes": 2891680,
            "allocations": 42184,
            "gc_time_ns": 0,
            "samples": 371
        },
        "notebook/simple": {
            "time_ns": {
                "minimum": 45685,
                "median": 49462,
                "mean": 50805.0356,
                "maximum": 206224,
                "std": 4904.672193109834
            },
            "memory_bytes": 28144,
            "allocations": 434,
            "gc_time_ns": 0,
            "samples": 10000
        },
        "typst/spec_md": {
            "time_ns": {
                "minimum": 2517348,
                "median": 2.8343735e6,
                "mean": 3.0476298609756096e6,
                "maximum": 102452011,
                "std": 3.5746705517416717e6
            },
            "memory_bytes": 1771184,
            "allocations": 20450,
            "gc_time_ns": 149167.46646341463,
            "samples": 1640
        },
        "allocations/parse_spec": {
            "time_ns": {
                "minimum": 9666545,
                "median": 10438928,
                "mean": 1.04229746e7,