{
    "git": {
        "branch": "master",
        "commit": "9bde069e1f5555ca2421cdb281a9ecafeb975ebb",
        "dirty": false
    },
    "julia_version": "1.12.4",
    "arch": "x86_64",
    "timestamp": "2026-01-08T06:35:20Z",
    "benchmarks": {
        "roundtrip/markdown_all_ext": {
            "time_ns": {
                "minimum": 180167,
                "median": 206085,
                "mean": 207400.6217,
                "maximum": 501056,
                "std": 21982.93433489684
            },
            "memory_bytes": 110720,
            "allocations": 1680,
            "gc_time_ns": 0,
            "samples": 10000
        },
        "latex/simple": {
            "time_ns": {
                "minimum": 6241.8,
                "median": 6430,
                "mean": 6510.56628,
                "maximum": 21766.6,
                "std": 442.65879966431663
            },
            "memory_bytes": 1720,
            "allocations": 23,
            "gc_time_ns": 0,
            "samples": 10000
        },
        "roundtrip/parse_all_ext": {
            "time_ns": {
                "minimum": 719945,
                "median": 807299,
                "mean": 974487.9405088063,
                "maximum": 720939366,
                "std": 1.007399768638357e7
            },
            "memory_bytes": 454000,
            "allocations": 6606,
            "gc_time_ns": 140890.69491193737,
            "samples": 5110
        },
        "markdown/simple": {
            "time_ns": {
                "minimum": 6812.8,
                "median": 7265.6,
                "mean": 7472.7886800000015,
                "maximum": 64817.2,
                "std": 2139.079620210996
            },
            "memory_bytes": 5040,
            "allocations": 76,
            "gc_time_ns": 0,
            "samples": 10000
        },
        "term/simple": {
            "time_ns": {
                "minimum": 21310,
                "median": 22091,
                "mean": 22469.9541,
                "maximum": 260266,
                "std": 3227.1501527515
            },
            "memory_bytes": 8480,
            "allocations": 130,
            "gc_time_ns": 0,
            "samples": 10000
        },
        "html/complex": {
            "time_ns": {
                "minimum": 41648,
                "median": 43211,
                "mean": 43893.2949,
                "maximum": 196918,
                "std": 3231.8822669201168
            },
            "memory_bytes": 9904,
            "allocations": 197,
            "gc_time_ns": 0,
            "samples": 10000
        },
        "typst/complex": {
            "time_ns": {
                "minimum": 16000,
                "median": 17032,
                "mean": 17467.0575,
                "maximum": 119914,
                "std": 2465.8674534580227
            },
            "memory_bytes": 8928,
            "allocations": 126,
            "gc_time_ns": 0,
            "samples": 10000
        },
        "notebook/complex": {
            "time_ns": {
                "minimum": 136886,
                "median": 152766,
                "mean": 154351.813,
                "maximum": 397794,
                "std": 11099.740373417151
            },
            "memory_bytes": 63248,
            "allocations": 1041,
            "gc_time_ns": 0,
            "samples": 10000
        },
        "term/complex": {
            "time_ns": {
                "minimum": 66274,
                "median": 70692,
                "mean": 73020.8499,
                "maximum": 226854,
                "std": 6741.510238277419
            },
            "memory_bytes": 25984,
            "allocations": 422,
            "gc_time_ns": 0,
            "samples": 10000
        },
        "parse/simple": {
            "time_ns": {
                "minimum": 18325,
                "median": 20819,
                "mean": 21974.8853,
                "maximum": 123190,
                "std": 3107.32000957547
            },
            "memory_bytes": 15808,
            "allocations": 224,
            "gc_time_ns": 0,
            "samples": 10000
        },
        "allocations/html_spec": {
            "time_ns": {
                "minimum": 5866207,
                "median": 5944228,
                "mean": 6.0443161e6,
                "maximum": 6521131,
                "std": 238792.18477554448
            },
            "memory_bytes": 2053376,
            "allocations": 29154,
            "gc_time_ns": 0,
            "samples": 10
        },
        "html/simple": {
            "time_ns": {
                "minimum": 19907,
                "median": 20889,
                "mean": 21225.4469,
                "maximum": 156492,
                "std": 2292.671287765379
            },
            "memory_bytes": 5408,
            "allocations": 112,
            "gc_time_ns": 0,
            "samples": 10000
        },
        "markdown/complex": {
            "time_ns": {
                "minimum": 27902,
                "median": 29575,
                "mean": 30085.5861,
                "maximum": 143829,
                "std": 2753.523529656071
            },
            "memory_bytes": 14112,
            "allocations": 238,
            "gc_time_ns": 0,
            "samples": 10000
        },
        "notebook/spec_md": {
            "time_ns": {
                "minimum": 20371146,
                "median": 22633508,
                "mean": 2.356786514084507e7,
                "maximum": 199477041,
                "std": 1.2176858012262322e7
            },
            "memory_bytes": 10839128,
            "allocations": 164413,
            "gc_time_ns": 822369.9389671362,
            "samples": 213
        },
        "html/spec_md": {
            "time_ns": {
                "minimum": 5924286,
                "median": 6294518,
                "mean": 6.334304931558935e6,
                "maximum": 6963278,
                "std": 172321.50200391022
            },
            "memory_bytes": 2053376,
            "allocations": 29154,
            "gc_time_ns": 0,
            "samples": 789
        },
        "latex/spec_md": {
            "time_ns": {
                "minimum": 2634893,
                "median": 2887434,
                "mean": 2.836978382169222e6,
                "maximum": 24313168,
                "std": 529734.3286065152
            },
            "memory_bytes": 780264,
            "allocations": 1992,
            "gc_time_ns": 12018.005110732538,
            "samples": 1761
        },
        "term/spec_md": {
            "time_ns": {
                "minimum": 12466137,
                "median": 12945261,
                "mean": 1.3155296810526315e7,
                "maximum": 16492097,
                "std": 532828.0758487801
            },
            "memory_bytes": 2796992,
            "allocations": 37147,
            "gc_time_ns": 0,
            "samples": 380
        },
        "notebook/simple": {
            "time_ns": {
                "minimum": 52348,
                "median": 58059,
                "mean": 60206.6337,
                "maximum": 328723,
                "std": 9085.162948858157
            },
            "memory_bytes": 28528,
            "allocations": 440,
            "gc_time_ns": 0,
            "samples": 10000
        },
        "typst/spec_md": {
            "time_ns": {
                "minimum": 2637337,
                "median": 2933951,
                "mean": 3.067995292383292e6,
                "maximum": 106246773,
                "std": 3.5259555793042346e6
            },
            "memory_bytes": 1771376,
            "allocations": 20453,
            "gc_time_ns": 122827.1468058968,
            "samples": 1628
        },
        "allocations/parse_spec": {
            "time_ns": {
                "minimum": 7466924,
                "median": 8.2047155e6,
                "mean": 8.3907552e6,
                "maximum": 9933664,