{
  "arch": "x86_64",
  "benchmarks": {
    "allocations/html_spec": {
      "time_ns": {
        "minimum": 6.006619e6,
        "median": 6.0515335e6,
        "mean": 6.1400768e6,
        "maximum": 6.620931e6,
        "std": 219494.56090340318
      },
      "memory_bytes": 2321952,
      "allocations": 38746,
      "gc_time_ns": 0.0,
      "samples": 10
    },
    "allocations/parse_spec": {
      "time_ns": {
        "minimum": 7.285604e6,
        "median": 8.1728865e6,
        "mean": 8.2501657e6,
        "maximum": 9.456526e6,
        "std": 831232.992742047
      },
      "memory_bytes": 5960640,
      "allocations": 88702,
      "gc_time_ns": 0.0,
      "samples": 10
    },
    "html/complex": {
      "time_ns": {
        "minimum": 42560.0,
        "median": 44264.0,
        "mean": 44897.376,
        "maximum": 180479.0,
        "std": 2892.7409893848376
      },
      "memory_bytes": 12320,
      "allocations": 279,
      "gc_time_ns": 0.0,
      "samples": 10000
    },
    "html/simple": {
      "time_ns": {
        "minimum": 19184.0,
        "median": 19917.0,
        "mean": 20249.4876,
        "maximum": 122655.0,
        "std": 1727.120162366176
      },
      "memory_bytes": 6640,
      "allocations": 156,
      "gc_time_ns": 0.0,
      "samples": 10000
    },
    "html/spec_md": {
      "time_ns": {
        "minimum": 5.964952e6,
        "median": 6.363196e6,
        "mean": 6.326068058154236e6,
        "maximum": 7.93509e6,
        "std": 221913.00165586994
      },
      "memory_bytes": 2321952,
      "allocations": 38746,
      "gc_time_ns": 0.0,
      "samples": 791
    },
    "latex/complex": {
      "time_ns": {
        "minimum": 13810.0,
        "median": 14345.0,
        "mean": 14571.0261,
        "maximum": 89911.0,
        "std": 1385.2938851137699
      },
      "memory_bytes": 4184,
      "allocations": 49,
      "gc_time_ns": 0.0,
      "samples": 10000
    },
    "latex/simple": {
      "time_ns": {
        "minimum": 6311.2,
        "median": 6519.0,
        "mean": 6586.09328,
        "maximum": 17687.2,
        "std": 356.27214701561434
      },
      "memory_bytes": 1880,
      "allocations": 26,
      "gc_time_ns": 0.0,
      "samples": 10000
    },
    "latex/spec_md": {
      "time_ns": {
        "minimum": 2.880382e6,
        "median": 3.091185e6,
        "mean": 3.069053569674647e6,
        "maximum": 3.3967682e7,
        "std": 771503.7471185256
      },
      "memory_bytes": 802184,
      "allocations": 2379,
      "gc_time_ns": 18857.552486187844,
      "samples": 1629
    },
    "markdown/complex": {
      "time_ns": {
        "minimum": 26074.0,
        "median": 27106.0,
        "mean": 27636.9111,
        "maximum": 132011.0,
        "std": 2136.294498615598
      },
      "memory_bytes": 14112,
      "allocations": 238,
      "gc_time_ns": 0.0,
      "samples": 10000
    },
    "markdown/simple": {
      "time_ns": {
        "minimum": 6397.2,
        "median": 6932.6,
        "mean": 7208.228840000001,
        "maximum": 61462.8,
        "std": 1492.94315300686
      },
      "memory_bytes": 5040,
      "allocations": 76,
      "gc_time_ns": 0.0,
      "samples": 10000
    },
    "markdown/spec_md": {
      "time_ns": {
        "minimum": 1.546898e6,
        "median": 1.687986e6,
        "mean": 1.932564277928102e6,
        "maximum": 3.01651161e8,
        "std": 6.990378954934992e6
      },
      "memory_bytes": 1768384,
      "allocations": 20307,
      "gc_time_ns": 189481.41321994588,
      "samples": 2587
    },
    "notebook/complex": {
      "time_ns": {
        "minimum": 113434.0,
        "median": 123762.0,
        "mean": 124509.6797,
        "maximum": 328854.0,
        "std": 10315.880135432206
      },
      "memory_bytes": 63248,
      "allocations": 1041,
      "gc_time_ns": 0.0,
      "samples": 10000
    },
    "notebook/simple": {
      "time_ns": {
        "minimum": 41528.0,
        "median": 43537.0,
        "mean": 44767.8684,
        "maximum": 194559.0,
        "std": 3780.8370137753773
      },
      "memory_bytes": 28528,
      "allocations": 440,
      "gc_time_ns": 0.0,
      "samples": 10000
    },
    "notebook/spec_md": {
      "time_ns": {
        "minimum": 1.8075265e7,
        "median": 1.9531612e7,
        "mean": 2.1320143480851065e7,
        "maximum": 2.42884855e8,
        "std": 1.894869193849356e7
      },
      "memory_bytes": 10839128,
      "allocations": 164413,
      "gc_time_ns": 1.7399842340425532e6,
      "samples": 235
    },
    "parse/complex": {
      "time_ns": {
        "minimum": 39707.0,
        "median": 48035.0,
        "mean": 48434.6186,
        "maximum": 215962.0,
        "std": 6051.85136549379
      },
      "memory_bytes": 36736,
      "allocations": 535,
      "gc_time_ns": 0.0,
      "samples": 10000
    },
    "parse/simple": {
      "time_ns": {
        "minimum": 16948.0,
        "median": 18416.5,
        "mean": 19495.8756,
        "maximum": 115258.0,
        "std": 2787.482505487071
      },
      "memory_bytes": 15808,
      "allocations": 224,
      "gc_time_ns": 0.0,
      "samples": 10000
    },
    "parse/spec_cases_all": {
      "time_ns": {
        "minimum": 2.80121e6,
        "median": 3.347636e6,
        "mean": 3.7499265063765943e6,
        "maximum": 5.24936869e8,
        "std": 1.4287536658354605e7
      },
      "memory_bytes": 2530976,
      "allocations": 35622,
      "gc_time_ns": 391043.92573143286,
      "samples": 1333
    },
    "parse/spec_md": {
      "time_ns": {
        "minimum": 7.071822e6,
        "median": 7.773041e6,
        "mean": 8.746933291958041e6,
        "maximum": 5.11903381e8,
        "std": 2.1079701273866635e7
      },
      "memory_bytes": 5960640,
      "allocations": 88702,
      "gc_time_ns": 880370.9353146853,
      "samples": 572
    },
    "roundtrip/full": {
      "time_ns": {
        "minimum": 1.024406e6,
        "median": 1.173486e6,
        "mean": 1.2848310830547698e6,
        "maximum": 4.34552841e8,
        "std": 6.950086158067636e6
      },
      "memory_bytes": 576224,
      "allocations": 8452,
      "gc_time_ns": 111325.3458472615,
      "samples": 3889
    },
    "roundtrip/markdown_all_ext": {
      "time_ns": {
        "minimum": 168837.0,
        "median": 189092.0,
        "mean": 192996.3587,
        "maximum": 1.425978e6,
        "std": 37253.66432521773
      },
      "memory_bytes": 110912,
      "allocations": 1683,
      "gc_time_ns": 0.0,
      "samples": 10000
    },
    "roundtrip/parse_all_ext": {
      "time_ns": {
        "minimum": 716484.0,
        "median": 810248.0,
        "mean": 971536.259965001,
        "maximum": 7.13651439e8,
        "std": 9.940099040097944e6
      },
      "memory_bytes": 465312,
      "allocations": 6769,
      "gc_time_ns": 138592.97919502237,
      "samples": 5143
    },
    "term/complex": {
      "time_ns": {
        "minimum": 63814.0,
        "median": 67014.5,
        "mean": 67949.0092,
        "maximum": 310325.0,
        "std": 4600.7596070444215
      },
      "memory_bytes": 26368,
      "allocations": 434,
      "gc_time_ns": 0.0,
      "samples": 10000
    },
    "term/simple": {
      "time_ns": {
        "minimum": 19809.0,
        "median": 20484.0,
        "mean": 20806.114,
        "maximum": 156121.0,
        "std": 2088.464803947563
      },
      "memory_bytes": 8480,
      "allocations": 130,
      "gc_time_ns": 0.0,
      "samples": 10000
    },
    "term/spec_md": {
      "time_ns": {
        "minimum": 1.2026116e7,
        "median": 1.2339775e7,
        "mean": 1.252074038e7,
        "maximum": 1.3637512e7,
        "std": 326543.11952841544
      },
      "memory_bytes": 2795152,
      "allocations": 37098,
      "gc_time_ns": 0.0,
      "samples": 400
    },
    "typst/complex": {
      "time_ns": {
        "minimum": 15694.0,
        "median": 16505.0,
        "mean": 16852.9032,
        "maximum": 104654.0,
        "std": 1604.5699933365672
      },
      "memory_bytes": 9936,