{
  "arch": "x86_64",
  "benchmarks": {
    "allocations/html_spec": {
      "time_ns": {
        "minimum": 6.303917e6,
        "median": 6.3448235e6,
        "mean": 6.4701807e6,
        "maximum": 7.205331e6,
        "std": 294175.010088307
      },
      "memory_bytes": 2321952,
      "allocations": 38746,
      "gc_time_ns": 0.0,
      "samples": 10
    },
    "allocations/parse_spec": {
      "time_ns": {
        "minimum": 7.469457e6,
        "median": 8.1532395e6,
        "mean": 8.1684476e6,
        "maximum": 9.161007e6,
        "std": 645686.4973117458
      },
      "memory_bytes": 5960640,
      "allocations": 88702,
      "gc_time_ns": 0.0,
      "samples": 10
    },
    "html/complex": {
      "time_ns": {
        "minimum": 48080.0,
        "median": 50269.0,
        "mean": 51709.2756,
        "maximum": 187020.0,
        "std": 5224.4424381673125
      },
      "memory_bytes": 12320,
      "allocations": 279,
      "gc_time_ns": 0.0,
      "samples": 10000
    },
    "html/simple": {
      "time_ns": {
        "minimum": 21119.0,
        "median": 22397.0,
        "mean": 22960.0928,
        "maximum": 165489.0,
        "std": 3089.1474993621523
      },
      "memory_bytes": 6640,
      "allocations": 156,
      "gc_time_ns": 0.0,
      "samples": 10000
    },
    "html/spec_md": {
      "time_ns": {
        "minimum": 6.267708e6,
        "median": 6.635651e6,
        "mean": 6.765155133964817e6,
        "maximum": 7.951383e6,
        "std": 355158.64603729657
      },
      "memory_bytes": 2321952,
      "allocations": 38746,
      "gc_time_ns": 0.0,
      "samples": 739
    },
    "latex/complex": {
      "time_ns": {
        "minimum": 14306.0,
        "median": 14707.0,
        "mean": 15052.48,
        "maximum": 93966.0,
        "std": 2055.2010852834073
      },
      "memory_bytes": 4184,
      "allocations": 49,
      "gc_time_ns": 0.0,
      "samples": 10000
    },
    "latex/simple": {
      "time_ns": {
        "minimum": 6394.0,
        "median": 6602.2,
        "mean": 6737.726520000002,
        "maximum": 40792.2,
        "std": 767.8137040227259
      },
      "memory_bytes": 1880,
      "allocations": 26,
      "gc_time_ns": 0.0,
      "samples": 10000
    },
    "latex/spec_md": {
      "time_ns": {
        "minimum": 2.657226e6,
        "median": 2.7618065e6,
        "mean": 2.837522828603859e6,
        "maximum": 2.5438751e7,
        "std": 553745.060459441
      },
      "memory_bytes": 802184,
      "allocations": 2379,
      "gc_time_ns": 12566.094778660612,
      "samples": 1762
    },
    "markdown/complex": {
      "time_ns": {
        "minimum": 27622.0,
        "median": 29275.0,
        "mean": 30009.3845,
        "maximum": 141635.0,
        "std": 3419.993465109237
      },
      "memory_bytes": 14112,
      "allocations": 238,
      "gc_time_ns": 0.0,
      "samples": 10000
    },
    "markdown/simple": {
      "time_ns": {
        "minimum": 6806.8,
        "median": 7337.8,
        "mean": 7713.150680000002,
        "maximum": 52167.6,
        "std": 1357.1250848647426
      },
      "memory_bytes": 5040,
      "allocations": 76,
      "gc_time_ns": 0.0,
      "samples": 10000
    },
    "markdown/spec_md": {
      "time_ns": {
        "minimum": 1.529208e6,
        "median": 1.744571e6,
        "mean": 1.977950190664557e6,
        "maximum": 2.68401263e8,
        "std": 6.379652235977783e6
      },
      "memory_bytes": 1768384,
      "allocations": 20307,
      "gc_time_ns": 175630.51621835443,
      "samples": 2528
    },
    "notebook/complex": {
      "time_ns": {
        "minimum": 134983.0,
        "median": 149384.0,
        "mean": 151606.012,
        "maximum": 383487.0,
        "std": 11310.92036090773
      },
      "memory_bytes": 63248,
      "allocations": 1041,
      "gc_time_ns": 0.0,
      "samples": 10000
    },
    "notebook/simple": {
      "time_ns": {
        "minimum": 50184.0,
        "median": 55133.0,
        "mean": 57161.674,
        "maximum": 256890.0,
        "std": 6891.390945624878
      },
      "memory_bytes": 28528,
      "allocations": 440,
      "gc_time_ns": 0.0,
      "samples": 10000
    },
    "notebook/spec_md": {
      "time_ns": {
        "minimum": 2.0289672e7,
        "median": 2.28027685e7,
        "mean": 2.3883283585714284e7,
        "maximum": 2.43037681e8,
        "std": 1.5241114311019147e7
      },
      "memory_bytes": 10839128,
      "allocations": 164413,
      "gc_time_ns": 1.0511344428571428e6,
      "samples": 210
    },
    "parse/complex": {
      "time_ns": {
        "minimum": 47839.0,
        "median": 60894.0,
        "mean": 61576.5015,
        "maximum": 303748.0,
        "std": 11267.29944096042
      },
      "memory_bytes": 36736,
      "allocations": 535,
      "gc_time_ns": 0.0,
      "samples": 10000
    },
    "parse/simple": {
      "time_ns": {
        "minimum": 18204.0,
        "median": 20859.0,
        "mean": 22138.9045,
        "maximum": 118231.0,
        "std": 3470.8787530698332
      },
      "memory_bytes": 15808,
      "allocations": 224,
      "gc_time_ns": 0.0,
      "samples": 10000
    },
    "parse/spec_cases_all": {
      "time_ns": {
        "minimum": 2.935897e6,
        "median": 3.7807615e6,
        "mean": 4.195465109060403e6,
        "maximum": 5.31189466e8,
        "std": 1.5280193018549152e7
      },
      "memory_bytes": 2530976,
      "allocations": 35622,
      "gc_time_ns": 442141.02852348995,
      "samples": 1192
    },
    "parse/spec_md": {
      "time_ns": {
        "minimum": 6.959063e6,
        "median": 8.023651e6,
        "mean": 8.7153871271777e6,
        "maximum": 4.58124268e8,
        "std": 1.8802590955730896e7
      },
      "memory_bytes": 5960640,
      "allocations": 88702,
      "gc_time_ns": 782264.8763066202,
      "samples": 574
    },
    "roundtrip/full": {
      "time_ns": {
        "minimum": 1.047568e6,
        "median": 1.186367e6,
        "mean": 1.3197747750198045e6,
        "maximum": 4.50776427e8,
        "std": 7.305885518283721e6
      },
      "memory_bytes": 576160,
      "allocations": 8450,
      "gc_time_ns": 118505.74254026935,
      "samples": 3787
    },
    "roundtrip/markdown_all_ext": {
      "time_ns": {
        "minimum": 183063.0,
        "median": 210974.0,
        "mean": 214418.9557,
        "maximum": 495226.0,
        "std": 20714.904963882982
      },
      "memory_bytes": 110848,
      "allocations": 1681,
      "gc_time_ns": 0.0,
      "samples": 10000
    },
    "roundtrip/parse_all_ext": {
      "time_ns": {
        "minimum": 727049.0,
        "median": 839740.0,
        "mean": 996511.221335992,
        "maximum": 7.38872416e8,
        "std": 1.0421899813516943e7
      },
      "memory_bytes": 465312,
      "allocations": 6769,
      "gc_time_ns": 147094.54536390828,
      "samples": 5015
    },
    "term/complex": {
      "time_ns": {
        "minimum": 67917.0,
        "median": 73267.0,
        "mean": 74951.2382,
        "maximum": 202649.0,
        "std": 6731.511524761847
      },
      "memory_bytes": 26368,
      "allocations": 434,
      "gc_time_ns": 0.0,
      "samples": 10000
    },
    "term/simple": {
      "time_ns": {
        "minimum": 21490.0,
        "median": 22262.0,
        "mean": 22731.2941,
        "maximum": 90990.0,
        "std": 2539.3443014198187
      },
      "memory_bytes": 8480,
      "allocations": 130,
      "gc_time_ns": 0.0,
      "samples": 10000
    },
    "term/spec_md": {
      "time_ns": {
        "minimum": 1.2967494e7,
        "median": 1.3590687e7,
        "mean": 1.3726563964383561e7,
        "maximum": 1.472113e7,
        "std": 470278.0882366087
      },
      "memory_bytes": 2795152,
      "allocations": 37098,
      "gc_time_ns": 0.0,
      "samples": 365
    },
    "typst/complex": {
      "time_ns": {
        "minimum": 17303.0,
        "median": 18385.0,
        "mean": 18852.0261,
        "maximum": 118111.0,
        "std": 2547.736620886808
      },
      "memory_bytes": 9936,