{
    "git": {
        "branch": "master",
        "commit": "cb9e00dc8bfe3dab9b844854f6f8b0735323c17a",
        "dirty": false
    },
    "julia_version": "1.12.3",
    "arch": "x86_64",
    "timestamp": "2026-01-07T09:47:36Z",
    "benchmarks": {
        "roundtrip/markdown_all_ext": {
            "time_ns": {
                "minimum": 150621,
                "median": 173764,
                "mean": 175573.8022,
                "maximum": 420975,
                "std": 18188.901461058915
            },
            "memory_bytes": 105920,
            "allocations": 1605,
            "gc_time_ns": 0,
            "samples": 10000
        },
        "latex/simple": {
            "time_ns": {
                "minimum": 4728.857142857143,
                "median": 4909.142857142857,
                "mean": 4976.8225,
                "maximum": 11887.857142857143,
                "std": 355.069221036251
            },
            "memory_bytes": 1560,
            "allocations": 21,
            "gc_time_ns": 0,
            "samples": 10000
        },
        "roundtrip/parse_all_ext": {
            "time_ns": {
                "minimum": 802938,
                "median": 882145,
                "mean": 1.0645883780722376e6,
                "maximum": 697443155,
                "std": 1.0183017826068526e7
            },
            "memory_bytes": 454256,
            "allocations": 6614,
            "gc_time_ns": 148849.44710408206,
            "samples": 4679
        },
        "markdown/simple": {
            "time_ns": {
                "minimum": 5653.833333333333,
                "median": 6761,
                "mean": 6690.27145,
                "maximum": 43870.166666666664,
                "std": 1211.4647866045534
            },
            "memory_bytes": 4848,
            "allocations": 73,
            "gc_time_ns": 0,
            "samples": 10000
        },
        "term/simple": {
            "time_ns": {
                "minimum": 20328,
                "median": 21320,
                "mean": 21653.3981,
                "maximum": 77415,
                "std": 1966.9208239197496
            },
            "memory_bytes": 8720,
            "allocations": 141,
            "gc_time_ns": 0,
            "samples": 10000
        },
        "html/complex": {
            "time_ns": {
                "minimum": 41187,
                "median": 42700,
                "mean": 43493.5608,
                "maximum": 157845,
                "std": 3357.703410356929
            },
            "memory_bytes": 11344,
            "allocations": 239,
            "gc_time_ns": 0,
            "samples": 10000
        },
        "typst/complex": {
            "time_ns": {
                "minimum": 14457,
                "median": 15229,
                "mean": 15565.0491,
                "maximum": 109144,
                "std": 2032.9140330657794
            },
            "memory_bytes": 8736,
            "allocations": 123,
            "gc_time_ns": 0,
            "samples": 10000
        },
        "notebook/complex": {
            "time_ns": {
                "minimum": 120184,
                "median": 137797,
                "mean": 137964.8758,
                "maximum": 371514,
                "std": 14663.93043631749
            },
            "memory_bytes": 61904,
            "allocations": 1020,
            "gc_time_ns": 0,
            "samples": 10000
        },
        "term/complex": {
            "time_ns": {
                "minimum": 55944,
                "median": 60252,
                "mean": 61966.2913,
                "maximum": 197619,
                "std": 6063.421547536557
            },
            "memory_bytes": 24960,
            "allocations": 412,
            "gc_time_ns": 0,
            "samples": 10000
        },
        "parse/simple": {
            "time_ns": {
                "minimum": 22802,
                "median": 25337,
                "mean": 26345.3016,
                "maximum": 131786,
                "std": 3219.671690656829
            },
            "memory_bytes": 15872,
            "allocations": 226,
            "gc_time_ns": 0,
            "samples": 10000
        },
        "allocations/html_spec": {
            "time_ns": {
                "minimum": 6148761,
                "median": 6.2093895e6,
                "mean": 6.3078723e6,
                "maximum": 6750925,
                "std": 222339.79120808662
            },
            "memory_bytes": 2077696,
            "allocations": 29828,
            "gc_time_ns": 0,
            "samples": 10
        },
        "html/simple": {
            "time_ns": {
                "minimum": 18765,
                "median": 19826,
                "mean": 20136.2689,
                "maximum": 115185,
                "std": 1996.4010360402192
            },
            "memory_bytes": 5760,
            "allocations": 124,
            "gc_time_ns": 0,
            "samples": 10000
        },
        "markdown/complex": {
            "time_ns": {
                "minimum": 18014,
                "median": 19396,
                "mean": 19746.7799,
                "maximum": 123169,
                "std": 2318.4460233639934
            },
            "memory_bytes": 12768,
            "allocations": 217,
            "gc_time_ns": 0,
            "samples": 10000
        },
        "notebook/spec_md": {
            "time_ns": {
                "minimum": 19037832,
                "median": 21624268,
                "mean": 2.3072503165137615e7,
                "maximum": 189585184,
                "std": 1.5127428499364117e7
            },
            "memory_bytes": 10838936,
            "allocations": 164410,
            "gc_time_ns": 1.4319284128440367e6,
            "samples": 218
        },
        "html/spec_md": {
            "time_ns": {
                "minimum": 6113835,
                "median": 6.5187705e6,
                "mean": 6.543410845549738e6,
                "maximum": 7027750,
                "std": 225652.8189566956
            },
            "memory_bytes": 2077696,
            "allocations": 29828,
            "gc_time_ns": 0,
            "samples": 764
        },
        "latex/spec_md": {
            "time_ns": {
                "minimum": 2615740,
                "median": 2684498,
                "mean": 2.7683958947368423e6,
                "maximum": 23755826,
                "std": 509654.07315758447
            },
            "memory_bytes": 783880,
            "allocations": 2108,
            "gc_time_ns": 11497.831024930749,
            "samples": 1805
        },
        "term/spec_md": {
            "time_ns": {
                "minimum": 12943112,
                "median": 1.33643985e7,
                "mean": 1.3598136722826088e7,
                "maximum": 15600060,
                "std": 474749.0457484537
            },
            "memory_bytes": 2891680,
            "allocations": 42184,
            "gc_time_ns": 0,
            "samples": 368
        },
        "notebook/simple": {
            "time_ns": {
                "minimum": 46597,
                "median": 49763,
                "mean": 51284.3822,
                "maximum": 206456,
                "std": 5072.085618458669
            },
            "memory_bytes": 28144,
            "allocations": 434,
            "gc_time_ns": 0,
            "samples": 10000
        },
        "typst/spec_md": {
            "time_ns": {
                "minimum": 2656416,
                "median": 2.8966395e6,
                "mean": 3.0886931637824476e6,
                "maximum": 103391356,
                "std": 3.6144591880561425e6
            },
            "memory_bytes": 1771184,
            "allocations": 20450,
            "gc_time_ns": 151941.94313967862,
            "samples": 1618
        },
        "allocations/parse_spec": {
            "time_ns": {
                "minimum": 10509629,
                "median": 10709066,
                "mean": 1.06819072e7,