{
    "git": {
        "branch": "master",
        "commit": "17f966698dde9f5fe5bce8dfdfa149eeeb008b68",
        "dirty": false
    },
    "julia_version": "1.12.3",
    "arch": "x86_64",
    "timestamp": "2026-01-07T15:26:40Z",
    "benchmarks": {
        "roundtrip/markdown_all_ext": {
            "time_ns": {
                "minimum": 153006,
                "median": 177706.5,
                "mean": 181745.9748,
                "maximum": 506956,
                "std": 23549.033928194593
            },
            "memory_bytes": 105920,
            "allocations": 1605,
            "gc_time_ns": 0,
            "samples": 10000
        },
        "latex/simple": {
            "time_ns": {
                "minimum": 4777.571428571428,
                "median": 4990.857142857143,
                "mean": 5063.582757142856,
                "maximum": 25210.285714285714,
                "std": 425.43197596751935
            },
            "memory_bytes": 1560,
            "allocations": 21,
            "gc_time_ns": 0,
            "samples": 10000
        },
        "roundtrip/parse_all_ext": {
            "time_ns": {
                "minimum": 797078,
                "median": 875795,
                "mean": 1.1164309594261376e6,
                "maximum": 861223839,
                "std": 1.2880980415630266e7
            },
            "memory_bytes": 454256,
            "allocations": 6614,
            "gc_time_ns": 192665.63707688858,
            "samples": 4461
        },
        "markdown/simple": {
            "time_ns": {
                "minimum": 5647.166666666667,
                "median": 6700.833333333333,
                "mean": 6653.400116666666,
                "maximum": 47410,
                "std": 1177.8745097165229
            },
            "memory_bytes": 4848,
            "allocations": 73,
            "gc_time_ns": 0,
            "samples": 10000
        },
        "term/simple": {
            "time_ns": {
                "minimum": 20187,
                "median": 20959,
                "mean": 21329.5983,
                "maximum": 84718,
                "std": 2223.8877419073942
            },
            "memory_bytes": 8720,
            "allocations": 141,
            "gc_time_ns": 0,
            "samples": 10000
        },
        "html/complex": {
            "time_ns": {
                "minimum": 40997,
                "median": 43101,
                "mean": 44468.2603,
                "maximum": 204401,
                "std": 4682.924916771731
            },
            "memory_bytes": 11344,
            "allocations": 239,
            "gc_time_ns": 0,
            "samples": 10000
        },
        "typst/complex": {
            "time_ns": {
                "minimum": 14237,
                "median": 15198,
                "mean": 15523.844,
                "maximum": 111799,
                "std": 2193.7890443023666
            },
            "memory_bytes": 8736,
            "allocations": 123,
            "gc_time_ns": 0,
            "samples": 10000
        },
        "notebook/complex": {
            "time_ns": {
                "minimum": 125274,
                "median": 138288,
                "mean": 140701.736,
                "maximum": 432307,
                "std": 12176.52675294891
            },
            "memory_bytes": 61904,
            "allocations": 1020,
            "gc_time_ns": 0,
            "samples": 10000
        },
        "term/complex": {
            "time_ns": {
                "minimum": 56385,
                "median": 61264,
                "mean": 62628.9953,
                "maximum": 168003,
                "std": 5512.818793664734
            },
            "memory_bytes": 24960,
            "allocations": 412,
            "gc_time_ns": 0,
            "samples": 10000
        },
        "parse/simple": {
            "time_ns": {
                "minimum": 22792,
                "median": 28133,
                "mean": 28261.8877,
                "maximum": 143849,
                "std": 3256.255235681733
            },
            "memory_bytes": 15872,
            "allocations": 226,
            "gc_time_ns": 0,
            "samples": 10000
        },
        "allocations/html_spec": {
            "time_ns": {
                "minimum": 6771057,
                "median": 6.8806815e6,
                "mean": 6.9053706e6,
                "maximum": 7097146,
                "std": 112206.7658766123
            },
            "memory_bytes": 2077696,
            "allocations": 29828,
            "gc_time_ns": 0,
            "samples": 10
        },
        "html/simple": {
            "time_ns": {
                "minimum": 18835,
                "median": 20158,
                "mean": 20570.9202,
                "maximum": 144841,
                "std": 2491.910539655412
            },
            "memory_bytes": 5760,
            "allocations": 124,
            "gc_time_ns": 0,
            "samples": 10000
        },
        "markdown/complex": {
            "time_ns": {
                "minimum": 18154,
                "median": 19637,
                "mean": 20043.0156,
                "maximum": 132988,
                "std": 2503.217934811021
            },
            "memory_bytes": 12768,
            "allocations": 217,
            "gc_time_ns": 0,
            "samples": 10000
        },
        "notebook/spec_md": {
            "time_ns": {
                "minimum": 20359086,
                "median": 22789131,
                "mean": 2.372188017535545e7,
                "maximum": 196116941,
                "std": 1.1998571806064583e7
            },
            "memory_bytes": 10838936,
            "allocations": 164410,
            "gc_time_ns": 823683.2938388626,
            "samples": 211
        },
        "html/spec_md": {
            "time_ns": {
                "minimum": 6408019,
                "median": 7.0128835e6,
                "mean": 7.017477700842696e6,
                "maximum": 14738967,
                "std": 422186.9516586966
            },
            "memory_bytes": 2077696,
            "allocations": 29828,
            "gc_time_ns": 0,
            "samples": 712
        },
        "latex/spec_md": {
            "time_ns": {
                "minimum": 2653663,
                "median": 2712377,
                "mean": 2.809034397637795e6,
                "maximum": 24279803,
                "std": 529460.4429264374
            },
            "memory_bytes": 783880,
            "allocations": 2108,
            "gc_time_ns": 11751.751968503937,
            "samples": 1778
        },
        "term/spec_md": {
            "time_ns": {
                "minimum": 13271380,
                "median": 13733291,
                "mean": 1.3925570662952647e7,
                "maximum": 15263277,
                "std": 459514.5924474012
            },
            "memory_bytes": 2891680,
            "allocations": 42184,
            "gc_time_ns": 0,
            "samples": 359
        },
        "notebook/simple": {
            "time_ns": {
                "minimum": 47669,
                "median": 53149,
                "mean": 54631.7365,
                "maximum": 250437,
                "std": 6044.770497074639
            },
            "memory_bytes": 28144,
            "allocations": 434,
            "gc_time_ns": 0,
            "samples": 10000
        },
        "typst/spec_md": {
            "time_ns": {
                "minimum": 2667569,
                "median": 3023493,
                "mean": 3.1985054208840486e6,
                "maximum": 104851808,
                "std": 3.3220923860642347e6
            },
            "memory_bytes": 1771184,
            "allocations": 20450,
            "gc_time_ns": 117293.88597053172,
            "samples": 1561
        },
        "allocations/parse_spec": {
            "time_ns": {
                "minimum": 10970144,
                "median": 1.10123575e7,
                "mean": 1.10237366e7,