{
  "arch": "x86_64",
  "benchmarks": {
    "allocations/html_spec": {
      "time_ns": {
        "minimum": 5.917117e6,
        "median": 5.9682625e6,
        "mean": 6.0316582e6,
        "maximum": 6.478421e6,
        "std": 166663.94800369328
      },
      "memory_bytes": 2053376,
      "allocations": 29154,
      "gc_time_ns": 0.0,
      "samples": 10
    },
    "allocations/parse_spec": {
      "time_ns": {
        "minimum": 7.409955e6,
        "median": 8.0156105e6,
        "mean": 8.0379403e6,
        "maximum": 8.956631e6,
        "std": 601545.390700772
      },
      "memory_bytes": 5960640,
      "allocations": 88702,
      "gc_time_ns": 0.0,
      "samples": 10
    },
    "html/complex": {
      "time_ns": {
        "minimum": 45485.0,
        "median": 47518.0,
        "mean": 48619.2529,
        "maximum": 179834.0,
        "std": 4344.096877431446
      },
      "memory_bytes": 10192,
      "allocations": 203,
      "gc_time_ns": 0.0,
      "samples": 10000
    },
    "html/simple": {
      "time_ns": {
        "minimum": 20067.0,
        "median": 21079.0,
        "mean": 21617.7316,
        "maximum": 151682.0,
        "std": 2994.740235290722
      },
      "memory_bytes": 5408,
      "allocations": 112,
      "gc_time_ns": 0.0,
      "samples": 10000
    },
    "html/spec_md": {
      "time_ns": {
        "minimum": 5.833823e6,
        "median": 6.107792e6,
        "mean": 6.244841223470662e6,
        "maximum": 6.92354e6,
        "std": 291118.8120937674
      },
      "memory_bytes": 2053376,
      "allocations": 29154,
      "gc_time_ns": 0.0,
      "samples": 801
    },
    "latex/complex": {
      "time_ns": {
        "minimum": 14356.0,
        "median": 14858.0,
        "mean": 15125.8646,
        "maximum": 96059.0,
        "std": 1722.578792983544
      },
      "memory_bytes": 3832,
      "allocations": 42,
      "gc_time_ns": 0.0,
      "samples": 10000
    },
    "latex/simple": {
      "time_ns": {
        "minimum": 6319.6,
        "median": 6552.2,
        "mean": 6666.564000000001,
        "maximum": 20442.0,
        "std": 569.1801365708282
      },
      "memory_bytes": 1720,
      "allocations": 23,
      "gc_time_ns": 0.0,
      "samples": 10000
    },
    "latex/spec_md": {
      "time_ns": {
        "minimum": 2.601239e6,
        "median": 2.702217e6,
        "mean": 2.7803896931628683e6,
        "maximum": 2.5778433e7,
        "std": 560260.9540644306
      },
      "memory_bytes": 780264,
      "allocations": 1992,
      "gc_time_ns": 12657.01889938855,
      "samples": 1799
    },
    "markdown/complex": {
      "time_ns": {
        "minimum": 27701.0,
        "median": 29245.0,
        "mean": 29888.9776,
        "maximum": 150760.0,
        "std": 3270.1895448833216
      },
      "memory_bytes": 14112,
      "allocations": 238,
      "gc_time_ns": 0.0,
      "samples": 10000
    },
    "markdown/simple": {
      "time_ns": {
        "minimum": 6815.0,
        "median": 7238.5,
        "mean": 7408.975025,
        "maximum": 41324.25,
        "std": 1361.2646924326605
      },
      "memory_bytes": 5040,
      "allocations": 76,
      "gc_time_ns": 0.0,
      "samples": 10000
    },
    "markdown/spec_md": {
      "time_ns": {
        "minimum": 1.519938e6,
        "median": 1.6468685e6,
        "mean": 1.9124867960979342e6,
        "maximum": 2.62400703e8,
        "std": 6.153840067918666e6
      },
      "memory_bytes": 1768384,
      "allocations": 20307,
      "gc_time_ns": 166819.58263198164,
      "samples": 2614
    },
    "notebook/complex": {
      "time_ns": {
        "minimum": 136493.0,
        "median": 155574.5,
        "mean": 155357.5466,
        "maximum": 376180.0,
        "std": 14059.089833062517
      },
      "memory_bytes": 63248,
      "allocations": 1041,
      "gc_time_ns": 0.0,
      "samples": 10000
    },
    "notebook/simple": {
      "time_ns": {
        "minimum": 50103.0,
        "median": 53599.0,
        "mean": 55467.4838,
        "maximum": 216021.0,
        "std": 6007.409709224019
      },
      "memory_bytes": 28528,
      "allocations": 440,
      "gc_time_ns": 0.0,
      "samples": 10000
    },
    "notebook/spec_md": {
      "time_ns": {
        "minimum": 2.009383e7,
        "median": 2.264238e7,
        "mean": 2.367317449528302e7,
        "maximum": 2.42125705e8,
        "std": 1.5138464634744752e7
      },
      "memory_bytes": 10839128,
      "allocations": 164413,
      "gc_time_ns": 1.0348425235849057e6,
      "samples": 212
    },
    "parse/complex": {
      "time_ns": {
        "minimum": 48420.0,
        "median": 60513.0,
        "mean": 60810.3217,
        "maximum": 293366.0,
        "std": 10526.53725739249
      },
      "memory_bytes": 36736,
      "allocations": 535,
      "gc_time_ns": 0.0,
      "samples": 10000
    },
    "parse/simple": {
      "time_ns": {
        "minimum": 18274.0,
        "median": 21219.0,
        "mean": 22500.9935,
        "maximum": 127257.0,
        "std": 3639.7105070204752
      },
      "memory_bytes": 15808,
      "allocations": 224,
      "gc_time_ns": 0.0,
      "samples": 10000
    },
    "parse/spec_cases_all": {
      "time_ns": {
        "minimum": 2.966449e6,
        "median": 3.7341165e6,
        "mean": 4.168814904166667e6,
        "maximum": 5.21367055e8,
        "std": 1.4945652419796174e7
      },
      "memory_bytes": 2531024,
      "allocations": 35623,
      "gc_time_ns": 430985.9766666667,
      "samples": 1200
    },
    "parse/spec_md": {
      "time_ns": {
        "minimum": 7.03095e6,
        "median": 8.114566e6,
        "mean": 8.83066301234568e6,
        "maximum": 4.62691012e8,
        "std": 1.9105151884660542e7
      },
      "memory_bytes": 5960640,
      "allocations": 88702,
      "gc_time_ns": 800346.798941799,
      "samples": 567
    },
    "roundtrip/full": {
      "time_ns": {
        "minimum": 1.051155e6,
        "median": 1.2123705e6,
        "mean": 1.3397540426273458e6,
        "maximum": 4.37814579e8,
        "std": 7.148894839141939e6
      },
      "memory_bytes": 576224,
      "allocations": 8452,
      "gc_time_ns": 116923.42734584451,
      "samples": 3730
    },
    "roundtrip/markdown_all_ext": {
      "time_ns": {
        "minimum": 185595.0,
        "median": 213186.0,
        "mean": 216668.6839,
        "maximum": 1.045855e6,
        "std": 28017.644126728817
      },
      "memory_bytes": 110912,
      "allocations": 1683,
      "gc_time_ns": 0.0,
      "samples": 10000
    },
    "roundtrip/parse_all_ext": {
      "time_ns": {
        "minimum": 742511.0,
        "median": 843980.0,
        "mean": 998713.7116306955,
        "maximum": 7.31041704e8,
        "std": 1.032264064024518e7
      },
      "memory_bytes": 465312,
      "allocations": 6769,
      "gc_time_ns": 145816.42186251,
      "samples": 5004
    },
    "term/complex": {
      "time_ns": {
        "minimum": 69419.0,
        "median": 74468.0,
        "mean": 76236.2844,
        "maximum": 336657.0,
        "std": 7601.996095262079
      },
      "memory_bytes": 26368,
      "allocations": 434,
      "gc_time_ns": 0.0,
      "samples": 10000
    },
    "term/simple": {
      "time_ns": {
        "minimum": 21991.0,
        "median": 22962.0,
        "mean": 23342.9323,
        "maximum": 95388.0,
        "std": 2309.0655204810664
      },
      "memory_bytes": 8480,
      "allocations": 130,
      "gc_time_ns": 0.0,
      "samples": 10000
    },
    "term/spec_md": {
      "time_ns": {
        "minimum": 1.2928219e7,
        "median": 1.3357929e7,
        "mean": 1.3580215875338754e7,
        "maximum": 1.6597024e7,
        "std": 472235.7161584572
      },
      "memory_bytes": 2795152,
      "allocations": 37098,
      "gc_time_ns": 0.0,
      "samples": 369
    },
    "typst/complex": {
      "time_ns": {
        "minimum": 17031.0,
        "median": 17944.0,
        "mean": 18352.5269,
        "maximum": 121736.0,
        "std": 2343.267018055813
      },
      "memory_bytes": 9936,