{
  "arch": "x86_64",
  "benchmarks": {
    "allocations/html_spec": {
      "time_ns": {
        "minimum": 6.564974e6,
        "median": 6.64642e6,
        "mean": 6.7883281e6,
        "maximum": 7.348014e6,
        "std": 296519.7557253704
      },
      "memory_bytes": 2321952,
      "allocations": 38746,
      "gc_time_ns": 0.0,
      "samples": 10
    },
    "allocations/parse_spec": {
      "time_ns": {
        "minimum": 7.461926e6,
        "median": 8.172697e6,
        "mean": 8.3165921e6,
        "maximum": 9.496761e6,
        "std": 741094.5646020935
      },
      "memory_bytes": 5960640,
      "allocations": 88702,
      "gc_time_ns": 0.0,
      "samples": 10
    },
    "html/complex": {
      "time_ns": {
        "minimum": 48090.0,
        "median": 50134.0,
        "mean": 51397.2818,
        "maximum": 193501.0,
        "std": 4835.998587388388
      },
      "memory_bytes": 12320,
      "allocations": 279,
      "gc_time_ns": 0.0,
      "samples": 10000
    },
    "html/simple": {
      "time_ns": {
        "minimum": 21370.0,
        "median": 22592.5,
        "mean": 23155.0858,
        "maximum": 129892.0,
        "std": 3019.5998638846436
      },
      "memory_bytes": 6640,
      "allocations": 156,
      "gc_time_ns": 0.0,
      "samples": 10000
    },
    "html/spec_md": {
      "time_ns": {
        "minimum": 6.20416e6,
        "median": 6.818857e6,
        "mean": 6.847523636114911e6,
        "maximum": 9.574396e6,
        "std": 375760.2133439699
      },
      "memory_bytes": 2321952,
      "allocations": 38746,
      "gc_time_ns": 0.0,
      "samples": 731
    },
    "latex/complex": {
      "time_ns": {
        "minimum": 14518.0,
        "median": 14958.0,
        "mean": 15255.9718,
        "maximum": 94076.0,
        "std": 1853.0669092889739
      },
      "memory_bytes": 4184,
      "allocations": 49,
      "gc_time_ns": 0.0,
      "samples": 10000
    },
    "latex/simple": {
      "time_ns": {
        "minimum": 6508.0,
        "median": 6746.6,
        "mean": 6863.505259999999,
        "maximum": 55136.8,
        "std": 746.2854446288089
      },
      "memory_bytes": 1880,
      "allocations": 26,
      "gc_time_ns": 0.0,
      "samples": 10000
    },
    "latex/spec_md": {
      "time_ns": {
        "minimum": 2.66484e6,
        "median": 2.7665845e6,
        "mean": 2.8377380794551647e6,
        "maximum": 2.8860651e7,
        "std": 635312.1176535267
      },
      "memory_bytes": 802184,
      "allocations": 2379,
      "gc_time_ns": 14511.880249716232,
      "samples": 1762
    },
    "markdown/complex": {
      "time_ns": {
        "minimum": 27832.0,
        "median": 29626.0,
        "mean": 30365.1926,
        "maximum": 174135.0,
        "std": 3723.9902118581144
      },
      "memory_bytes": 14112,
      "allocations": 238,
      "gc_time_ns": 0.0,
      "samples": 10000
    },
    "markdown/simple": {
      "time_ns": {
        "minimum": 6794.6,
        "median": 7219.4,
        "mean": 7426.873240000001,
        "maximum": 44918.0,
        "std": 1397.0634967693138
      },
      "memory_bytes": 5040,
      "allocations": 76,
      "gc_time_ns": 0.0,
      "samples": 10000
    },
    "markdown/spec_md": {
      "time_ns": {
        "minimum": 1.533319e6,
        "median": 1.712484e6,
        "mean": 1.9825072343378272e6,
        "maximum": 2.71914846e8,
        "std": 6.479573471857544e6
      },
      "memory_bytes": 1768384,
      "allocations": 20307,
      "gc_time_ns": 178567.87549563838,
      "samples": 2522
    },
    "notebook/complex": {
      "time_ns": {
        "minimum": 135934.0,
        "median": 155314.5,
        "mean": 155781.0983,
        "maximum": 402601.0,
        "std": 15414.26816322909
      },
      "memory_bytes": 63248,
      "allocations": 1041,
      "gc_time_ns": 0.0,
      "samples": 10000
    },
    "notebook/simple": {
      "time_ns": {
        "minimum": 50604.0,
        "median": 54221.0,
        "mean": 56498.368,
        "maximum": 283629.0,
        "std": 7582.650398896364
      },
      "memory_bytes": 28528,
      "allocations": 440,
      "gc_time_ns": 0.0,
      "samples": 10000
    },
    "notebook/spec_md": {
      "time_ns": {
        "minimum": 2.0555693e7,
        "median": 2.29036375e7,
        "mean": 2.4074325644230768e7,
        "maximum": 2.43917584e8,
        "std": 1.5370733020616425e7
      },
      "memory_bytes": 10839128,
      "allocations": 164413,
      "gc_time_ns": 1.059251798076923e6,
      "samples": 208
    },
    "parse/complex": {
      "time_ns": {
        "minimum": 47288.0,
        "median": 58870.0,
        "mean": 59534.4838,
        "maximum": 246249.0,
        "std": 7911.193387348003
      },
      "memory_bytes": 36736,
      "allocations": 535,
      "gc_time_ns": 0.0,
      "samples": 10000
    },
    "parse/simple": {
      "time_ns": {
        "minimum": 17783.0,
        "median": 20358.0,
        "mean": 21682.5633,
        "maximum": 177741.0,
        "std": 3808.979271104252
      },
      "memory_bytes": 15808,
      "allocations": 224,
      "gc_time_ns": 0.0,
      "samples": 10000
    },
    "parse/spec_cases_all": {
      "time_ns": {
        "minimum": 2.855187e6,
        "median": 3.641343e6,
        "mean": 4.1009704101722725e6,
        "maximum": 5.23566206e8,
        "std": 1.489446107311188e7
      },
      "memory_bytes": 2530976,
      "allocations": 35622,
      "gc_time_ns": 426167.7415914684,
      "samples": 1219
    },
    "parse/spec_md": {
      "time_ns": {
        "minimum": 6.939254e6,
        "median": 8.0300425e6,
        "mean": 8.777284289473685e6,
        "maximum": 4.64068004e8,
        "std": 1.9114347076949216e7
      },
      "memory_bytes": 5960640,
      "allocations": 88702,
      "gc_time_ns": 797884.1122807018,
      "samples": 570
    },
    "roundtrip/full": {
      "time_ns": {
        "minimum": 1.030503e6,
        "median": 1.198867e6,
        "mean": 1.327874954303932e6,
        "maximum": 4.57151155e8,
        "std": 7.431960658432594e6
      },
      "memory_bytes": 576160,
      "allocations": 8450,
      "gc_time_ns": 120970.32465462275,
      "samples": 3764
    },
    "roundtrip/markdown_all_ext": {
      "time_ns": {
        "minimum": 184515.0,
        "median": 210628.0,
        "mean": 212745.6182,
        "maximum": 458144.0,
        "std": 19821.914573717786
      },
      "memory_bytes": 110848,
      "allocations": 1681,
      "gc_time_ns": 0.0,
      "samples": 10000
    },
    "roundtrip/parse_all_ext": {
      "time_ns": {
        "minimum": 722158.0,
        "median": 840869.0,
        "mean": 1.0004278804804805e6,
        "maximum": 7.52484301e8,
        "std": 1.0635606359805362e7
      },
      "memory_bytes": 465312,
      "allocations": 6769,
      "gc_time_ns": 150437.15335335335,
      "samples": 4995
    },
    "term/complex": {
      "time_ns": {
        "minimum": 68238.0,
        "median": 73297.0,
        "mean": 74974.625,
        "maximum": 249024.0,
        "std": 6729.718579583476
      },
      "memory_bytes": 26368,
      "allocations": 434,
      "gc_time_ns": 0.0,
      "samples": 10000
    },
    "term/simple": {
      "time_ns": {
        "minimum": 21390.0,
        "median": 22142.0,
        "mean": 22562.3831,
        "maximum": 190436.0,
        "std": 2804.962944825934
      },
      "memory_bytes": 8480,
      "allocations": 130,
      "gc_time_ns": 0.0,
      "samples": 10000
    },
    "term/spec_md": {
      "time_ns": {
        "minimum": 1.2817393e7,
        "median": 1.3390788e7,
        "mean": 1.3517999137837838e7,
        "maximum": 1.4390297e7,
        "std": 433188.3076609804
      },
      "memory_bytes": 2795152,
      "allocations": 37098,
      "gc_time_ns": 0.0,
      "samples": 370
    },
    "typst/complex": {
      "time_ns": {
        "minimum": 16972.0,
        "median": 17783.0,
        "mean": 18196.2011,
        "maximum": 112850.0,
        "std": 2484.1106844599444
      },