{
    "git": {
        "branch": "master",
        "commit": "b7fd544b41111157f1672d23df7918abf0d04731",
        "dirty": false
    },
    "julia_version": "1.12.4",
    "arch": "x86_64",
    "timestamp": "2026-01-08T18:31:45Z",
    "benchmarks": {
        "roundtrip/markdown_all_ext": {
            "time_ns": {
                "minimum": 186418,
                "median": 210673,
                "mean": 213187.4964,
                "maximum": 447775,
                "std": 19759.561070675572
            },
            "memory_bytes": 110720,
            "allocations": 1680,
            "gc_time_ns": 0,
            "samples": 10000
        },
        "latex/simple": {
            "time_ns": {
                "minimum": 6213.6,
                "median": 6418,
                "mean": 6507.093479999999,
                "maximum": 18270,
                "std": 470.0215939415621
            },
            "memory_bytes": 1720,
            "allocations": 23,
            "gc_time_ns": 0,
            "samples": 10000
        },
        "roundtrip/parse_all_ext": {
            "time_ns": {
                "minimum": 706949,
                "median": 798339,
                "mean": 976360.9160948833,
                "maximum": 794927469,
                "std": 1.1118982588825168e7
            },
            "memory_bytes": 454000,
            "allocations": 6606,
            "gc_time_ns": 155608.94608900216,
            "samples": 5101
        },
        "markdown/simple": {
            "time_ns": {
                "minimum": 6840.8,
                "median": 7321.6,
                "mean": 7652.1038800000015,
                "maximum": 62905.2,
                "std": 1950.9465382302124
            },
            "memory_bytes": 5040,
            "allocations": 76,
            "gc_time_ns": 0,
            "samples": 10000
        },
        "term/simple": {
            "time_ns": {
                "minimum": 21821,
                "median": 22813,
                "mean": 23198.9877,
                "maximum": 95368,
                "std": 2336.783840842065
            },
            "memory_bytes": 8480,
            "allocations": 130,
            "gc_time_ns": 0,
            "samples": 10000
        },
        "html/complex": {
            "time_ns": {
                "minimum": 41648,
                "median": 43300,
                "mean": 44005.9121,
                "maximum": 169837,
                "std": 3090.9165417526883
            },
            "memory_bytes": 9904,
            "allocations": 197,
            "gc_time_ns": 0,
            "samples": 10000
        },
        "typst/complex": {
            "time_ns": {
                "minimum": 15890,
                "median": 16902,
                "mean": 17266.8635,
                "maximum": 125203,
                "std": 2176.0413643287384
            },
            "memory_bytes": 8928,
            "allocations": 126,
            "gc_time_ns": 0,
            "samples": 10000
        },
        "notebook/complex": {
            "time_ns": {
                "minimum": 138048,
                "median": 155581,
                "mean": 158410.0104,
                "maximum": 642379,
                "std": 21219.385234347963
            },
            "memory_bytes": 63248,
            "allocations": 1041,
            "gc_time_ns": 0,
            "samples": 10000
        },
        "term/complex": {
            "time_ns": {
                "minimum": 67746,
                "median": 72325.5,
                "mean": 74325.3699,
                "maximum": 240789,
                "std": 6462.2549269081
            },
            "memory_bytes": 25984,
            "allocations": 422,
            "gc_time_ns": 0,
            "samples": 10000
        },
        "parse/simple": {
            "time_ns": {
                "minimum": 17422,
                "median": 19937,
                "mean": 21270.6153,
                "maximum": 128109,
                "std": 3328.88215122488
            },
            "memory_bytes": 15808,
            "allocations": 224,
            "gc_time_ns": 0,
            "samples": 10000
        },
        "allocations/html_spec": {
            "time_ns": {
                "minimum": 5922265,
                "median": 6056194,
                "mean": 6.1346505e6,
                "maximum": 6790223,
                "std": 249383.55932590176
            },
            "memory_bytes": 2053376,
            "allocations": 29154,
            "gc_time_ns": 0,
            "samples": 10
        },
        "html/simple": {
            "time_ns": {
                "minimum": 19847,
                "median": 20849,
                "mean": 21241.421,
                "maximum": 152625,
                "std": 2315.763455881744
            },
            "memory_bytes": 5408,
            "allocations": 112,
            "gc_time_ns": 0,
            "samples": 10000
        },
        "markdown/complex": {
            "time_ns": {
                "minimum": 27672,
                "median": 29524,
                "mean": 30074.5097,
                "maximum": 189513,
                "std": 2996.7556803594593
            },
            "memory_bytes": 14112,
            "allocations": 238,
            "gc_time_ns": 0,
            "samples": 10000
        },
        "notebook/spec_md": {
            "time_ns": {
                "minimum": 19892866,
                "median": 22395193,
                "mean": 2.3360160576744188e7,
                "maximum": 202268433,
                "std": 1.2335998369482933e7
            },
            "memory_bytes": 10839128,
            "allocations": 164413,
            "gc_time_ns": 825689.4837209302,
            "samples": 215
        },
        "html/spec_md": {
            "time_ns": {
                "minimum": 5883411,
                "median": 6.3026925e6,
                "mean": 6.330256396202532e6,
                "maximum": 7590123,
                "std": 216575.0320620677
            },
            "memory_bytes": 2053376,
            "allocations": 29154,
            "gc_time_ns": 0,
            "samples": 790
        },
        "latex/spec_md": {
            "time_ns": {
                "minimum": 2626407,
                "median": 2.8854155e6,
                "mean": 2.8515868430365296e6,
                "maximum": 24576656,
                "std": 539702.8991808606
            },
            "memory_bytes": 780264,
            "allocations": 1992,
            "gc_time_ns": 12315.783675799086,
            "samples": 1752
        },
        "term/spec_md": {
            "time_ns": {
                "minimum": 12868135,
                "median": 1.35876625e7,
                "mean": 1.3758265403846154e7,
                "maximum": 18074685,
                "std": 534422.9535594187
            },
            "memory_bytes": 2796992,
            "allocations": 37147,
            "gc_time_ns": 0,
            "samples": 364
        },
        "notebook/simple": {
            "time_ns": {
                "minimum": 52158,
                "median": 57718,
                "mean": 59444.1555,
                "maximum": 224720,
                "std": 6240.659605406371
            },
            "memory_bytes": 28528,
            "allocations": 440,
            "gc_time_ns": 0,
            "samples": 10000
        },
        "typst/spec_md": {
            "time_ns": {
                "minimum": 2630767,
                "median": 2.9239535e6,
                "mean": 3.051116191086691e6,
                "maximum": 111111970,
                "std": 3.6571946068699383e6
            },
            "memory_bytes": 1771376,
            "allocations": 20453,
            "gc_time_ns": 126852.65506715506,
            "samples": 1638
        },
        "allocations/parse_spec": {
            "time_ns": {
                "minimum": 7278605,
                "median": 7.6387915e6,
                "mean": 7.9256126e6,
                "maximum": 8916570,