{
    "git": {
        "branch": "master",
        "commit": "d3f3cc7995002ff9a4fab9f0bdd6c3347032d6d0",
        "dirty": false
    },
    "julia_version": "1.12.5",
    "arch": "x86_64",
    "timestamp": "2026-02-17T17:30:03Z",
    "benchmarks": {
        "roundtrip/markdown_all_ext": {
            "time_ns": {
                "minimum": 184765,
                "median": 214411,
                "mean": 216500.9363,
                "maximum": 444791,
                "std": 19953.891519819404
            },
            "memory_bytes": 110912,
            "allocations": 1683,
            "gc_time_ns": 0,
            "samples": 10000
        },
        "latex/simple": {
            "time_ns": {
                "minimum": 6293.8,
                "median": 6492,
                "mean": 6587.776120000003,
                "maximum": 18618.8,
                "std": 504.9984322544017
            },
            "memory_bytes": 1720,
            "allocations": 23,
            "gc_time_ns": 0,
            "samples": 10000
        },
        "roundtrip/parse_all_ext": {
            "time_ns": {
                "minimum": 720557,
                "median": 814352,
                "mean": 981667.7268427276,
                "maximum": 754480894,
                "std": 1.0580484047384588e7
            },
            "memory_bytes": 465312,
            "allocations": 6769,
            "gc_time_ns": 148510.42136381552,
            "samples": 5074
        },
        "markdown/simple": {
            "time_ns": {
                "minimum": 6700.4,
                "median": 7063.2,
                "mean": 7236.229960000002,
                "maximum": 31785.6,
                "std": 1212.418630135593
            },
            "memory_bytes": 5040,
            "allocations": 76,
            "gc_time_ns": 0,
            "samples": 10000
        },
        "term/simple": {
            "time_ns": {
                "minimum": 22071,
                "median": 23003,
                "mean": 23356.0668,
                "maximum": 90840,
                "std": 2117.313350810482
            },
            "memory_bytes": 8480,
            "allocations": 130,
            "gc_time_ns": 0,
            "samples": 10000
        },
        "html/complex": {
            "time_ns": {
                "minimum": 46417,
                "median": 48170,
                "mean": 49055.726,
                "maximum": 186268,
                "std": 3765.721228710542
            },
            "memory_bytes": 10192,
            "allocations": 203,
            "gc_time_ns": 0,
            "samples": 10000
        },
        "typst/complex": {
            "time_ns": {
                "minimum": 17011,
                "median": 17964,
                "mean": 18874.2507,
                "maximum": 112361,
                "std": 3814.161904632915
            },
            "memory_bytes": 9936,
            "allocations": 144,
            "gc_time_ns": 0,
            "samples": 10000
        },
        "notebook/complex": {
            "time_ns": {
                "minimum": 135964,
                "median": 153077,
                "mean": 154011.6805,
                "maximum": 363299,
                "std": 11972.18213992499
            },
            "memory_bytes": 63248,
            "allocations": 1041,
            "gc_time_ns": 0,
            "samples": 10000
        },
        "term/complex": {
            "time_ns": {
                "minimum": 69160,
                "median": 73508,
                "mean": 75989.5763,
                "maximum": 283480,
                "std": 7484.012659578228
            },
            "memory_bytes": 26368,
            "allocations": 434,
            "gc_time_ns": 0,
            "samples": 10000
        },
        "parse/simple": {
            "time_ns": {
                "minimum": 17793,
                "median": 20177.5,
                "mean": 21457.5048,
                "maximum": 115055,
                "std": 3398.3379462697153
            },
            "memory_bytes": 15808,
            "allocations": 224,
            "gc_time_ns": 0,
            "samples": 10000
        },
        "allocations/html_spec": {
            "time_ns": {
                "minimum": 6063974,
                "median": 6.1356485e6,
                "mean": 6.1724013e6,
                "maximum": 6688132,
                "std": 185396.39605274005
            },
            "memory_bytes": 2053376,
            "allocations": 29154,
            "gc_time_ns": 0,
            "samples": 10
        },
        "html/simple": {
            "time_ns": {
                "minimum": 20378,
                "median": 21360,
                "mean": 21785.9673,
                "maximum": 127278,
                "std": 2361.3226927967007
            },
            "memory_bytes": 5408,
            "allocations": 112,
            "gc_time_ns": 0,
            "samples": 10000
        },
        "markdown/complex": {
            "time_ns": {
                "minimum": 27651,
                "median": 29145,
                "mean": 29750.1194,
                "maximum": 152796,
                "std": 2997.879585097493
            },
            "memory_bytes": 14112,
            "allocations": 238,
            "gc_time_ns": 0,
            "samples": 10000
        },
        "notebook/spec_md": {
            "time_ns": {
                "minimum": 19908396,
                "median": 22545466,
                "mean": 2.3722518056872036e7,
                "maximum": 262036317,
                "std": 1.6553819195249172e7
            },
            "memory_bytes": 10839128,
            "allocations": 164413,
            "gc_time_ns": 1.1313638625592417e6,
            "samples": 211
        },
        "html/spec_md": {
            "time_ns": {
                "minimum": 5966073,
                "median": 6562178,
                "mean": 6.541787162091503e6,
                "maximum": 7805150,
                "std": 293606.1073824901
            },
            "memory_bytes": 2053376,
            "allocations": 29154,
            "gc_time_ns": 0,
            "samples": 765
        },
        "latex/spec_md": {
            "time_ns": {
                "minimum": 2615249,
                "median": 2.8996355e6,
                "mean": 2.8389783852272728e6,
                "maximum": 24169813,
                "std": 528362.6868106097
            },
            "memory_bytes": 780264,
            "allocations": 1992,
            "gc_time_ns": 12011.277840909092,
            "samples": 1760
        },
        "term/spec_md": {
            "time_ns": {
                "minimum": 12830797,
                "median": 13261030,
                "mean": 1.349045404851752e7,
                "maximum": 14597321,
                "std": 493843.6263775537
            },
            "memory_bytes": 2795152,
            "allocations": 37098,
            "gc_time_ns": 0,
            "samples": 371
        },
        "notebook/simple": {
            "time_ns": {
                "minimum": 50565,
                "median": 55033,
                "mean": 56637.4905,
                "maximum": 206095,
                "std": 5652.291154039993
            },
            "memory_bytes": 28528,
            "allocations": 440,
            "gc_time_ns": 0,
            "samples": 10000
        },
        "typst/spec_md": {
            "time_ns": {
                "minimum": 2701490,
                "median": 2939093,
                "mean": 3.1675713671528217e6,
                "maximum": 134809525,
                "std": 4.381948834216949e6
            },
            "memory_bytes": 1771376,
            "allocations": 20453,
            "gc_time_ns": 154834.9790741915,
            "samples": 1577
        },
        "allocations/parse_spec": {
            "time_ns": {
                "minimum": 7267716,
                "median": 7.6290105e6,
                "mean": 7.8784137e6,
                "maximum": 8715161,