{
  "arch": "x86_64",
  "benchmarks": {
    "allocations/html_spec": {
      "time_ns": {
        "minimum": 6.265154e6,
        "median": 6.314224e6,
        "mean": 6.4994327e6,
        "maximum": 7.217633e6,
        "std": 368677.0567191865
      },
      "memory_bytes": 2321952,
      "allocations": 38746,
      "gc_time_ns": 0.0,
      "samples": 10
    },
    "allocations/parse_spec": {
      "time_ns": {
        "minimum": 7.318163e6,
        "median": 8.4577145e6,
        "mean": 8.4305521e6,
        "maximum": 9.472266e6,
        "std": 819152.2170868624
      },
      "memory_bytes": 5938144,
      "allocations": 87999,
      "gc_time_ns": 0.0,
      "samples": 10
    },
    "html/complex": {
      "time_ns": {
        "minimum": 42234.0,
        "median": 44568.0,
        "mean": 45254.1935,
        "maximum": 203941.0,
        "std": 3220.2104136792973
      },
      "memory_bytes": 12320,
      "allocations": 279,
      "gc_time_ns": 0.0,
      "samples": 10000
    },
    "html/simple": {
      "time_ns": {
        "minimum": 19069.0,
        "median": 20260.0,
        "mean": 20607.8435,
        "maximum": 142627.0,
        "std": 2130.6069454508383
      },
      "memory_bytes": 6640,
      "allocations": 156,
      "gc_time_ns": 0.0,
      "samples": 10000
    },
    "html/spec_md": {
      "time_ns": {
        "minimum": 6.206182e6,
        "median": 6.525249e6,
        "mean": 6.717371979865772e6,
        "maximum": 1.292742e7,
        "std": 544463.1760561364
      },
      "memory_bytes": 2321952,
      "allocations": 38746,
      "gc_time_ns": 0.0,
      "samples": 745
    },
    "latex/complex": {
      "time_ns": {
        "minimum": 13721.0,
        "median": 14322.0,
        "mean": 14567.9856,
        "maximum": 101917.0,
        "std": 1657.5595403350117
      },
      "memory_bytes": 4184,
      "allocations": 49,
      "gc_time_ns": 0.0,
      "samples": 10000
    },
    "latex/simple": {
      "time_ns": {
        "minimum": 6321.6,
        "median": 6702.2,
        "mean": 6808.5356200000015,
        "maximum": 20016.4,
        "std": 492.9983851413621
      },
      "memory_bytes": 1880,
      "allocations": 26,
      "gc_time_ns": 0.0,
      "samples": 10000
    },
    "latex/spec_md": {
      "time_ns": {
        "minimum": 2.802873e6,
        "median": 3.147202e6,
        "mean": 3.0765833963076924e6,
        "maximum": 3.4226634e7,
        "std": 788930.2684269502
      },
      "memory_bytes": 802184,
      "allocations": 2379,
      "gc_time_ns": 18946.952,
      "samples": 1625
    },
    "markdown/complex": {
      "time_ns": {
        "minimum": 26239.0,
        "median": 27973.0,
        "mean": 28446.6148,
        "maximum": 156267.0,
        "std": 2659.037195170743
      },
      "memory_bytes": 14112,
      "allocations": 238,
      "gc_time_ns": 0.0,
      "samples": 10000
    },
    "markdown/simple": {
      "time_ns": {
        "minimum": 6548.0,
        "median": 7116.8,
        "mean": 7547.217139999998,
        "maximum": 67049.6,
        "std": 1447.9381035974588
      },
      "memory_bytes": 5040,
      "allocations": 76,
      "gc_time_ns": 0.0,
      "samples": 10000
    },
    "markdown/spec_md": {
      "time_ns": {
        "minimum": 1.552425e6,
        "median": 1.879857e6,
        "mean": 2.1211524734832416e6,
        "maximum": 3.07812948e8,
        "std": 7.732561958864213e6
      },
      "memory_bytes": 1768384,
      "allocations": 20307,
      "gc_time_ns": 221601.16249469665,
      "samples": 2357
    },
    "notebook/complex": {
      "time_ns": {
        "minimum": 122689.0,
        "median": 139315.0,
        "mean": 139625.3687,
        "maximum": 449252.0,
        "std": 11925.116403234115
      },
      "memory_bytes": 63248,
      "allocations": 1041,
      "gc_time_ns": 0.0,
      "samples": 10000
    },
    "notebook/simple": {
      "time_ns": {
        "minimum": 44398.0,
        "median": 47928.5,
        "mean": 48979.0079,
        "maximum": 242963.0,
        "std": 4240.378706105707
      },
      "memory_bytes": 28528,
      "allocations": 440,
      "gc_time_ns": 0.0,
      "samples": 10000
    },
    "notebook/spec_md": {
      "time_ns": {
        "minimum": 2.0135303e7,
        "median": 2.2587947e7,
        "mean": 2.3951925502392344e7,
        "maximum": 2.74010539e8,
        "std": 1.7421631010072213e7
      },
      "memory_bytes": 10839128,
      "allocations": 164413,
      "gc_time_ns": 1.2041861578947369e6,
      "samples": 209
    },
    "parse/complex": {
      "time_ns": {
        "minimum": 39580.0,
        "median": 52149.0,
        "mean": 51695.8041,
        "maximum": 348016.0,
        "std": 11656.042780663327
      },
      "memory_bytes": 36704,
      "allocations": 534,
      "gc_time_ns": 0.0,
      "samples": 10000
    },
    "parse/simple": {
      "time_ns": {
        "minimum": 16215.0,
        "median": 18698.0,
        "mean": 20117.8776,
        "maximum": 137568.0,
        "std": 3366.761805700527
      },
      "memory_bytes": 15776,
      "allocations": 223,
      "gc_time_ns": 0.0,
      "samples": 10000
    },
    "parse/spec_cases_all": {
      "time_ns": {
        "minimum": 2.888055e6,
        "median": 3.7932325e6,
        "mean": 4.274831223931624e6,
        "maximum": 5.85568135e8,
        "std": 1.7012525713274732e7
      },
      "memory_bytes": 2529568,
      "allocations": 35580,
      "gc_time_ns": 496722.4641025641,
      "samples": 1170
    },
    "parse/spec_md": {
      "time_ns": {
        "minimum": 6.759887e6,
        "median": 8.201397e6,
        "mean": 9.028940451263538e6,
        "maximum": 5.70414023e8,
        "std": 2.391052520230337e7
      },
      "memory_bytes": 5938144,
      "allocations": 87999,
      "gc_time_ns": 1.0108248231046931e6,
      "samples": 554
    },
    "roundtrip/full": {
      "time_ns": {
        "minimum": 1.02397e6,
        "median": 1.218207e6,
        "mean": 1.366178827275212e6,
        "maximum": 4.86273144e8,
        "std": 8.019114619265278e6
      },
      "memory_bytes": 576032,
      "allocations": 8446,
      "gc_time_ns": 132448.48701831102,
      "samples": 3659
    },
    "roundtrip/markdown_all_ext": {
      "time_ns": {
        "minimum": 160615.0,
        "median": 189524.5,
        "mean": 190526.9517,
        "maximum": 1.188777e6,
        "std": 28721.218622643504
      },
      "memory_bytes": 110848,
      "allocations": 1681,
      "gc_time_ns": 0.0,
      "samples": 10000
    },
    "roundtrip/parse_all_ext": {
      "time_ns": {
        "minimum": 688870.0,
        "median": 791266.0,
        "mean": 959832.7582101017,
        "maximum": 8.02006182e8,
        "std": 1.1103494724586463e7
      },
      "memory_bytes": 465184,
      "allocations": 6765,
      "gc_time_ns": 153758.03284040713,
      "samples": 5207
    },
    "term/complex": {
      "time_ns": {
        "minimum": 66890.0,
        "median": 69754.0,
        "mean": 71466.1943,
        "maximum": 219417.0,
        "std": 4626.250470444616
      },
      "memory_bytes": 26368,
      "allocations": 434,
      "gc_time_ns": 0.0,
      "samples": 10000
    },
    "term/simple": {
      "time_ns": {
        "minimum": 21141.0,
        "median": 22183.0,
        "mean": 22495.015,
        "maximum": 104546.0,
        "std": 1937.5815836279826
      },
      "memory_bytes": 8480,
      "allocations": 130,
      "gc_time_ns": 0.0,
      "samples": 10000
    },
    "term/spec_md": {
      "time_ns": {
        "minimum": 1.298508e7,
        "median": 1.3693739e7,
        "mean": 1.3797034165289257e7,
        "maximum": 1.4874847e7,
        "std": 557726.0071566312
      },
      "memory_bytes": 2795152,
      "allocations": 37098,
      "gc_time_ns": 0.0,
      "samples": 363
    },
    "typst/complex": {
      "time_ns": {
        "minimum": 15834.0,
        "median": 16795.0,
        "mean": 17072.5697,
        "maximum": 149133.0,
        "std": 2027.9614891614835
      },