{
  "arch": "x86_64",
  "benchmarks": {
    "allocations/html_spec": {
      "time_ns": {
        "minimum": 4.923806e6,
        "median": 5.022875e6,
        "mean": 5.2284079e6,
        "maximum": 5.881365e6,
        "std": 375558.9327588799
      },
      "memory_bytes": 2321952,
      "allocations": 38746,
      "gc_time_ns": 0.0,
      "samples": 10
    },
    "allocations/parse_spec": {
      "time_ns": {
        "minimum": 7.084342e6,
        "median": 7.3287095e6,
        "mean": 7.4203017e6,
        "maximum": 8.04168e6,
        "std": 341968.06678858516
      },
      "memory_bytes": 5960640,
      "allocations": 88702,
      "gc_time_ns": 0.0,
      "samples": 10
    },
    "html/complex": {
      "time_ns": {
        "minimum": 34492.0,
        "median": 36545.0,
        "mean": 37274.4962,
        "maximum": 188002.0,
        "std": 3128.910669032122
      },
      "memory_bytes": 12320,
      "allocations": 279,
      "gc_time_ns": 0.0,
      "samples": 10000
    },
    "html/simple": {
      "time_ns": {
        "minimum": 15173.0,
        "median": 16405.0,
        "mean": 16695.1957,
        "maximum": 137597.0,
        "std": 1893.1626926652661
      },
      "memory_bytes": 6640,
      "allocations": 156,
      "gc_time_ns": 0.0,
      "samples": 10000
    },
    "html/spec_md": {
      "time_ns": {
        "minimum": 4.67908e6,
        "median": 5.018228e6,
        "mean": 5.090845197355036e6,
        "maximum": 6.594666e6,
        "std": 250705.65908924845
      },
      "memory_bytes": 2321952,
      "allocations": 38746,
      "gc_time_ns": 0.0,
      "samples": 983
    },
    "latex/complex": {
      "time_ns": {
        "minimum": 10796.0,
        "median": 11207.0,
        "mean": 11385.1547,
        "maximum": 98869.0,
        "std": 1363.8900169609524
      },
      "memory_bytes": 4184,
      "allocations": 49,
      "gc_time_ns": 0.0,
      "samples": 10000
    },
    "latex/simple": {
      "time_ns": {
        "minimum": 4845.857142857143,
        "median": 5174.857142857143,
        "mean": 5235.015714285713,
        "maximum": 14951.0,
        "std": 373.0568790503212
      },
      "memory_bytes": 1880,
      "allocations": 26,
      "gc_time_ns": 0.0,
      "samples": 10000
    },
    "latex/spec_md": {
      "time_ns": {
        "minimum": 2.166895e6,
        "median": 2.316665e6,
        "mean": 2.3673267826704546e6,
        "maximum": 3.2577366e7,
        "std": 670610.0101062307
      },
      "memory_bytes": 802184,
      "allocations": 2379,
      "gc_time_ns": 14079.141098484848,
      "samples": 2112
    },
    "markdown/complex": {
      "time_ns": {
        "minimum": 20832.0,
        "median": 22664.5,
        "mean": 22986.8561,
        "maximum": 147402.0,
        "std": 2134.2995422963513
      },
      "memory_bytes": 14112,
      "allocations": 238,
      "gc_time_ns": 0.0,
      "samples": 10000
    },
    "markdown/simple": {
      "time_ns": {
        "minimum": 5324.666666666667,
        "median": 5907.166666666667,
        "mean": 6321.34825,
        "maximum": 53411.833333333336,
        "std": 1318.232513923563
      },
      "memory_bytes": 5040,
      "allocations": 76,
      "gc_time_ns": 0.0,
      "samples": 10000
    },
    "markdown/spec_md": {
      "time_ns": {
        "minimum": 1.264382e6,
        "median": 1.573619e6,
        "mean": 1.7273545559778854e6,
        "maximum": 2.84163875e8,
        "std": 6.906584282835925e6
      },
      "memory_bytes": 1768384,
      "allocations": 20307,
      "gc_time_ns": 180633.89184519695,
      "samples": 2894
    },
    "notebook/complex": {
      "time_ns": {
        "minimum": 95964.0,
        "median": 109224.0,
        "mean": 110022.298,
        "maximum": 322164.0,
        "std": 8159.755102055977
      },
      "memory_bytes": 63248,
      "allocations": 1041,
      "gc_time_ns": 0.0,
      "samples": 10000
    },
    "notebook/simple": {
      "time_ns": {
        "minimum": 34592.0,
        "median": 39059.0,
        "mean": 39749.4343,
        "maximum": 223296.0,
        "std": 3593.799700972855
      },
      "memory_bytes": 28528,
      "allocations": 440,
      "gc_time_ns": 0.0,
      "samples": 10000
    },
    "notebook/spec_md": {
      "time_ns": {
        "minimum": 1.6053969e7,
        "median": 1.76749835e7,
        "mean": 1.971463538976378e7,
        "maximum": 2.42662625e8,
        "std": 1.984169007472259e7
      },
      "memory_bytes": 10839128,
      "allocations": 164413,
      "gc_time_ns": 1.7481605866141731e6,
      "samples": 254
    },
    "parse/complex": {
      "time_ns": {
        "minimum": 32379.0,
        "median": 44056.0,
        "mean": 44006.8646,
        "maximum": 332159.0,
        "std": 10257.766783155319
      },
      "memory_bytes": 36736,
      "allocations": 535,
      "gc_time_ns": 0.0,
      "samples": 10000
    },
    "parse/simple": {
      "time_ns": {
        "minimum": 13230.0,
        "median": 15864.0,
        "mean": 17223.3179,
        "maximum": 142023.0,
        "std": 3278.3828033986747
      },
      "memory_bytes": 15808,
      "allocations": 224,
      "gc_time_ns": 0.0,
      "samples": 10000
    },
    "parse/spec_cases_all": {
      "time_ns": {
        "minimum": 2.303738e6,
        "median": 3.021917e6,
        "mean": 3.4459292046864233e6,
        "maximum": 5.55042348e8,
        "std": 1.4495445872276297e7
      },
      "memory_bytes": 2530976,
      "allocations": 35622,
      "gc_time_ns": 379969.0640937285,
      "samples": 1451
    },
    "parse/spec_md": {
      "time_ns": {
        "minimum": 5.288099e6,
        "median": 6.535463e6,
        "mean": 7.36330413107511e6,
        "maximum": 4.79781967e8,
        "std": 1.8175144289828863e7
      },
      "memory_bytes": 5960640,
      "allocations": 88702,
      "gc_time_ns": 694937.2106038291,
      "samples": 679
    },
    "roundtrip/full": {
      "time_ns": {
        "minimum": 770718.0,
        "median": 976487.0,
        "mean": 1.086802730811046e6,
        "maximum": 5.05050856e8,
        "std": 7.433370625668993e6
      },
      "memory_bytes": 576224,
      "allocations": 8452,
      "gc_time_ns": 109508.5914329202,
      "samples": 4599
    },
    "roundtrip/markdown_all_ext": {
      "time_ns": {
        "minimum": 125819.0,
        "median": 148022.0,
        "mean": 150115.4502,
        "maximum": 540011.0,
        "std": 21317.050874750938
      },
      "memory_bytes": 110912,
      "allocations": 1683,
      "gc_time_ns": 0.0,
      "samples": 10000
    },
    "roundtrip/parse_all_ext": {
      "time_ns": {
        "minimum": 559070.0,
        "median": 664303.0,
        "mean": 818067.2495908347,
        "maximum": 8.19451825e8,
        "std": 1.0475043253533669e7
      },
      "memory_bytes": 465312,
      "allocations": 6769,
      "gc_time_ns": 133912.60932896892,
      "samples": 6110
    },
    "term/complex": {
      "time_ns": {
        "minimum": 52469.0,
        "median": 55374.0,
        "mean": 56681.2395,
        "maximum": 271528.0,
        "std": 4276.108723257755
      },
      "memory_bytes": 26368,
      "allocations": 434,
      "gc_time_ns": 0.0,
      "samples": 10000
    },
    "term/simple": {
      "time_ns": {
        "minimum": 16755.0,
        "median": 17637.0,
        "mean": 17871.3023,
        "maximum": 95273.0,
        "std": 1594.288200295439
      },
      "memory_bytes": 8480,
      "allocations": 130,
      "gc_time_ns": 0.0,
      "samples": 10000
    },
    "term/spec_md": {
      "time_ns": {
        "minimum": 1.0085948e7,
        "median": 1.07297395e7,
        "mean": 1.1078042305309735e7,
        "maximum": 1.51220166e8,
        "std": 6.62575837167592e6
      },
      "memory_bytes": 2795152,
      "allocations": 37098,
      "gc_time_ns": 310498.61504424777,
      "samples": 452
    },
    "typst/complex": {
      "time_ns": {
        "minimum": 12458.0,
        "median": 13520.0,
        "mean": 14511.6285,
        "maximum": 244527.0,