{
    "git": {
        "branch": "master",
        "commit": "1596e0ee431f785d4d4ab9c759bbcd2c434b9325",
        "dirty": false
    },
    "julia_version": "1.12.4",
    "arch": "x86_64",
    "timestamp": "2026-01-08T21:06:24Z",
    "benchmarks": {
        "roundtrip/markdown_all_ext": {
            "time_ns": {
                "minimum": 182211,
                "median": 208511,
                "mean": 211193.4804,
                "maximum": 613589,
                "std": 21813.22006591829
            },
            "memory_bytes": 110720,
            "allocations": 1680,
            "gc_time_ns": 0,
            "samples": 10000
        },
        "latex/simple": {
            "time_ns": {
                "minimum": 6189.6,
                "median": 6408,
                "mean": 6503.05818,
                "maximum": 39293.6,
                "std": 596.4741728884662
            },
            "memory_bytes": 1720,
            "allocations": 23,
            "gc_time_ns": 0,
            "samples": 10000
        },
        "roundtrip/parse_all_ext": {
            "time_ns": {
                "minimum": 727093,
                "median": 828512,
                "mean": 1.0202968776889981e6,
                "maximum": 789538767,
                "std": 1.1289218914291639e7
            },
            "memory_bytes": 454000,
            "allocations": 6606,
            "gc_time_ns": 161496.88055726286,
            "samples": 4881
        },
        "markdown/simple": {
            "time_ns": {
                "minimum": 6644.4,
                "median": 7572.2,
                "mean": 7667.608580000001,
                "maximum": 51781,
                "std": 1073.645628762116
            },
            "memory_bytes": 5040,
            "allocations": 76,
            "gc_time_ns": 0,
            "samples": 10000
        },
        "term/simple": {
            "time_ns": {
                "minimum": 21270,
                "median": 21991,
                "mean": 22353.8043,
                "maximum": 90309,
                "std": 2141.159253744686
            },
            "memory_bytes": 8480,
            "allocations": 130,
            "gc_time_ns": 0,
            "samples": 10000
        },
        "html/complex": {
            "time_ns": {
                "minimum": 41718,
                "median": 43562,
                "mean": 44373.0119,
                "maximum": 193903,
                "std": 3547.292182713646
            },
            "memory_bytes": 9904,
            "allocations": 197,
            "gc_time_ns": 0,
            "samples": 10000
        },
        "typst/complex": {
            "time_ns": {
                "minimum": 16090,
                "median": 17082,
                "mean": 17538.1774,
                "maximum": 413245,
                "std": 5821.063964353678
            },
            "memory_bytes": 8928,
            "allocations": 126,
            "gc_time_ns": 0,
            "samples": 10000
        },
        "notebook/complex": {
            "time_ns": {
                "minimum": 134161,
                "median": 148448,
                "mean": 150369.0789,
                "maximum": 392074,
                "std": 11970.034908714608
            },
            "memory_bytes": 63248,
            "allocations": 1041,
            "gc_time_ns": 0,
            "samples": 10000
        },
        "term/complex": {
            "time_ns": {
                "minimum": 66144,
                "median": 70853,
                "mean": 72830.0684,
                "maximum": 233909,
                "std": 6538.655227777361
            },
            "memory_bytes": 25984,
            "allocations": 422,
            "gc_time_ns": 0,
            "samples": 10000
        },
        "parse/simple": {
            "time_ns": {
                "minimum": 18234,
                "median": 20478,
                "mean": 21666.6992,
                "maximum": 113592,
                "std": 3193.8917117438396
            },
            "memory_bytes": 15808,
            "allocations": 224,
            "gc_time_ns": 0,
            "samples": 10000
        },
        "allocations/html_spec": {
            "time_ns": {
                "minimum": 5966775,
                "median": 6.0034795e6,
                "mean": 6.0654912e6,
                "maximum": 6489213,
                "std": 156048.72068527542
            },
            "memory_bytes": 2053376,
            "allocations": 29154,
            "gc_time_ns": 0,
            "samples": 10
        },
        "html/simple": {
            "time_ns": {
                "minimum": 20078,
                "median": 21400,
                "mean": 21842.999,
                "maximum": 147106,
                "std": 2587.860223438006
            },
            "memory_bytes": 5408,
            "allocations": 112,
            "gc_time_ns": 0,
            "samples": 10000
        },
        "markdown/complex": {
            "time_ns": {
                "minimum": 27121,
                "median": 28773,
                "mean": 29338.3997,
                "maximum": 144801,
                "std": 2798.564637335154
            },
            "memory_bytes": 14112,
            "allocations": 238,
            "gc_time_ns": 0,
            "samples": 10000
        },
        "notebook/spec_md": {
            "time_ns": {
                "minimum": 20492531,
                "median": 22773594,
                "mean": 2.375611846919431e7,
                "maximum": 203637846,
                "std": 1.2501367853432277e7
            },
            "memory_bytes": 10839128,
            "allocations": 164413,
            "gc_time_ns": 853236.9857819906,
            "samples": 211
        },
        "html/spec_md": {
            "time_ns": {
                "minimum": 5992805,
                "median": 6654744,
                "mean": 6.672933321762349e6,
                "maximum": 10761054,
                "std": 307667.4709565661
            },
            "memory_bytes": 2053376,
            "allocations": 29154,
            "gc_time_ns": 0,
            "samples": 749
        },
        "latex/spec_md": {
            "time_ns": {
                "minimum": 2626439,
                "median": 2885435,
                "mean": 2.8269844997170344e6,
                "maximum": 25137165,
                "std": 546112.0714477011
            },
            "memory_bytes": 780264,
            "allocations": 1992,
            "gc_time_ns": 12426.803056027165,
            "samples": 1767
        },
        "term/spec_md": {
            "time_ns": {
                "minimum": 12572071,
                "median": 13039571,
                "mean": 1.318345547368421e7,
                "maximum": 15587489,
                "std": 415367.02983826434
            },
            "memory_bytes": 2796992,
            "allocations": 37147,
            "gc_time_ns": 0,
            "samples": 380
        },
        "notebook/simple": {
            "time_ns": {
                "minimum": 51337,
                "median": 56576,
                "mean": 58166.5892,
                "maximum": 331441,
                "std": 6161.961060332519
            },
            "memory_bytes": 28528,
            "allocations": 440,
            "gc_time_ns": 0,
            "samples": 10000
        },
        "typst/spec_md": {
            "time_ns": {
                "minimum": 2647881,
                "median": 2943044,
                "mean": 3.071685651505839e6,
                "maximum": 111207653,
                "std": 3.639782123632226e6
            },
            "memory_bytes": 1771376,
            "allocations": 20453,
            "gc_time_ns": 126713.840196681,
            "samples": 1627
        },
        "allocations/parse_spec": {
            "time_ns": {
                "minimum": 7256991,
                "median": 7.5115575e6,
                "mean": 7.7380706e6,
                "maximum": 8604674,