{
  "arch": "x86_64",
  "benchmarks": {
    "allocations/html_spec": {
      "time_ns": {
        "minimum": 6.236111e6,
        "median": 6.314619e6,
        "mean": 6.4464018e6,
        "maximum": 7.295846e6,
        "std": 333636.720040692
      },
      "memory_bytes": 2321952,
      "allocations": 38746,
      "gc_time_ns": 0.0,
      "samples": 10
    },
    "allocations/parse_spec": {
      "time_ns": {
        "minimum": 7.525821e6,
        "median": 8.4941025e6,
        "mean": 8.5544485e6,
        "maximum": 9.544358e6,
        "std": 698098.0208549593
      },
      "memory_bytes": 5960640,
      "allocations": 88702,
      "gc_time_ns": 0.0,
      "samples": 10
    },
    "html/complex": {
      "time_ns": {
        "minimum": 43806.0,
        "median": 46309.0,
        "mean": 46980.8414,
        "maximum": 196015.0,
        "std": 3206.115101591099
      },
      "memory_bytes": 12320,
      "allocations": 279,
      "gc_time_ns": 0.0,
      "samples": 10000
    },
    "html/simple": {
      "time_ns": {
        "minimum": 19339.0,
        "median": 20896.5,
        "mean": 21228.7804,
        "maximum": 151798.0,
        "std": 2245.6058248338895
      },
      "memory_bytes": 6640,
      "allocations": 156,
      "gc_time_ns": 0.0,
      "samples": 10000
    },
    "html/spec_md": {
      "time_ns": {
        "minimum": 6.196281e6,
        "median": 6.522812e6,
        "mean": 6.740265432614556e6,
        "maximum": 1.1364395e7,
        "std": 437183.53608237894
      },
      "memory_bytes": 2321952,
      "allocations": 38746,
      "gc_time_ns": 0.0,
      "samples": 742
    },
    "latex/complex": {
      "time_ns": {
        "minimum": 14381.0,
        "median": 15334.0,
        "mean": 15568.4736,
        "maximum": 179851.0,
        "std": 2417.686438989715
      },
      "memory_bytes": 4184,
      "allocations": 49,
      "gc_time_ns": 0.0,
      "samples": 10000
    },
    "latex/simple": {
      "time_ns": {
        "minimum": 6652.0,
        "median": 7002.6,
        "mean": 7109.736640000001,
        "maximum": 21334.2,
        "std": 486.50190945185454
      },
      "memory_bytes": 1880,
      "allocations": 26,
      "gc_time_ns": 0.0,
      "samples": 10000
    },
    "latex/spec_md": {
      "time_ns": {
        "minimum": 2.895756e6,
        "median": 3.21702e6,
        "mean": 3.141654625e6,
        "maximum": 3.5118588e7,
        "std": 816503.8743355889
      },
      "memory_bytes": 802184,
      "allocations": 2379,
      "gc_time_ns": 19855.376884422112,
      "samples": 1592
    },
    "markdown/complex": {
      "time_ns": {
        "minimum": 26260.0,
        "median": 28113.0,
        "mean": 28552.2441,
        "maximum": 158889.0,
        "std": 2585.835072857043
      },
      "memory_bytes": 14112,
      "allocations": 238,
      "gc_time_ns": 0.0,
      "samples": 10000
    },
    "markdown/simple": {
      "time_ns": {
        "minimum": 6595.8,
        "median": 7208.8,
        "mean": 7391.2099199999975,
        "maximum": 30572.0,
        "std": 1021.1151680942972
      },
      "memory_bytes": 5040,
      "allocations": 76,
      "gc_time_ns": 0.0,
      "samples": 10000
    },
    "markdown/spec_md": {
      "time_ns": {
        "minimum": 1.557623e6,
        "median": 1.849472e6,
        "mean": 2.107928370573356e6,
        "maximum": 3.04143151e8,
        "std": 7.557615073527781e6
      },
      "memory_bytes": 1768384,
      "allocations": 20307,
      "gc_time_ns": 215517.18718381113,
      "samples": 2372
    },
    "notebook/complex": {
      "time_ns": {
        "minimum": 121573.0,
        "median": 137742.5,
        "mean": 137698.6473,
        "maximum": 362105.0,
        "std": 10962.589605808897
      },
      "memory_bytes": 63248,
      "allocations": 1041,
      "gc_time_ns": 0.0,
      "samples": 10000
    },
    "notebook/simple": {
      "time_ns": {
        "minimum": 43645.0,
        "median": 47571.0,
        "mean": 51816.8855,
        "maximum": 396526.0,
        "std": 19425.61421222871
      },
      "memory_bytes": 28528,
      "allocations": 440,
      "gc_time_ns": 0.0,
      "samples": 10000
    },
    "notebook/spec_md": {
      "time_ns": {
        "minimum": 2.0440908e7,
        "median": 2.2579535e7,
        "mean": 2.3978297784688994e7,
        "maximum": 2.61576686e8,
        "std": 1.6565072526210537e7
      },
      "memory_bytes": 10839128,
      "allocations": 164413,
      "gc_time_ns": 1.1450576602870813e6,
      "samples": 209
    },
    "parse/complex": {
      "time_ns": {
        "minimum": 40070.0,
        "median": 51788.0,
        "mean": 51191.964,
        "maximum": 279671.0,
        "std": 6756.02040792353
      },
      "memory_bytes": 36736,
      "allocations": 535,
      "gc_time_ns": 0.0,
      "samples": 10000
    },
    "parse/simple": {
      "time_ns": {
        "minimum": 16435.0,
        "median": 18939.0,
        "mean": 20311.9678,
        "maximum": 171488.0,
        "std": 3476.554074221521
      },
      "memory_bytes": 15808,
      "allocations": 224,
      "gc_time_ns": 0.0,
      "samples": 10000
    },
    "parse/spec_cases_all": {
      "time_ns": {
        "minimum": 2.896568e6,
        "median": 3.766346e6,
        "mean": 4.257264925106383e6,
        "maximum": 5.69744687e8,
        "std": 1.6515280078965027e7
      },
      "memory_bytes": 2530976,
      "allocations": 35622,
      "gc_time_ns": 481246.7395744681,
      "samples": 1175
    },
    "parse/spec_md": {
      "time_ns": {
        "minimum": 6.792848e6,
        "median": 8.301247e6,
        "mean": 9.044055996383363e6,
        "maximum": 5.14222906e8,
        "std": 2.153972852294672e7
      },
      "memory_bytes": 5960640,
      "allocations": 88702,
      "gc_time_ns": 913300.3887884268,
      "samples": 553
    },
    "roundtrip/full": {
      "time_ns": {
        "minimum": 1.018252e6,
        "median": 1.195268e6,
        "mean": 1.3461844363048747e6,
        "maximum": 4.86515167e8,
        "std": 7.964978851614272e6
      },
      "memory_bytes": 576160,
      "allocations": 8450,
      "gc_time_ns": 130586.42283867493,
      "samples": 3713
    },
    "roundtrip/markdown_all_ext": {
      "time_ns": {
        "minimum": 161052.0,
        "median": 190071.0,
        "mean": 191974.4668,
        "maximum": 470678.0,
        "std": 22542.314125384524
      },
      "memory_bytes": 110848,
      "allocations": 1681,
      "gc_time_ns": 0.0,
      "samples": 10000
    },
    "roundtrip/parse_all_ext": {
      "time_ns": {
        "minimum": 671030.0,
        "median": 776529.0,
        "mean": 945306.98751655,
        "maximum": 7.92621869e8,
        "std": 1.0890337203067759e7
      },
      "memory_bytes": 465312,
      "allocations": 6769,
      "gc_time_ns": 149636.16985057687,
      "samples": 5287
    },
    "term/complex": {
      "time_ns": {
        "minimum": 66941.0,
        "median": 70005.5,
        "mean": 71800.5737,
        "maximum": 212339.0,
        "std": 4965.178749125694
      },
      "memory_bytes": 26368,
      "allocations": 434,
      "gc_time_ns": 0.0,
      "samples": 10000
    },
    "term/simple": {
      "time_ns": {
        "minimum": 21102.0,
        "median": 22154.0,
        "mean": 22498.4831,
        "maximum": 105248.0,
        "std": 2181.31457154634
      },
      "memory_bytes": 8480,
      "allocations": 130,
      "gc_time_ns": 0.0,
      "samples": 10000
    },
    "term/spec_md": {
      "time_ns": {
        "minimum": 1.2925413e7,
        "median": 1.3579276e7,
        "mean": 1.3716337208219178e7,
        "maximum": 1.5683381e7,
        "std": 551290.3876335641
      },
      "memory_bytes": 2795152,
      "allocations": 37098,
      "gc_time_ns": 0.0,
      "samples": 365
    },
    "typst/complex": {
      "time_ns": {
        "minimum": 16014.0,
        "median": 16956.0,
        "mean": 17256.8783,
        "maximum": 160902.0,
        "std": 2215.8470954748122
      },
      "memory_bytes": 9936,