{
    "git": {
        "branch": "master",
        "commit": "aa33d4c5df1da0cf353546c401b0bd6472d7f182",
        "dirty": false
    },
    "julia_version": "1.12.4",
    "arch": "x86_64",
    "timestamp": "2026-02-06T09:44:42Z",
    "benchmarks": {
        "roundtrip/markdown_all_ext": {
            "time_ns": {
                "minimum": 167478,
                "median": 187958,
                "mean": 190619.8106,
                "maximum": 664249,
                "std": 27841.536245120824
            },
            "memory_bytes": 110720,
            "allocations": 1680,
            "gc_time_ns": 0,
            "samples": 10000
        },
        "latex/simple": {
            "time_ns": {
                "minimum": 5957.6,
                "median": 6095.4,
                "mean": 6160.062959999999,
                "maximum": 16494.2,
                "std": 327.6224934125516
            },
            "memory_bytes": 1720,
            "allocations": 23,
            "gc_time_ns": 0,
            "samples": 10000
        },
        "roundtrip/parse_all_ext": {
            "time_ns": {
                "minimum": 681119,
                "median": 765418,
                "mean": 933632.1119235095,
                "maximum": 688896574,
                "std": 9.422284874823434e6
            },
            "memory_bytes": 454000,
            "allocations": 6606,
            "gc_time_ns": 128928.25628046494,
            "samples": 5334
        },
        "markdown/simple": {
            "time_ns": {
                "minimum": 6548.6,
                "median": 6868.5,
                "mean": 7185.525239999999,
                "maximum": 82742.8,
                "std": 3079.5619850785492
            },
            "memory_bytes": 5040,
            "allocations": 76,
            "gc_time_ns": 0,
            "samples": 10000
        },
        "term/simple": {
            "time_ns": {
                "minimum": 20051,
                "median": 20603,
                "mean": 20835.7224,
                "maximum": 84086,
                "std": 1330.926658353206
            },
            "memory_bytes": 8480,
            "allocations": 130,
            "gc_time_ns": 0,
            "samples": 10000
        },
        "html/complex": {
            "time_ns": {
                "minimum": 36652,
                "median": 37938,
                "mean": 38407.2515,
                "maximum": 151111,
                "std": 2172.2257549621318
            },
            "memory_bytes": 9904,
            "allocations": 197,
            "gc_time_ns": 0,
            "samples": 10000
        },
        "typst/complex": {
            "time_ns": {
                "minimum": 15582,
                "median": 16230,
                "mean": 16500.6254,
                "maximum": 127952,
                "std": 1653.4911416667453
            },
            "memory_bytes": 8928,
            "allocations": 126,
            "gc_time_ns": 0,
            "samples": 10000
        },
        "notebook/complex": {
            "time_ns": {
                "minimum": 114038,
                "median": 123548,
                "mean": 124695.386,
                "maximum": 313279,
                "std": 8702.22385532611
            },
            "memory_bytes": 63248,
            "allocations": 1041,
            "gc_time_ns": 0,
            "samples": 10000
        },
        "term/complex": {
            "time_ns": {
                "minimum": 62768,
                "median": 65055,
                "mean": 65913.1631,
                "maximum": 171399,
                "std": 3401.2791641224658
            },
            "memory_bytes": 25984,
            "allocations": 422,
            "gc_time_ns": 0,
            "samples": 10000
        },
        "parse/simple": {
            "time_ns": {
                "minimum": 17207,
                "median": 18767,
                "mean": 19795.8694,
                "maximum": 111832,
                "std": 2784.802898961118
            },
            "memory_bytes": 15808,
            "allocations": 224,
            "gc_time_ns": 0,
            "samples": 10000
        },
        "allocations/html_spec": {
            "time_ns": {
                "minimum": 5676693,
                "median": 5864621,
                "mean": 5.8391868e6,
                "maximum": 6145986,
                "std": 150913.48747455722
            },
            "memory_bytes": 2053376,
            "allocations": 29154,
            "gc_time_ns": 0,
            "samples": 10
        },
        "html/simple": {
            "time_ns": {
                "minimum": 18059,
                "median": 18712,
                "mean": 18978.4086,
                "maximum": 121880,
                "std": 1560.6208390209197
            },
            "memory_bytes": 5408,
            "allocations": 112,
            "gc_time_ns": 0,
            "samples": 10000
        },
        "markdown/complex": {
            "time_ns": {
                "minimum": 26098,
                "median": 27294,
                "mean": 27764.6954,
                "maximum": 128403,
                "std": 2040.2351617816944
            },
            "memory_bytes": 14112,
            "allocations": 238,
            "gc_time_ns": 0,
            "samples": 10000
        },
        "notebook/spec_md": {
            "time_ns": {
                "minimum": 17828959,
                "median": 19308986,
                "mean": 2.0703721962809917e7,
                "maximum": 187445708,
                "std": 1.4520457134491878e7
            },
            "memory_bytes": 10839128,
            "allocations": 164413,
            "gc_time_ns": 1.307717694214876e6,
            "samples": 242
        },
        "html/spec_md": {
            "time_ns": {
                "minimum": 5661870,
                "median": 6006917,
                "mean": 6.016981737665463e6,
                "maximum": 7398767,
                "std": 191051.59058322257
            },
            "memory_bytes": 2053376,
            "allocations": 29154,
            "gc_time_ns": 0,
            "samples": 831
        },
        "latex/spec_md": {
            "time_ns": {
                "minimum": 2777570,
                "median": 2.9701965e6,
                "mean": 2.941633141931684e6,
                "maximum": 32996931,
                "std": 734790.3710842574
            },
            "memory_bytes": 780264,
            "allocations": 1992,
            "gc_time_ns": 17619.565371024735,
            "samples": 1698
        },
        "term/spec_md": {
            "time_ns": {
                "minimum": 12049829,
                "median": 12449835,
                "mean": 1.2538570879699249e7,
                "maximum": 13129944,
                "std": 333843.26732914743
            },
            "memory_bytes": 2796992,
            "allocations": 37147,
            "gc_time_ns": 0,
            "samples": 399
        },
        "notebook/simple": {
            "time_ns": {
                "minimum": 41845,
                "median": 44452,
                "mean": 45571.6389,
                "maximum": 183857,
                "std": 3698.519012550214
            },
            "memory_bytes": 28528,
            "allocations": 440,
            "gc_time_ns": 0,
            "samples": 10000
        },
        "typst/spec_md": {
            "time_ns": {
                "minimum": 2710786,
                "median": 2936419,
                "mean": 3.1050398040665435e6,
                "maximum": 114488714,
                "std": 4.201191030023711e6
            },
            "memory_bytes": 1771376,
            "allocations": 20453,
            "gc_time_ns": 177115.38447319777,
            "samples": 1623
        },
        "allocations/parse_spec": {
            "time_ns": {
                "minimum": 7334623,
                "median": 8074920,
                "mean": 8.1375726e6,
                "maximum": 9136064,