{
    "git": {
        "branch": "master",
        "commit": "b2a06d460c71b45b64559d6389fae54f25beb5ff",
        "dirty": false
    },
    "julia_version": "1.12.4",
    "arch": "x86_64",
    "timestamp": "2026-02-06T11:00:17Z",
    "benchmarks": {
        "roundtrip/markdown_all_ext": {
            "time_ns": {
                "minimum": 180806,
                "median": 210272,
                "mean": 210992.3391,
                "maximum": 443386,
                "std": 20911.659237609965
            },
            "memory_bytes": 110720,
            "allocations": 1680,
            "gc_time_ns": 0,
            "samples": 10000
        },
        "latex/simple": {
            "time_ns": {
                "minimum": 6227.6,
                "median": 6492,
                "mean": 6575.995040000001,
                "maximum": 18196,
                "std": 465.32638968394224
            },
            "memory_bytes": 1720,
            "allocations": 23,
            "gc_time_ns": 0,
            "samples": 10000
        },
        "roundtrip/parse_all_ext": {
            "time_ns": {
                "minimum": 719940,
                "median": 805745.5,
                "mean": 978044.8483896308,
                "maximum": 727848040,
                "std": 1.018857648561627e7
            },
            "memory_bytes": 454000,
            "allocations": 6606,
            "gc_time_ns": 142721.51080125687,
            "samples": 5092
        },
        "markdown/simple": {
            "time_ns": {
                "minimum": 6820.8,
                "median": 7878.6,
                "mean": 7956.2289,
                "maximum": 53654,
                "std": 1117.425585840408
            },
            "memory_bytes": 5040,
            "allocations": 76,
            "gc_time_ns": 0,
            "samples": 10000
        },
        "term/simple": {
            "time_ns": {
                "minimum": 21340,
                "median": 22041,
                "mean": 22423.991,
                "maximum": 114664,
                "std": 2315.2523885056785
            },
            "memory_bytes": 8480,
            "allocations": 130,
            "gc_time_ns": 0,
            "samples": 10000
        },
        "html/complex": {
            "time_ns": {
                "minimum": 42399,
                "median": 44182,
                "mean": 44983.8047,
                "maximum": 189694,
                "std": 3720.9703778467774
            },
            "memory_bytes": 9904,
            "allocations": 197,
            "gc_time_ns": 0,
            "samples": 10000
        },
        "typst/complex": {
            "time_ns": {
                "minimum": 16190,
                "median": 17082,
                "mean": 17412.5565,
                "maximum": 118180,
                "std": 2010.835736514466
            },
            "memory_bytes": 8928,
            "allocations": 126,
            "gc_time_ns": 0,
            "samples": 10000
        },
        "notebook/complex": {
            "time_ns": {
                "minimum": 134330,
                "median": 154889,
                "mean": 154573.6345,
                "maximum": 408682,
                "std": 15073.729432931039
            },
            "memory_bytes": 63248,
            "allocations": 1041,
            "gc_time_ns": 0,
            "samples": 10000
        },
        "term/complex": {
            "time_ns": {
                "minimum": 66153,
                "median": 69249,
                "mean": 71159.2857,
                "maximum": 309537,
                "std": 5679.24288656965
            },
            "memory_bytes": 25984,
            "allocations": 422,
            "gc_time_ns": 0,
            "samples": 10000
        },
        "parse/simple": {
            "time_ns": {
                "minimum": 18735,
                "median": 21340,
                "mean": 22585.117,
                "maximum": 151904,
                "std": 3604.859417293946
            },
            "memory_bytes": 15808,
            "allocations": 224,
            "gc_time_ns": 0,
            "samples": 10000
        },
        "allocations/html_spec": {
            "time_ns": {
                "minimum": 6027620,
                "median": 6.1632575e6,
                "mean": 6.1967258e6,
                "maximum": 6653225,
                "std": 188916.70748113072
            },
            "memory_bytes": 2053376,
            "allocations": 29154,
            "gc_time_ns": 0,
            "samples": 10
        },
        "html/simple": {
            "time_ns": {
                "minimum": 20247,
                "median": 21260,
                "mean": 21642.9665,
                "maximum": 157283,
                "std": 2524.775860525512
            },
            "memory_bytes": 5408,
            "allocations": 112,
            "gc_time_ns": 0,
            "samples": 10000
        },
        "markdown/complex": {
            "time_ns": {
                "minimum": 27902,
                "median": 29785,
                "mean": 30300.0137,
                "maximum": 152504,
                "std": 2818.6300810971484
            },
            "memory_bytes": 14112,
            "allocations": 238,
            "gc_time_ns": 0,
            "samples": 10000
        },
        "notebook/spec_md": {
            "time_ns": {
                "minimum": 20481642,
                "median": 22877419,
                "mean": 2.393134727751196e7,
                "maximum": 200105335,
                "std": 1.2336184510720192e7
            },
            "memory_bytes": 10839128,
            "allocations": 164413,
            "gc_time_ns": 839848.928229665,
            "samples": 209
        },
        "html/spec_md": {
            "time_ns": {
                "minimum": 6010368,
                "median": 6563253,
                "mean": 6.53075059921671e6,
                "maximum": 7293005,
                "std": 234314.4896872325
            },
            "memory_bytes": 2053376,
            "allocations": 29154,
            "gc_time_ns": 0,
            "samples": 766
        },
        "latex/spec_md": {
            "time_ns": {
                "minimum": 2587159,
                "median": 2837445,
                "mean": 2.7826774462395543e6,
                "maximum": 25860822,
                "std": 559522.5709012208
            },
            "memory_bytes": 780264,
            "allocations": 1992,
            "gc_time_ns": 12667.674651810585,
            "samples": 1795
        },
        "term/spec_md": {
            "time_ns": {
                "minimum": 12984864,
                "median": 13594511,
                "mean": 1.3702539350684932e7,
                "maximum": 14705112,
                "std": 492366.73630957835
            },
            "memory_bytes": 2796992,
            "allocations": 37147,
            "gc_time_ns": 0,
            "samples": 365
        },
        "notebook/simple": {
            "time_ns": {
                "minimum": 50906,
                "median": 54963,
                "mean": 56453.73,
                "maximum": 342539,
                "std": 5713.453200215007
            },
            "memory_bytes": 28528,
            "allocations": 440,
            "gc_time_ns": 0,
            "samples": 10000
        },
        "typst/spec_md": {
            "time_ns": {
                "minimum": 2668958,
                "median": 2949871,
                "mean": 3.096469931184129e6,
                "maximum": 107103961,
                "std": 3.6115639430732983e6
            },
            "memory_bytes": 1771376,
            "allocations": 20453,
            "gc_time_ns": 126201.1959082455,
            "samples": 1613
        },
        "allocations/parse_spec": {
            "time_ns": {
                "minimum": 7557830,
                "median": 7985758,
                "mean": 8.3000255e6,
                "maximum": 9334431,