{
  "arch": "x86_64",
  "benchmarks": {
    "allocations/html_spec": {
      "time_ns": {
        "minimum": 6.441158e6,
        "median": 6.504912e6,
        "mean": 6.6399714e6,
        "maximum": 7.431498e6,
        "std": 326144.47784522333
      },
      "memory_bytes": 2321952,
      "allocations": 38746,
      "gc_time_ns": 0.0,
      "samples": 10
    },
    "allocations/parse_spec": {
      "time_ns": {
        "minimum": 7.249217e6,
        "median": 7.635934e6,
        "mean": 7.8592011e6,
        "maximum": 8.780527e6,
        "std": 659821.9931514274
      },
      "memory_bytes": 5938144,
      "allocations": 87999,
      "gc_time_ns": 0.0,
      "samples": 10
    },
    "html/complex": {
      "time_ns": {
        "minimum": 48701.0,
        "median": 50594.0,
        "mean": 51774.7716,
        "maximum": 230891.0,
        "std": 4699.953235541293
      },
      "memory_bytes": 12320,
      "allocations": 279,
      "gc_time_ns": 0.0,
      "samples": 10000
    },
    "html/simple": {
      "time_ns": {
        "minimum": 21841.0,
        "median": 23013.0,
        "mean": 23581.4101,
        "maximum": 136244.0,
        "std": 3051.1146577904096
      },
      "memory_bytes": 6640,
      "allocations": 156,
      "gc_time_ns": 0.0,
      "samples": 10000
    },
    "html/spec_md": {
      "time_ns": {
        "minimum": 6.341854e6,
        "median": 6.723506e6,
        "mean": 6.84850415868673e6,
        "maximum": 8.304979e6,
        "std": 344003.779559803
      },
      "memory_bytes": 2321952,
      "allocations": 38746,
      "gc_time_ns": 0.0,
      "samples": 731
    },
    "latex/complex": {
      "time_ns": {
        "minimum": 14547.0,
        "median": 14998.0,
        "mean": 15266.1375,
        "maximum": 98393.0,
        "std": 1699.472038050218
      },
      "memory_bytes": 4184,
      "allocations": 49,
      "gc_time_ns": 0.0,
      "samples": 10000
    },
    "latex/simple": {
      "time_ns": {
        "minimum": 6482.2,
        "median": 6686.4,
        "mean": 6784.241319999999,
        "maximum": 37175.4,
        "std": 582.7372174412037
      },
      "memory_bytes": 1880,
      "allocations": 26,
      "gc_time_ns": 0.0,
      "samples": 10000
    },
    "latex/spec_md": {
      "time_ns": {
        "minimum": 2.648876e6,
        "median": 2.735784e6,
        "mean": 2.8226821484198645e6,
        "maximum": 2.4663253e7,
        "std": 536088.9134652205
      },
      "memory_bytes": 802184,
      "allocations": 2379,
      "gc_time_ns": 12190.307562076749,
      "samples": 1772
    },
    "markdown/complex": {
      "time_ns": {
        "minimum": 28063.0,
        "median": 29455.0,
        "mean": 30080.829,
        "maximum": 144560.0,
        "std": 3231.8201988258497
      },
      "memory_bytes": 14112,
      "allocations": 238,
      "gc_time_ns": 0.0,
      "samples": 10000
    },
    "markdown/simple": {
      "time_ns": {
        "minimum": 6736.6,
        "median": 7097.4,
        "mean": 7274.4482000000025,
        "maximum": 32272.2,
        "std": 1262.7008727906125
      },
      "memory_bytes": 5040,
      "allocations": 76,
      "gc_time_ns": 0.0,
      "samples": 10000
    },
    "markdown/spec_md": {
      "time_ns": {
        "minimum": 1.517594e6,
        "median": 1.689034e6,
        "mean": 1.956684522113503e6,
        "maximum": 2.69355284e8,
        "std": 6.335096084361002e6
      },
      "memory_bytes": 1768384,
      "allocations": 20307,
      "gc_time_ns": 173174.82074363992,
      "samples": 2555
    },
    "notebook/complex": {
      "time_ns": {
        "minimum": 137688.0,
        "median": 153758.0,
        "mean": 156097.6461,
        "maximum": 403314.0,
        "std": 13180.17567719577
      },
      "memory_bytes": 63248,
      "allocations": 1041,
      "gc_time_ns": 0.0,
      "samples": 10000
    },
    "notebook/simple": {
      "time_ns": {
        "minimum": 51636.0,
        "median": 57026.0,
        "mean": 58926.8345,
        "maximum": 263853.0,
        "std": 6457.490498983657
      },
      "memory_bytes": 28528,
      "allocations": 440,
      "gc_time_ns": 0.0,
      "samples": 10000
    },
    "notebook/spec_md": {
      "time_ns": {
        "minimum": 2.0130256e7,
        "median": 2.26648385e7,
        "mean": 2.3919009671428572e7,
        "maximum": 2.42711782e8,
        "std": 1.5245556832661446e7
      },
      "memory_bytes": 10839128,
      "allocations": 164413,
      "gc_time_ns": 1.0485583952380952e6,
      "samples": 210
    },
    "parse/complex": {
      "time_ns": {
        "minimum": 46427.0,
        "median": 60428.0,
        "mean": 60731.185,
        "maximum": 318725.0,
        "std": 11584.867945803577
      },
      "memory_bytes": 36704,
      "allocations": 534,
      "gc_time_ns": 0.0,
      "samples": 10000
    },
    "parse/simple": {
      "time_ns": {
        "minimum": 18104.0,
        "median": 20388.0,
        "mean": 21759.5371,
        "maximum": 125404.0,
        "std": 3622.2417518926736
      },
      "memory_bytes": 15776,
      "allocations": 223,
      "gc_time_ns": 0.0,
      "samples": 10000
    },
    "parse/spec_cases_all": {
      "time_ns": {
        "minimum": 2.915581e6,
        "median": 3.704675e6,
        "mean": 4.1446335004142504e6,
        "maximum": 5.32373636e8,
        "std": 1.5220101663648434e7
      },
      "memory_bytes": 2529568,
      "allocations": 35580,
      "gc_time_ns": 437678.49378624687,
      "samples": 1207
    },
    "parse/spec_md": {
      "time_ns": {
        "minimum": 6.889887e6,
        "median": 7.9387545e6,
        "mean": 8.690176348958334e6,
        "maximum": 4.7406914e8,
        "std": 1.94362133659408e7
      },
      "memory_bytes": 5938144,
      "allocations": 87999,
      "gc_time_ns": 806876.6128472222,
      "samples": 576
    },
    "roundtrip/full": {
      "time_ns": {
        "minimum": 1.058238e6,
        "median": 1.2175295e6,
        "mean": 1.3450582890204522e6,
        "maximum": 4.48190434e8,
        "std": 7.332524322623065e6
      },
      "memory_bytes": 576032,
      "allocations": 8446,
      "gc_time_ns": 120141.81054897739,
      "samples": 3716
    },
    "roundtrip/markdown_all_ext": {
      "time_ns": {
        "minimum": 183974.0,
        "median": 212617.0,
        "mean": 214406.4206,
        "maximum": 486248.0,
        "std": 21142.909973201633
      },
      "memory_bytes": 110848,
      "allocations": 1681,
      "gc_time_ns": 0.0,
      "samples": 10000
    },
    "roundtrip/parse_all_ext": {
      "time_ns": {
        "minimum": 747548.0,
        "median": 842804.0,
        "mean": 1.0097386751515152e6,
        "maximum": 7.47754576e8,
        "std": 1.0616224787474208e7
      },
      "memory_bytes": 465184,
      "allocations": 6765,
      "gc_time_ns": 150853.5014141414,
      "samples": 4950
    },
    "term/complex": {
      "time_ns": {
        "minimum": 68248.0,
        "median": 72796.0,
        "mean": 74750.4937,
        "maximum": 272538.0,
        "std": 6788.936107351968
      },
      "memory_bytes": 26368,
      "allocations": 434,
      "gc_time_ns": 0.0,
      "samples": 10000
    },
    "term/simple": {
      "time_ns": {
        "minimum": 21540.0,
        "median": 22232.0,
        "mean": 22625.9268,
        "maximum": 95007.0,
        "std": 2315.333436447967
      },
      "memory_bytes": 8480,
      "allocations": 130,
      "gc_time_ns": 0.0,
      "samples": 10000
    },
    "term/spec_md": {
      "time_ns": {
        "minimum": 1.2730356e7,
        "median": 1.338986e7,
        "mean": 1.3492763148247978e7,
        "maximum": 1.4439048e7,
        "std": 470241.5502414916
      },
      "memory_bytes": 2795152,
      "allocations": 37098,
      "gc_time_ns": 0.0,
      "samples": 371
    },
    "typst/complex": {
      "time_ns": {
        "minimum": 16912.0,
        "median": 17743.0,
        "mean": 18121.7863,
        "maximum": 122108.0,
        "std": 2259.594897529733
      },