{
    "git": {
        "branch": "master",
        "commit": "324f37e2169bbb9f78cea26a3eb586c8280ce148",
        "dirty": false
    },
    "julia_version": "1.12.4",
    "arch": "x86_64",
    "timestamp": "2026-01-08T14:02:38Z",
    "benchmarks": {
        "roundtrip/markdown_all_ext": {
            "time_ns": {
                "minimum": 185525,
                "median": 210747.5,
                "mean": 213421.3969,
                "maximum": 1204962,
                "std": 24086.44187303265
            },
            "memory_bytes": 110720,
            "allocations": 1680,
            "gc_time_ns": 0,
            "samples": 10000
        },
        "latex/simple": {
            "time_ns": {
                "minimum": 6325.6,
                "median": 6486.2,
                "mean": 6585.525580000001,
                "maximum": 42154.4,
                "std": 611.0986578209959
            },
            "memory_bytes": 1720,
            "allocations": 23,
            "gc_time_ns": 0,
            "samples": 10000
        },
        "roundtrip/parse_all_ext": {
            "time_ns": {
                "minimum": 727754,
                "median": 820586,
                "mean": 986782.5244796829,
                "maximum": 709240867,
                "std": 9.973844788813312e6
            },
            "memory_bytes": 454000,
            "allocations": 6606,
            "gc_time_ns": 140350.02001982162,
            "samples": 5045
        },
        "markdown/simple": {
            "time_ns": {
                "minimum": 6788.6,
                "median": 7818.5,
                "mean": 7922.337619999998,
                "maximum": 54631.6,
                "std": 1404.155126681776
            },
            "memory_bytes": 5040,
            "allocations": 76,
            "gc_time_ns": 0,
            "samples": 10000
        },
        "term/simple": {
            "time_ns": {
                "minimum": 21440,
                "median": 22102,
                "mean": 22852.6472,
                "maximum": 284919,
                "std": 5713.686678325822
            },
            "memory_bytes": 8480,
            "allocations": 130,
            "gc_time_ns": 0,
            "samples": 10000
        },
        "html/complex": {
            "time_ns": {
                "minimum": 41698,
                "median": 43471,
                "mean": 44209.5762,
                "maximum": 174776,
                "std": 3122.6395084517094
            },
            "memory_bytes": 9904,
            "allocations": 197,
            "gc_time_ns": 0,
            "samples": 10000
        },
        "typst/complex": {
            "time_ns": {
                "minimum": 16030,
                "median": 16722,
                "mean": 17072.8042,
                "maximum": 192308,
                "std": 2682.375376308898
            },
            "memory_bytes": 8928,
            "allocations": 126,
            "gc_time_ns": 0,
            "samples": 10000
        },
        "notebook/complex": {
            "time_ns": {
                "minimum": 137986,
                "median": 152824,
                "mean": 154293.5941,
                "maximum": 366683,
                "std": 10006.372147112052
            },
            "memory_bytes": 63248,
            "allocations": 1041,
            "gc_time_ns": 0,
            "samples": 10000
        },
        "term/complex": {
            "time_ns": {
                "minimum": 66504,
                "median": 69860,
                "mean": 71617.2344,
                "maximum": 192378,
                "std": 5428.717106333567
            },
            "memory_bytes": 25984,
            "allocations": 422,
            "gc_time_ns": 0,
            "samples": 10000
        },
        "parse/simple": {
            "time_ns": {
                "minimum": 18184,
                "median": 20758,
                "mean": 21984.8478,
                "maximum": 114033,
                "std": 3368.188528427627
            },
            "memory_bytes": 15808,
            "allocations": 224,
            "gc_time_ns": 0,
            "samples": 10000
        },
        "allocations/html_spec": {
            "time_ns": {
                "minimum": 5969036,
                "median": 6224286,
                "mean": 6.2505571e6,
                "maximum": 6543315,
                "std": 237098.8647770049
            },
            "memory_bytes": 2053376,
            "allocations": 29154,
            "gc_time_ns": 0,
            "samples": 10
        },
        "html/simple": {
            "time_ns": {
                "minimum": 19927,
                "median": 20999,
                "mean": 21395.8927,
                "maximum": 125754,
                "std": 2355.861689025163
            },
            "memory_bytes": 5408,
            "allocations": 112,
            "gc_time_ns": 0,
            "samples": 10000
        },
        "markdown/complex": {
            "time_ns": {
                "minimum": 27741,
                "median": 29394,
                "mean": 29938.5506,
                "maximum": 180596,
                "std": 3058.504080684019
            },
            "memory_bytes": 14112,
            "allocations": 238,
            "gc_time_ns": 0,
            "samples": 10000
        },
        "notebook/spec_md": {
            "time_ns": {
                "minimum": 20721575,
                "median": 23030419,
                "mean": 2.4010437660287082e7,
                "maximum": 193867415,
                "std": 1.18772619185356e7
            },
            "memory_bytes": 10839128,
            "allocations": 164413,
            "gc_time_ns": 815391.2966507177,
            "samples": 209
        },
        "html/spec_md": {
            "time_ns": {
                "minimum": 5954459,
                "median": 6603984,
                "mean": 6.582222893280633e6,
                "maximum": 7297260,
                "std": 269019.3832538812
            },
            "memory_bytes": 2053376,
            "allocations": 29154,
            "gc_time_ns": 0,
            "samples": 759
        },
        "latex/spec_md": {
            "time_ns": {
                "minimum": 2658376,
                "median": 2751419,
                "mean": 2.823611528547202e6,
                "maximum": 23026154,
                "std": 496499.71480376605
            },
            "memory_bytes": 780264,
            "allocations": 1992,
            "gc_time_ns": 11186.710570944037,
            "samples": 1769
        },
        "term/spec_md": {
            "time_ns": {
                "minimum": 12759133,
                "median": 1.34003815e7,
                "mean": 1.3510789321621621e7,
                "maximum": 14594529,
                "std": 461355.85575997434
            },
            "memory_bytes": 2796992,
            "allocations": 37147,
            "gc_time_ns": 0,
            "samples": 370
        },
        "notebook/simple": {
            "time_ns": {
                "minimum": 52527,
                "median": 57487,
                "mean": 59073.8261,
                "maximum": 239997,
                "std": 5575.966923249429
            },
            "memory_bytes": 28528,
            "allocations": 440,
            "gc_time_ns": 0,
            "samples": 10000
        },
        "typst/spec_md": {
            "time_ns": {
                "minimum": 2623371,
                "median": 2914804,
                "mean": 3.087296621072089e6,
                "maximum": 103986128,
                "std": 3.7358682444962487e6
            },
            "memory_bytes": 1771376,
            "allocations": 20453,
            "gc_time_ns": 155075.73074553296,
            "samples": 1623
        },
        "allocations/parse_spec": {
            "time_ns": {
                "minimum": 7362513,
                "median": 7.7950015e6,
                "mean": 8.0739679e6,
                "maximum": 9458498,