{
  "arch": "x86_64",
  "benchmarks": {
    "allocations/html_spec": {
      "time_ns": {
        "minimum": 6.334828e6,
        "median": 6.385722e6,
        "mean": 6.5016468e6,
        "maximum": 7.135348e6,
        "std": 259057.56123979687
      },
      "memory_bytes": 2321952,
      "allocations": 38746,
      "gc_time_ns": 0.0,
      "samples": 10
    },
    "allocations/parse_spec": {
      "time_ns": {
        "minimum": 7.483322e6,
        "median": 8.1265195e6,
        "mean": 8.168453e6,
        "maximum": 9.030711e6,
        "std": 630237.742234715
      },
      "memory_bytes": 5960640,
      "allocations": 88702,
      "gc_time_ns": 0.0,
      "samples": 10
    },
    "html/complex": {
      "time_ns": {
        "minimum": 48611.0,
        "median": 50724.0,
        "mean": 52070.0991,
        "maximum": 263381.0,
        "std": 4946.987498671327
      },
      "memory_bytes": 12320,
      "allocations": 279,
      "gc_time_ns": 0.0,
      "samples": 10000
    },
    "html/simple": {
      "time_ns": {
        "minimum": 21540.0,
        "median": 22592.0,
        "mean": 23120.1007,
        "maximum": 214109.0,
        "std": 3496.543695614435
      },
      "memory_bytes": 6640,
      "allocations": 156,
      "gc_time_ns": 0.0,
      "samples": 10000
    },
    "html/spec_md": {
      "time_ns": {
        "minimum": 6.338916e6,
        "median": 6.775645e6,
        "mean": 6.867368061813187e6,
        "maximum": 1.54686e7,
        "std": 649077.9238277032
      },
      "memory_bytes": 2321952,
      "allocations": 38746,
      "gc_time_ns": 0.0,
      "samples": 728
    },
    "latex/complex": {
      "time_ns": {
        "minimum": 14276.0,
        "median": 14708.0,
        "mean": 15035.1656,
        "maximum": 89166.0,
        "std": 2024.3730777236742
      },
      "memory_bytes": 4184,
      "allocations": 49,
      "gc_time_ns": 0.0,
      "samples": 10000
    },
    "latex/simple": {
      "time_ns": {
        "minimum": 6434.0,
        "median": 6602.4,
        "mean": 6720.299000000003,
        "maximum": 18801.0,
        "std": 601.2120461463186
      },
      "memory_bytes": 1880,
      "allocations": 26,
      "gc_time_ns": 0.0,
      "samples": 10000
    },
    "latex/spec_md": {
      "time_ns": {
        "minimum": 2.62616e6,
        "median": 2.719905e6,
        "mean": 2.801424062745098e6,
        "maximum": 2.4476798e7,
        "std": 538508.2378683368
      },
      "memory_bytes": 802184,
      "allocations": 2379,
      "gc_time_ns": 11953.036414565826,
      "samples": 1785
    },
    "markdown/complex": {
      "time_ns": {
        "minimum": 28482.0,
        "median": 30216.0,
        "mean": 30867.2367,
        "maximum": 195054.0,
        "std": 3564.251694435627
      },
      "memory_bytes": 14112,
      "allocations": 238,
      "gc_time_ns": 0.0,
      "samples": 10000
    },
    "markdown/simple": {
      "time_ns": {
        "minimum": 7196.0,
        "median": 7677.0,
        "mean": 7925.464875,
        "maximum": 40099.5,
        "std": 1266.7635056218671
      },
      "memory_bytes": 5040,
      "allocations": 76,
      "gc_time_ns": 0.0,
      "samples": 10000
    },
    "markdown/spec_md": {
      "time_ns": {
        "minimum": 1.570483e6,
        "median": 1.769072e6,
        "mean": 2.0366080077393076e6,
        "maximum": 2.64843779e8,
        "std": 6.21780277319542e6
      },
      "memory_bytes": 1768384,
      "allocations": 20307,
      "gc_time_ns": 171957.25580448066,
      "samples": 2455
    },
    "notebook/complex": {
      "time_ns": {
        "minimum": 138027.0,
        "median": 153560.5,
        "mean": 155823.3655,
        "maximum": 397028.0,
        "std": 12251.508070148306
      },
      "memory_bytes": 63248,
      "allocations": 1041,
      "gc_time_ns": 0.0,
      "samples": 10000
    },
    "notebook/simple": {
      "time_ns": {
        "minimum": 51866.0,
        "median": 56766.0,
        "mean": 58804.3101,
        "maximum": 350993.0,
        "std": 7324.598123385671
      },
      "memory_bytes": 28528,
      "allocations": 440,
      "gc_time_ns": 0.0,
      "samples": 10000
    },
    "notebook/spec_md": {
      "time_ns": {
        "minimum": 2.0768703e7,
        "median": 2.3195715e7,
        "mean": 2.4398876336585365e7,
        "maximum": 2.47733196e8,
        "std": 1.5730535010979919e7
      },
      "memory_bytes": 10839128,
      "allocations": 164413,
      "gc_time_ns": 1.086223531707317e6,
      "samples": 205
    },
    "parse/complex": {
      "time_ns": {
        "minimum": 48631.0,
        "median": 62175.0,
        "mean": 62182.3334,
        "maximum": 210031.0,
        "std": 8368.146842581238
      },
      "memory_bytes": 36736,
      "allocations": 535,
      "gc_time_ns": 0.0,
      "samples": 10000
    },
    "parse/simple": {
      "time_ns": {
        "minimum": 17934.0,
        "median": 20188.0,
        "mean": 21494.2398,
        "maximum": 115235.0,
        "std": 3558.1607072556217
      },
      "memory_bytes": 15808,
      "allocations": 224,
      "gc_time_ns": 0.0,
      "samples": 10000
    },
    "parse/spec_cases_all": {
      "time_ns": {
        "minimum": 2.927479e6,
        "median": 3.76319e6,
        "mean": 4.199232795130143e6,
        "maximum": 5.31905185e8,
        "std": 1.5306883422130145e7
      },
      "memory_bytes": 2530976,
      "allocations": 35622,
      "gc_time_ns": 443334.1242653233,
      "samples": 1191
    },
    "parse/spec_md": {
      "time_ns": {
        "minimum": 6.962129e6,
        "median": 8.1044205e6,
        "mean": 8.816485913732395e6,
        "maximum": 4.63785688e8,
        "std": 1.913661106374115e7
      },
      "memory_bytes": 5960640,
      "allocations": 88702,
      "gc_time_ns": 803472.1267605633,
      "samples": 568
    },
    "roundtrip/full": {
      "time_ns": {
        "minimum": 1.065292e6,
        "median": 1.213979e6,
        "mean": 1.3423318630136987e6,
        "maximum": 4.38830959e8,
        "std": 7.172305286912549e6
      },
      "memory_bytes": 576160,
      "allocations": 8450,
      "gc_time_ns": 117381.27880741337,
      "samples": 3723
    },
    "roundtrip/markdown_all_ext": {
      "time_ns": {
        "minimum": 178563.0,
        "median": 206875.0,
        "mean": 210206.9398,
        "maximum": 534024.0,
        "std": 21005.561881910548
      },
      "memory_bytes": 110848,
      "allocations": 1681,
      "gc_time_ns": 0.0,
      "samples": 10000
    },
    "roundtrip/parse_all_ext": {
      "time_ns": {
        "minimum": 734406.0,
        "median": 831567.0,
        "mean": 991725.2053978964,
        "maximum": 7.23221222e8,
        "std": 1.0176570957871139e7
      },
      "memory_bytes": 465312,
      "allocations": 6769,
      "gc_time_ns": 143256.00773963088,
      "samples": 5039
    },
    "term/complex": {
      "time_ns": {
        "minimum": 68858.0,
        "median": 72675.0,
        "mean": 75099.4486,
        "maximum": 329383.0,
        "std": 9107.42193515753
      },
      "memory_bytes": 26368,
      "allocations": 434,
      "gc_time_ns": 0.0,
      "samples": 10000
    },
    "term/simple": {
      "time_ns": {
        "minimum": 21851.0,
        "median": 22452.0,
        "mean": 22869.8453,
        "maximum": 97000.0,
        "std": 2374.421771725258
      },
      "memory_bytes": 8480,
      "allocations": 130,
      "gc_time_ns": 0.0,
      "samples": 10000
    },
    "term/spec_md": {
      "time_ns": {
        "minimum": 1.3047333e7,
        "median": 1.3865645e7,
        "mean": 1.3955086417827299e7,
        "maximum": 1.5955102e7,
        "std": 530747.3996327706
      },
      "memory_bytes": 2795152,
      "allocations": 37098,
      "gc_time_ns": 0.0,
      "samples": 359
    },
    "typst/complex": {
      "time_ns": {
        "minimum": 16751.0,
        "median": 17572.0,
        "mean": 17974.694,
        "maximum": 115104.0,
        "std": 2378.689379738458
      },
      "memory_bytes": 9936,