{
  "arch": "x86_64",
  "benchmarks": {
    "allocations/html_spec": {
      "time_ns": {
        "minimum": 6.251095e6,
        "median": 6.3779575e6,
        "mean": 6.4672621e6,
        "maximum": 7.089917e6,
        "std": 260193.931529905
      },
      "memory_bytes": 2321952,
      "allocations": 38746,
      "gc_time_ns": 0.0,
      "samples": 10
    },
    "allocations/parse_spec": {
      "time_ns": {
        "minimum": 7.449606e6,
        "median": 8.1040295e6,
        "mean": 8.149089e6,
        "maximum": 9.058725e6,
        "std": 654538.6841115233
      },
      "memory_bytes": 5960640,
      "allocations": 88702,
      "gc_time_ns": 0.0,
      "samples": 10
    },
    "html/complex": {
      "time_ns": {
        "minimum": 47519.0,
        "median": 49382.0,
        "mean": 50653.8959,
        "maximum": 251131.0,
        "std": 5305.4836554780795
      },
      "memory_bytes": 12320,
      "allocations": 279,
      "gc_time_ns": 0.0,
      "samples": 10000
    },
    "html/simple": {
      "time_ns": {
        "minimum": 21119.0,
        "median": 22262.0,
        "mean": 22827.138,
        "maximum": 275637.0,
        "std": 3760.2484009117875
      },
      "memory_bytes": 6640,
      "allocations": 156,
      "gc_time_ns": 0.0,
      "samples": 10000
    },
    "html/spec_md": {
      "time_ns": {
        "minimum": 6.258013e6,
        "median": 6.692568e6,
        "mean": 6.765394290933694e6,
        "maximum": 1.0354048e7,
        "std": 376347.78495124774
      },
      "memory_bytes": 2321952,
      "allocations": 38746,
      "gc_time_ns": 0.0,
      "samples": 739
    },
    "latex/complex": {
      "time_ns": {
        "minimum": 14617.0,
        "median": 15209.0,
        "mean": 15485.7129,
        "maximum": 95308.0,
        "std": 1837.1743328891064
      },
      "memory_bytes": 4184,
      "allocations": 49,
      "gc_time_ns": 0.0,
      "samples": 10000
    },
    "latex/simple": {
      "time_ns": {
        "minimum": 6508.2,
        "median": 6762.6,
        "mean": 6900.034,
        "maximum": 51677.0,
        "std": 776.4499920735522
      },
      "memory_bytes": 1880,
      "allocations": 26,
      "gc_time_ns": 0.0,
      "samples": 10000
    },
    "latex/spec_md": {
      "time_ns": {
        "minimum": 2.662447e6,
        "median": 2.749229e6,
        "mean": 2.8262963374788016e6,
        "maximum": 2.8710413e7,
        "std": 628893.3147466365
      },
      "memory_bytes": 802184,
      "allocations": 2379,
      "gc_time_ns": 14400.101187111362,
      "samples": 1769
    },
    "markdown/complex": {
      "time_ns": {
        "minimum": 27562.0,
        "median": 29235.0,
        "mean": 29897.4014,
        "maximum": 138860.0,
        "std": 3239.151121092773
      },
      "memory_bytes": 14112,
      "allocations": 238,
      "gc_time_ns": 0.0,
      "samples": 10000
    },
    "markdown/simple": {
      "time_ns": {
        "minimum": 6600.4,
        "median": 7043.4,
        "mean": 7215.022100000001,
        "maximum": 33927.6,
        "std": 1306.4118977597573
      },
      "memory_bytes": 5040,
      "allocations": 76,
      "gc_time_ns": 0.0,
      "samples": 10000
    },
    "markdown/spec_md": {
      "time_ns": {
        "minimum": 1.532052e6,
        "median": 1.704657e6,
        "mean": 1.981466588585018e6,
        "maximum": 2.70946362e8,
        "std": 6.415835115970323e6
      },
      "memory_bytes": 1768384,
      "allocations": 20307,
      "gc_time_ns": 176508.849385652,
      "samples": 2523
    },
    "notebook/complex": {
      "time_ns": {
        "minimum": 134131.0,
        "median": 153858.0,
        "mean": 154012.3094,
        "maximum": 398676.0,
        "std": 15208.97847473972
      },
      "memory_bytes": 63248,
      "allocations": 1041,
      "gc_time_ns": 0.0,
      "samples": 10000
    },
    "notebook/simple": {
      "time_ns": {
        "minimum": 49854.0,
        "median": 53500.0,
        "mean": 55765.2157,
        "maximum": 471204.0,
        "std": 8958.26131303105
      },
      "memory_bytes": 28528,
      "allocations": 440,
      "gc_time_ns": 0.0,
      "samples": 10000
    },
    "notebook/spec_md": {
      "time_ns": {
        "minimum": 2.0468687e7,
        "median": 2.3044807e7,
        "mean": 2.4688474738916256e7,
        "maximum": 2.43317379e8,
        "std": 1.5720400820199458e7
      },
      "memory_bytes": 10839128,
      "allocations": 164413,
      "gc_time_ns": 1.0828957980295566e6,
      "samples": 203
    },
    "parse/complex": {
      "time_ns": {
        "minimum": 46006.0,
        "median": 59942.0,
        "mean": 59913.0716,
        "maximum": 253365.0,
        "std": 8043.052315976142
      },
      "memory_bytes": 36736,
      "allocations": 535,
      "gc_time_ns": 0.0,
      "samples": 10000
    },
    "parse/simple": {
      "time_ns": {
        "minimum": 17884.0,
        "median": 20158.0,
        "mean": 21419.9718,
        "maximum": 115587.0,
        "std": 3389.2409742364002
      },
      "memory_bytes": 15808,
      "allocations": 224,
      "gc_time_ns": 0.0,
      "samples": 10000
    },
    "parse/spec_cases_all": {
      "time_ns": {
        "minimum": 2.909172e6,
        "median": 3.743315e6,
        "mean": 4.155669519534497e6,
        "maximum": 5.302708e8,
        "std": 1.5184267829866253e7
      },
      "memory_bytes": 2530976,
      "allocations": 35622,
      "gc_time_ns": 437375.5793848712,
      "samples": 1203
    },
    "parse/spec_md": {
      "time_ns": {
        "minimum": 6.893905e6,
        "median": 8.136699e6,
        "mean": 8.80205889084507e6,
        "maximum": 4.59427791e8,
        "std": 1.895459765315219e7
      },
      "memory_bytes": 5960640,
      "allocations": 88702,
      "gc_time_ns": 793429.184859155,
      "samples": 568
    },
    "roundtrip/full": {
      "time_ns": {
        "minimum": 1.043579e6,
        "median": 1.211469e6,
        "mean": 1.3435497481182795e6,
        "maximum": 4.5541435e8,
        "std": 7.447192394114061e6
      },
      "memory_bytes": 576160,
      "allocations": 8450,
      "gc_time_ns": 122004.77930107526,
      "samples": 3720
    },
    "roundtrip/markdown_all_ext": {
      "time_ns": {
        "minimum": 184666.0,
        "median": 211427.0,
        "mean": 213992.4434,
        "maximum": 470682.0,
        "std": 20986.430298158437
      },
      "memory_bytes": 110848,
      "allocations": 1681,
      "gc_time_ns": 0.0,
      "samples": 10000
    },
    "roundtrip/parse_all_ext": {
      "time_ns": {
        "minimum": 722427.0,
        "median": 830077.0,
        "mean": 989733.026737968,
        "maximum": 7.45660198e8,
        "std": 1.0482340264043136e7
      },
      "memory_bytes": 465312,
      "allocations": 6769,
      "gc_time_ns": 147502.7100415924,
      "samples": 5049
    },
    "term/complex": {
      "time_ns": {
        "minimum": 68308.0,
        "median": 73838.0,
        "mean": 75728.5805,
        "maximum": 194785.0,
        "std": 8474.612126627946
      },
      "memory_bytes": 26368,
      "allocations": 434,
      "gc_time_ns": 0.0,
      "samples": 10000
    },
    "term/simple": {
      "time_ns": {
        "minimum": 21560.0,
        "median": 22332.0,
        "mean": 22786.8024,
        "maximum": 123261.0,
        "std": 2705.7011942654544
      },
      "memory_bytes": 8480,
      "allocations": 130,
      "gc_time_ns": 0.0,
      "samples": 10000
    },
    "term/spec_md": {
      "time_ns": {
        "minimum": 1.2752683e7,
        "median": 1.32662485e7,
        "mean": 1.3474574252688171e7,
        "maximum": 1.5223095e7,
        "std": 496121.62134869274
      },
      "memory_bytes": 2795152,
      "allocations": 37098,
      "gc_time_ns": 0.0,
      "samples": 372
    },
    "typst/complex": {
      "time_ns": {
        "minimum": 16932.0,
        "median": 17843.0,
        "mean": 18263.786,
        "maximum": 124122.0,
        "std": 2542.113583959492
      },
      "memory_bytes": 9936,