{
    "git": {
        "branch": "master",
        "commit": "5255d2a24cce896bf7318a858e0b9ad57d1e45dd",
        "dirty": false
    },
    "julia_version": "1.12.4",
    "arch": "x86_64",
    "timestamp": "2026-01-27T15:46:20Z",
    "benchmarks": {
        "roundtrip/markdown_all_ext": {
            "time_ns": {
                "minimum": 184604,
                "median": 208789,
                "mean": 211125.7223,
                "maximum": 433589,
                "std": 19057.752562772377
            },
            "memory_bytes": 110720,
            "allocations": 1680,
            "gc_time_ns": 0,
            "samples": 10000
        },
        "latex/simple": {
            "time_ns": {
                "minimum": 6341.8,
                "median": 6512.2,
                "mean": 6597.688040000003,
                "maximum": 31939.6,
                "std": 497.7978138836179
            },
            "memory_bytes": 1720,
            "allocations": 23,
            "gc_time_ns": 0,
            "samples": 10000
        },
        "roundtrip/parse_all_ext": {
            "time_ns": {
                "minimum": 722136,
                "median": 806534,
                "mean": 971112.9239469579,
                "maximum": 719201928,
                "std": 1.0032113816709712e7
            },
            "memory_bytes": 454000,
            "allocations": 6606,
            "gc_time_ns": 140019.63650546022,
            "samples": 5128
        },
        "markdown/simple": {
            "time_ns": {
                "minimum": 6708.6,
                "median": 7093.2,
                "mean": 7290.209060000002,
                "maximum": 54115,
                "std": 1770.5015142255893
            },
            "memory_bytes": 5040,
            "allocations": 76,
            "gc_time_ns": 0,
            "samples": 10000
        },
        "term/simple": {
            "time_ns": {
                "minimum": 21500,
                "median": 22192,
                "mean": 22556.3315,
                "maximum": 118504,
                "std": 2258.6493772847307
            },
            "memory_bytes": 8480,
            "allocations": 130,
            "gc_time_ns": 0,
            "samples": 10000
        },
        "html/complex": {
            "time_ns": {
                "minimum": 42379,
                "median": 43942,
                "mean": 44787.5353,
                "maximum": 164877,
                "std": 3597.3904098568455
            },
            "memory_bytes": 9904,
            "allocations": 197,
            "gc_time_ns": 0,
            "samples": 10000
        },
        "typst/complex": {
            "time_ns": {
                "minimum": 16059,
                "median": 16931,
                "mean": 17297.427,
                "maximum": 231852,
                "std": 3006.852943915553
            },
            "memory_bytes": 8928,
            "allocations": 126,
            "gc_time_ns": 0,
            "samples": 10000
        },
        "notebook/complex": {
            "time_ns": {
                "minimum": 137457,
                "median": 151242,
                "mean": 152910.6702,
                "maximum": 354481,
                "std": 10719.527685136654
            },
            "memory_bytes": 63248,
            "allocations": 1041,
            "gc_time_ns": 0,
            "samples": 10000
        },
        "term/complex": {
            "time_ns": {
                "minimum": 67566,
                "median": 71863.5,
                "mean": 74137.9188,
                "maximum": 179825,
                "std": 6284.390682972549
            },
            "memory_bytes": 25984,
            "allocations": 422,
            "gc_time_ns": 0,
            "samples": 10000
        },
        "parse/simple": {
            "time_ns": {
                "minimum": 18515,
                "median": 20859,
                "mean": 22112.768,
                "maximum": 108793,
                "std": 3192.08830995539
            },
            "memory_bytes": 15808,
            "allocations": 224,
            "gc_time_ns": 0,
            "samples": 10000
        },
        "allocations/html_spec": {
            "time_ns": {
                "minimum": 6005756,
                "median": 6081928,
                "mean": 6.1377181e6,
                "maximum": 6659414,
                "std": 192676.7522241735
            },
            "memory_bytes": 2053376,
            "allocations": 29154,
            "gc_time_ns": 0,
            "samples": 10
        },
        "html/simple": {
            "time_ns": {
                "minimum": 20338,
                "median": 21390,
                "mean": 21779.476,
                "maximum": 126847,
                "std": 2359.6425226519955
            },
            "memory_bytes": 5408,
            "allocations": 112,
            "gc_time_ns": 0,
            "samples": 10000
        },
        "markdown/complex": {
            "time_ns": {
                "minimum": 27421,
                "median": 29229.5,
                "mean": 29777.2416,
                "maximum": 129171,
                "std": 2683.1944389606147
            },
            "memory_bytes": 14112,
            "allocations": 238,
            "gc_time_ns": 0,
            "samples": 10000
        },
        "notebook/spec_md": {
            "time_ns": {
                "minimum": 19564771,
                "median": 21943796,
                "mean": 2.2886624529680364e7,
                "maximum": 195981266,
                "std": 1.182332713164501e7
            },
            "memory_bytes": 10839128,
            "allocations": 164413,
            "gc_time_ns": 792474.4474885844,
            "samples": 219
        },
        "html/spec_md": {
            "time_ns": {
                "minimum": 5969719,
                "median": 6426246,
                "mean": 6.457273966408269e6,
                "maximum": 12116979,
                "std": 371717.9987355643
            },
            "memory_bytes": 2053376,
            "allocations": 29154,
            "gc_time_ns": 0,
            "samples": 774
        },
        "latex/spec_md": {
            "time_ns": {
                "minimum": 2640332,
                "median": 2888094,
                "mean": 2.832035689342404e6,
                "maximum": 23555494,
                "std": 509126.9591246969
            },
            "memory_bytes": 780264,
            "allocations": 1992,
            "gc_time_ns": 11551.00680272109,
            "samples": 1764
        },
        "term/spec_md": {
            "time_ns": {
                "minimum": 12579081,
                "median": 12998437,
                "mean": 1.3178376455263158e7,
                "maximum": 14273790,
                "std": 410001.7393093883
            },
            "memory_bytes": 2796992,
            "allocations": 37147,
            "gc_time_ns": 0,
            "samples": 380
        },
        "notebook/simple": {
            "time_ns": {
                "minimum": 51125,
                "median": 56005,
                "mean": 57647.3211,
                "maximum": 273920,
                "std": 5973.433360556229
            },
            "memory_bytes": 28528,
            "allocations": 440,
            "gc_time_ns": 0,
            "samples": 10000
        },
        "typst/spec_md": {
            "time_ns": {
                "minimum": 2645762,
                "median": 2928114,
                "mean": 3.0505447173382174e6,
                "maximum": 107162096,
                "std": 3.508327180167474e6
            },
            "memory_bytes": 1771376,
            "allocations": 20453,
            "gc_time_ns": 121830.46642246642,
            "samples": 1638
        },
        "allocations/parse_spec": {
            "time_ns": {
                "minimum": 7222103,
                "median": 7665911,
                "mean": 7.8578366e6,
                "maximum": 8704617,