{
    "git": {
        "branch": "master",
        "commit": "7b722369cb62d7b574c198070105b736e084a6a3",
        "dirty": false
    },
    "julia_version": "1.12.3",
    "arch": "x86_64",
    "timestamp": "2026-01-07T12:44:16Z",
    "benchmarks": {
        "roundtrip/markdown_all_ext": {
            "time_ns": {
                "minimum": 150971,
                "median": 175536.5,
                "mean": 176861.6239,
                "maximum": 408089,
                "std": 17811.793381436783
            },
            "memory_bytes": 105920,
            "allocations": 1605,
            "gc_time_ns": 0,
            "samples": 10000
        },
        "latex/simple": {
            "time_ns": {
                "minimum": 4773.142857142857,
                "median": 4950.714285714285,
                "mean": 5014.153614285714,
                "maximum": 11492.857142857143,
                "std": 313.4230296165829
            },
            "memory_bytes": 1560,
            "allocations": 21,
            "gc_time_ns": 0,
            "samples": 10000
        },
        "roundtrip/parse_all_ext": {
            "time_ns": {
                "minimum": 801172,
                "median": 872554,
                "mean": 1.0584663314212875e6,
                "maximum": 695042346,
                "std": 1.0117770014249464e7
            },
            "memory_bytes": 454256,
            "allocations": 6614,
            "gc_time_ns": 147394.27554705756,
            "samples": 4707
        },
        "markdown/simple": {
            "time_ns": {
                "minimum": 5420,
                "median": 5772.5,
                "mean": 6049.454333333334,
                "maximum": 43532.666666666664,
                "std": 1523.3552838670082
            },
            "memory_bytes": 4848,
            "allocations": 73,
            "gc_time_ns": 0,
            "samples": 10000
        },
        "term/simple": {
            "time_ns": {
                "minimum": 20398,
                "median": 21360,
                "mean": 21645.4988,
                "maximum": 79318,
                "std": 1844.3220730635633
            },
            "memory_bytes": 8720,
            "allocations": 141,
            "gc_time_ns": 0,
            "samples": 10000
        },
        "html/complex": {
            "time_ns": {
                "minimum": 40936,
                "median": 42389,
                "mean": 43172.8333,
                "maximum": 161772,
                "std": 3316.5710353095615
            },
            "memory_bytes": 11344,
            "allocations": 239,
            "gc_time_ns": 0,
            "samples": 10000
        },
        "typst/complex": {
            "time_ns": {
                "minimum": 14487,
                "median": 15238,
                "mean": 15543.4464,
                "maximum": 96409,
                "std": 1845.9400079575548
            },
            "memory_bytes": 8736,
            "allocations": 123,
            "gc_time_ns": 0,
            "samples": 10000
        },
        "notebook/complex": {
            "time_ns": {
                "minimum": 120375,
                "median": 138468.5,
                "mean": 137771.3177,
                "maximum": 347688,
                "std": 12553.746212926426
            },
            "memory_bytes": 61904,
            "allocations": 1020,
            "gc_time_ns": 0,
            "samples": 10000
        },
        "term/complex": {
            "time_ns": {
                "minimum": 55995,
                "median": 59872,
                "mean": 61769.3727,
                "maximum": 172532,
                "std": 5373.480703741482
            },
            "memory_bytes": 24960,
            "allocations": 412,
            "gc_time_ns": 0,
            "samples": 10000
        },
        "parse/simple": {
            "time_ns": {
                "minimum": 22883,
                "median": 25518,
                "mean": 26428.1531,
                "maximum": 125163,
                "std": 2947.896170465231
            },
            "memory_bytes": 15872,
            "allocations": 226,
            "gc_time_ns": 0,
            "samples": 10000
        },
        "allocations/html_spec": {
            "time_ns": {
                "minimum": 6072489,
                "median": 6106919,
                "mean": 6.1950628e6,
                "maximum": 6662207,
                "std": 190807.12758862606
            },
            "memory_bytes": 2077696,
            "allocations": 29828,
            "gc_time_ns": 0,
            "samples": 10
        },
        "html/simple": {
            "time_ns": {
                "minimum": 18785,
                "median": 19676,
                "mean": 19999.488,
                "maximum": 114803,
                "std": 2027.014806546463
            },
            "memory_bytes": 5760,
            "allocations": 124,
            "gc_time_ns": 0,
            "samples": 10000
        },
        "markdown/complex": {
            "time_ns": {
                "minimum": 17703,
                "median": 19126,
                "mean": 19458.2352,
                "maximum": 117268,
                "std": 2054.125597980364
            },
            "memory_bytes": 12768,
            "allocations": 217,
            "gc_time_ns": 0,
            "samples": 10000
        },
        "notebook/spec_md": {
            "time_ns": {
                "minimum": 19055238,
                "median": 2.18132885e7,
                "mean": 2.32136216e7,
                "maximum": 195999272,
                "std": 1.5209392433400596e7
            },
            "memory_bytes": 10838936,
            "allocations": 164410,
            "gc_time_ns": 1.4256315818181818e6,
            "samples": 220
        },
        "html/spec_md": {
            "time_ns": {
                "minimum": 6079261,
                "median": 6512787,
                "mean": 6.536057681045752e6,
                "maximum": 9597026,
                "std": 262268.2671360916
            },
            "memory_bytes": 2077696,
            "allocations": 29828,
            "gc_time_ns": 0,
            "samples": 765
        },
        "latex/spec_md": {
            "time_ns": {
                "minimum": 2654102,
                "median": 2748168,
                "mean": 2.821257272727273e6,
                "maximum": 23417418,
                "std": 506555.12158088863
            },
            "memory_bytes": 783880,
            "allocations": 2108,
            "gc_time_ns": 11401.638622247317,
            "samples": 1771
        },
        "term/spec_md": {
            "time_ns": {
                "minimum": 12764862,
                "median": 13186386,
                "mean": 1.3407889903485255e7,
                "maximum": 16451597,
                "std": 466013.92794624553
            },
            "memory_bytes": 2891680,
            "allocations": 42184,
            "gc_time_ns": 0,
            "samples": 373
        },
        "notebook/simple": {
            "time_ns": {
                "minimum": 46326,
                "median": 49201.5,
                "mean": 50711.9749,
                "maximum": 206635,
                "std": 5060.684273040665
            },
            "memory_bytes": 28144,
            "allocations": 434,
            "gc_time_ns": 0,
            "samples": 10000
        },
        "typst/spec_md": {
            "time_ns": {
                "minimum": 2625399,
                "median": 2857972,
                "mean": 3.0404365197808887e6,
                "maximum": 104856431,
                "std": 3.609957303748417e6
            },
            "memory_bytes": 1771184,
            "allocations": 20450,
            "gc_time_ns": 150317.09494826538,
            "samples": 1643
        },
        "allocations/parse_spec": {
            "time_ns": {
                "minimum": 10114767,
                "median": 1.02914815e7,
                "mean": 1.03215022e7,