{
    "git": {
        "branch": "master",
        "commit": "0ec73edc451895cb97e2a783aa13c36917bf6f5e",
        "dirty": false
    },
    "julia_version": "1.12.4",
    "arch": "x86_64",
    "timestamp": "2026-01-08T16:56:09Z",
    "benchmarks": {
        "roundtrip/markdown_all_ext": {
            "time_ns": {
                "minimum": 177082,
                "median": 206155.5,
                "mean": 207375.9743,
                "maximum": 432249,
                "std": 19930.865487483163
            },
            "memory_bytes": 110720,
            "allocations": 1680,
            "gc_time_ns": 0,
            "samples": 10000
        },
        "latex/simple": {
            "time_ns": {
                "minimum": 6023.2,
                "median": 6201.6,
                "mean": 6301.06708,
                "maximum": 37410.2,
                "std": 590.9481143481709
            },
            "memory_bytes": 1720,
            "allocations": 23,
            "gc_time_ns": 0,
            "samples": 10000
        },
        "roundtrip/parse_all_ext": {
            "time_ns": {
                "minimum": 722754,
                "median": 808724.5,
                "mean": 971282.0060452418,
                "maximum": 719296103,
                "std": 1.003334014256504e7
            },
            "memory_bytes": 454000,
            "allocations": 6606,
            "gc_time_ns": 140022.85393915756,
            "samples": 5128
        },
        "markdown/simple": {
            "time_ns": {
                "minimum": 6692.6,
                "median": 7173.6,
                "mean": 7539.690860000002,
                "maximum": 56267.4,
                "std": 1565.1482377567547
            },
            "memory_bytes": 5040,
            "allocations": 76,
            "gc_time_ns": 0,
            "samples": 10000
        },
        "term/simple": {
            "time_ns": {
                "minimum": 21551,
                "median": 22302,
                "mean": 22668.7336,
                "maximum": 88806,
                "std": 1946.1230402828676
            },
            "memory_bytes": 8480,
            "allocations": 130,
            "gc_time_ns": 0,
            "samples": 10000
        },
        "html/complex": {
            "time_ns": {
                "minimum": 41688,
                "median": 43201,
                "mean": 43932.0624,
                "maximum": 156963,
                "std": 3210.513180317804
            },
            "memory_bytes": 9904,
            "allocations": 197,
            "gc_time_ns": 0,
            "samples": 10000
        },
        "typst/complex": {
            "time_ns": {
                "minimum": 15970,
                "median": 16922,
                "mean": 17278.4273,
                "maximum": 104055,
                "std": 2080.5652150500155
            },
            "memory_bytes": 8928,
            "allocations": 126,
            "gc_time_ns": 0,
            "samples": 10000
        },
        "notebook/complex": {
            "time_ns": {
                "minimum": 136275,
                "median": 149900.5,
                "mean": 151504.561,
                "maximum": 352149,
                "std": 9602.03102259386
            },
            "memory_bytes": 63248,
            "allocations": 1041,
            "gc_time_ns": 0,
            "samples": 10000
        },
        "term/complex": {
            "time_ns": {
                "minimum": 67166,
                "median": 71163.5,
                "mean": 73403.1595,
                "maximum": 299761,
                "std": 7002.341505576246
            },
            "memory_bytes": 25984,
            "allocations": 422,
            "gc_time_ns": 0,
            "samples": 10000
        },
        "parse/simple": {
            "time_ns": {
                "minimum": 18124,
                "median": 20558.5,
                "mean": 21789.7093,
                "maximum": 104316,
                "std": 3276.008725218888
            },
            "memory_bytes": 15808,
            "allocations": 224,
            "gc_time_ns": 0,
            "samples": 10000
        },
        "allocations/html_spec": {
            "time_ns": {
                "minimum": 5930836,
                "median": 6.1039005e6,
                "mean": 6.1979548e6,
                "maximum": 6598127,
                "std": 254767.014759586
            },
            "memory_bytes": 2053376,
            "allocations": 29154,
            "gc_time_ns": 0,
            "samples": 10
        },
        "html/simple": {
            "time_ns": {
                "minimum": 20018,
                "median": 21030,
                "mean": 21413.9741,
                "maximum": 114324,
                "std": 2190.3034992372786
            },
            "memory_bytes": 5408,
            "allocations": 112,
            "gc_time_ns": 0,
            "samples": 10000
        },
        "markdown/complex": {
            "time_ns": {
                "minimum": 27201,
                "median": 29014,
                "mean": 29542.8369,
                "maximum": 129223,
                "std": 2727.315120970677
            },
            "memory_bytes": 14112,
            "allocations": 238,
            "gc_time_ns": 0,
            "samples": 10000
        },
        "notebook/spec_md": {
            "time_ns": {
                "minimum": 19780835,
                "median": 22133502,
                "mean": 2.3077957940092165e7,
                "maximum": 197958698,
                "std": 1.1995010958762964e7
            },
            "memory_bytes": 10839128,
            "allocations": 164413,
            "gc_time_ns": 800548.7603686636,
            "samples": 217
        },
        "html/spec_md": {
            "time_ns": {
                "minimum": 5919596,
                "median": 6310228,
                "mean": 6.336654565272497e6,
                "maximum": 7242705,
                "std": 205956.78209210146
            },
            "memory_bytes": 2053376,
            "allocations": 29154,
            "gc_time_ns": 0,
            "samples": 789
        },
        "latex/spec_md": {
            "time_ns": {
                "minimum": 2586945,
                "median": 2831524,
                "mean": 2.7828511437325906e6,
                "maximum": 24982586,
                "std": 543375.8287799812
            },
            "memory_bytes": 780264,
            "allocations": 1992,
            "gc_time_ns": 12202.210584958217,
            "samples": 1795
        },
        "term/spec_md": {
            "time_ns": {
                "minimum": 12498067,
                "median": 1.30406585e7,
                "mean": 1.3237959544973545e7,
                "maximum": 21920865,
                "std": 804719.9651100967
            },
            "memory_bytes": 2796992,
            "allocations": 37147,
            "gc_time_ns": 0,
            "samples": 378
        },
        "notebook/simple": {
            "time_ns": {
                "minimum": 51136,
                "median": 55444,
                "mean": 57025.2522,
                "maximum": 220303,
                "std": 5797.749671012015
            },
            "memory_bytes": 28528,
            "allocations": 440,
            "gc_time_ns": 0,
            "samples": 10000
        },
        "typst/spec_md": {
            "time_ns": {
                "minimum": 2596872,
                "median": 2878489,
                "mean": 2.9959906792565947e6,
                "maximum": 108459492,
                "std": 3.520487864878854e6
            },
            "memory_bytes": 1771376,
            "allocations": 20453,
            "gc_time_ns": 121170.8639088729,
            "samples": 1668
        },
        "allocations/parse_spec": {
            "time_ns": {
                "minimum": 7222194,
                "median": 7587479,
                "mean": 7.7987162e6,
                "maximum": 8810403,