{
    "git": {
        "branch": "master",
        "commit": "35cb88eed15c422c467a69e1294c12d812971def",
        "dirty": false
    },
    "julia_version": "1.12.5",
    "arch": "x86_64",
    "timestamp": "2026-02-11T13:28:15Z",
    "benchmarks": {
        "roundtrip/markdown_all_ext": {
            "time_ns": {
                "minimum": 187812,
                "median": 212112.5,
                "mean": 213127.3894,
                "maximum": 502232,
                "std": 20368.87212806209
            },
            "memory_bytes": 110912,
            "allocations": 1683,
            "gc_time_ns": 0,
            "samples": 10000
        },
        "latex/simple": {
            "time_ns": {
                "minimum": 6596.4,
                "median": 6772.6,
                "mean": 6858.412439999997,
                "maximum": 18092,
                "std": 424.2287355369175
            },
            "memory_bytes": 1720,
            "allocations": 23,
            "gc_time_ns": 0,
            "samples": 10000
        },
        "roundtrip/parse_all_ext": {
            "time_ns": {
                "minimum": 716123,
                "median": 815980,
                "mean": 971149.0801325794,
                "maximum": 716342696,
                "std": 9.991134251914559e6
            },
            "memory_bytes": 465312,
            "allocations": 6769,
            "gc_time_ns": 139377.90699941508,
            "samples": 5129
        },
        "markdown/simple": {
            "time_ns": {
                "minimum": 6909,
                "median": 7902.8,
                "mean": 7992.221799999998,
                "maximum": 56283.6,
                "std": 1291.4477994447275
            },
            "memory_bytes": 5040,
            "allocations": 76,
            "gc_time_ns": 0,
            "samples": 10000
        },
        "term/simple": {
            "time_ns": {
                "minimum": 21541,
                "median": 22372,
                "mean": 22739.8152,
                "maximum": 94167,
                "std": 2023.8316381801449
            },
            "memory_bytes": 8480,
            "allocations": 130,
            "gc_time_ns": 0,
            "samples": 10000
        },
        "html/complex": {
            "time_ns": {
                "minimum": 47359,
                "median": 49322,
                "mean": 50113.6971,
                "maximum": 186119,
                "std": 3564.803792799781
            },
            "memory_bytes": 10192,
            "allocations": 203,
            "gc_time_ns": 0,
            "samples": 10000
        },
        "typst/complex": {
            "time_ns": {
                "minimum": 17603,
                "median": 18785,
                "mean": 19085.0473,
                "maximum": 111789,
                "std": 1900.3667508250803
            },
            "memory_bytes": 9936,
            "allocations": 144,
            "gc_time_ns": 0,
            "samples": 10000
        },
        "notebook/complex": {
            "time_ns": {
                "minimum": 136476,
                "median": 151123,
                "mean": 152816.5396,
                "maximum": 378018,
                "std": 11493.813856424178
            },
            "memory_bytes": 63248,
            "allocations": 1041,
            "gc_time_ns": 0,
            "samples": 10000
        },
        "term/complex": {
            "time_ns": {
                "minimum": 68128,
                "median": 72426,
                "mean": 74870.2779,
                "maximum": 281197,
                "std": 7454.37406204822
            },
            "memory_bytes": 26368,
            "allocations": 434,
            "gc_time_ns": 0,
            "samples": 10000
        },
        "parse/simple": {
            "time_ns": {
                "minimum": 17684,
                "median": 20248,
                "mean": 21537.2486,
                "maximum": 112852,
                "std": 3985.531374362977
            },
            "memory_bytes": 15808,
            "allocations": 224,
            "gc_time_ns": 0,
            "samples": 10000
        },
        "allocations/html_spec": {
            "time_ns": {
                "minimum": 6154749,
                "median": 6227841,
                "mean": 6.2890638e6,
                "maximum": 6819936,
                "std": 194891.47119290094
            },
            "memory_bytes": 2053376,
            "allocations": 29154,
            "gc_time_ns": 0,
            "samples": 10
        },
        "html/simple": {
            "time_ns": {
                "minimum": 20558,
                "median": 22011,
                "mean": 22339.8302,
                "maximum": 121638,
                "std": 2098.790886269137
            },
            "memory_bytes": 5408,
            "allocations": 112,
            "gc_time_ns": 0,
            "samples": 10000
        },
        "markdown/complex": {
            "time_ns": {
                "minimum": 27782,
                "median": 29806,
                "mean": 30450.5437,
                "maximum": 139462,
                "std": 3184.2126415654125
            },
            "memory_bytes": 14112,
            "allocations": 238,
            "gc_time_ns": 0,
            "samples": 10000
        },
        "notebook/spec_md": {
            "time_ns": {
                "minimum": 19368284,
                "median": 2.16218445e7,
                "mean": 2.2542850855855856e7,
                "maximum": 195829514,
                "std": 1.1745976669208005e7
            },
            "memory_bytes": 10839128,
            "allocations": 164413,
            "gc_time_ns": 784934.2567567568,
            "samples": 222
        },
        "html/spec_md": {
            "time_ns": {
                "minimum": 6113931,
                "median": 6520979,
                "mean": 6.543129947643979e6,
                "maximum": 10620128,
                "std": 250267.39212011898
            },
            "memory_bytes": 2053376,
            "allocations": 29154,
            "gc_time_ns": 0,
            "samples": 764
        },
        "latex/spec_md": {
            "time_ns": {
                "minimum": 2645640,
                "median": 2881573,
                "mean": 2.835058530646992e6,
                "maximum": 24495497,
                "std": 527301.9013230627
            },
            "memory_bytes": 780264,
            "allocations": 1992,
            "gc_time_ns": 12084.110102156641,
            "samples": 1762
        },
        "term/spec_md": {
            "time_ns": {
                "minimum": 12633482,
                "median": 13020372,
                "mean": 1.3199573556728233e7,
                "maximum": 14353640,
                "std": 391001.4940351351
            },
            "memory_bytes": 2795152,
            "allocations": 37098,
            "gc_time_ns": 0,
            "samples": 379
        },
        "notebook/simple": {
            "time_ns": {
                "minimum": 51697,
                "median": 56025,
                "mean": 57528.6219,
                "maximum": 283212,
                "std": 5534.3993329121095
            },
            "memory_bytes": 28528,
            "allocations": 440,
            "gc_time_ns": 0,
            "samples": 10000
        },
        "typst/spec_md": {
            "time_ns": {
                "minimum": 2716586,
                "median": 2.9467585e6,
                "mean": 3.1121518829389787e6,
                "maximum": 106369360,
                "std": 3.494420266555562e6
            },
            "memory_bytes": 1771376,
            "allocations": 20453,
            "gc_time_ns": 122450.03549190535,
            "samples": 1606
        },
        "allocations/parse_spec": {
            "time_ns": {
                "minimum": 7397099,
                "median": 7.9489875e6,
                "mean": 8.1664364e6,
                "maximum": 10532226,