{
    "git": {
        "branch": "master",
        "commit": "0cb47a8fc36514c325c230147a76ff1c981f5ea2",
        "dirty": false
    },
    "julia_version": "1.12.6",
    "arch": "x86_64",
    "timestamp": "2026-05-29T16:41:31Z",
    "benchmarks": {
        "roundtrip/markdown_all_ext": {
            "time_ns": {
                "minimum": 168023,
                "median": 187778,
                "mean": 191471.8991,
                "maximum": 551367,
                "std": 28148.21600049851
            },
            "memory_bytes": 110912,
            "allocations": 1683,
            "gc_time_ns": 0,
            "samples": 10000
        },
        "latex/simple": {
            "time_ns": {
                "minimum": 5962,
                "median": 6133.6,
                "mean": 6199.3219,
                "maximum": 20439.4,
                "std": 382.18136640615126
            },
            "memory_bytes": 1720,
            "allocations": 23,
            "gc_time_ns": 0,
            "samples": 10000
        },
        "roundtrip/parse_all_ext": {
            "time_ns": {
                "minimum": 727242,
                "median": 826286,
                "mean": 997944.9324945076,
                "maximum": 752084923,
                "std": 1.0617134886940483e7
            },
            "memory_bytes": 465312,
            "allocations": 6769,
            "gc_time_ns": 149956.29279009387,
            "samples": 5007
        },
        "markdown/simple": {
            "time_ns": {
                "minimum": 6388.2,
                "median": 6708.4,
                "mean": 7039.51014,
                "maximum": 65025.6,
                "std": 2263.3035784600365
            },
            "memory_bytes": 5040,
            "allocations": 76,
            "gc_time_ns": 0,
            "samples": 10000
        },
        "term/simple": {
            "time_ns": {
                "minimum": 19713,
                "median": 20313,
                "mean": 20611.4546,
                "maximum": 106607,
                "std": 1708.0769722214347
            },
            "memory_bytes": 8480,
            "allocations": 130,
            "gc_time_ns": 0,
            "samples": 10000
        },
        "html/complex": {
            "time_ns": {
                "minimum": 40112,
                "median": 41514.5,
                "mean": 42073.6243,
                "maximum": 171999,
                "std": 2431.983913459347
            },
            "memory_bytes": 10192,
            "allocations": 203,
            "gc_time_ns": 0,
            "samples": 10000
        },
        "typst/complex": {
            "time_ns": {
                "minimum": 15797,
                "median": 16611,
                "mean": 16986.6704,
                "maximum": 112558,
                "std": 1877.6865986261141
            },
            "memory_bytes": 9936,
            "allocations": 144,
            "gc_time_ns": 0,
            "samples": 10000
        },
        "notebook/complex": {
            "time_ns": {
                "minimum": 113849,
                "median": 124259,
                "mean": 124805.4379,
                "maximum": 311399,
                "std": 8744.902645574259
            },
            "memory_bytes": 63248,
            "allocations": 1041,
            "gc_time_ns": 0,
            "samples": 10000
        },
        "term/complex": {
            "time_ns": {
                "minimum": 64077,
                "median": 67216,
                "mean": 68197.7874,
                "maximum": 193856,
                "std": 4202.39311119121
            },
            "memory_bytes": 26368,
            "allocations": 434,
            "gc_time_ns": 0,
            "samples": 10000
        },
        "parse/simple": {
            "time_ns": {
                "minimum": 16521,
                "median": 18156,
                "mean": 19357.4167,
                "maximum": 208438,
                "std": 3760.106194074867
            },
            "memory_bytes": 15808,
            "allocations": 224,
            "gc_time_ns": 0,
            "samples": 10000
        },
        "allocations/html_spec": {
            "time_ns": {
                "minimum": 5780474,
                "median": 5831587,
                "mean": 5.8956378e6,
                "maximum": 6109046,
                "std": 134396.42565419
            },
            "memory_bytes": 2053376,
            "allocations": 29154,
            "gc_time_ns": 0,
            "samples": 10
        },
        "html/simple": {
            "time_ns": {
                "minimum": 17857,
                "median": 18470.5,
                "mean": 18938.9358,
                "maximum": 126936,
                "std": 2557.1677591376747
            },
            "memory_bytes": 5408,
            "allocations": 112,
            "gc_time_ns": 0,
            "samples": 10000
        },
        "markdown/complex": {
            "time_ns": {
                "minimum": 25646,
                "median": 26760,
                "mean": 27316.9514,
                "maximum": 142372,
                "std": 2368.5889317462406
            },
            "memory_bytes": 14112,
            "allocations": 238,
            "gc_time_ns": 0,
            "samples": 10000
        },
        "notebook/spec_md": {
            "time_ns": {
                "minimum": 18193020,
                "median": 1.96682485e7,
                "mean": 2.1625422396551725e7,
                "maximum": 248627887,
                "std": 2.0058662863834955e7
            },
            "memory_bytes": 10839128,
            "allocations": 164413,
            "gc_time_ns": 1.8533339396551724e6,
            "samples": 232
        },
        "html/spec_md": {
            "time_ns": {
                "minimum": 5721345,
                "median": 6091136,
                "mean": 6.077842088699878e6,
                "maximum": 7525821,
                "std": 239500.05425654142
            },
            "memory_bytes": 2053376,
            "allocations": 29154,
            "gc_time_ns": 0,
            "samples": 823
        },
        "latex/spec_md": {
            "time_ns": {
                "minimum": 2786337,
                "median": 3008076,
                "mean": 2.985405361791045e6,
                "maximum": 32311998,
                "std": 722876.4394417404
            },
            "memory_bytes": 780264,
            "allocations": 1992,
            "gc_time_ns": 17387.875820895522,
            "samples": 1675
        },
        "term/spec_md": {
            "time_ns": {
                "minimum": 12086548,
                "median": 1.24867505e7,
                "mean": 1.2633293585858585e7,
                "maximum": 13463561,
                "std": 335221.0876480467
            },
            "memory_bytes": 2795152,
            "allocations": 37098,
            "gc_time_ns": 0,
            "samples": 396
        },
        "notebook/simple": {
            "time_ns": {
                "minimum": 41655,
                "median": 44022,
                "mean": 45243.6947,
                "maximum": 356533,
                "std": 5051.41301309196
            },
            "memory_bytes": 28528,
            "allocations": 440,
            "gc_time_ns": 0,
            "samples": 10000
        },
        "typst/spec_md": {
            "time_ns": {
                "minimum": 2714525,
                "median": 2.9697625e6,
                "mean": 3.186901650063052e6,
                "maximum": 140547524,
                "std": 5.196506835391921e6
            },
            "memory_bytes": 1771376,
            "allocations": 20453,
            "gc_time_ns": 222864.2395964691,
            "samples": 1586
        },
        "allocations/parse_spec": {
            "time_ns": {
                "minimum": 7494642,
                "median": 8353764,
                "mean": 8.4502853e6,
                "maximum": 9709069,