{
    "git": {
        "branch": "master",
        "commit": "6cc7942ccc506ee1fe82f6ca0b7bf9037014a86e",
        "dirty": false
    },
    "julia_version": "1.12.4",
    "arch": "x86_64",
    "timestamp": "2026-02-09T18:12:48Z",
    "benchmarks": {
        "roundtrip/markdown_all_ext": {
            "time_ns": {
                "minimum": 182692,
                "median": 206822.5,
                "mean": 209742.0469,
                "maximum": 500678,
                "std": 20485.819802770882
            },
            "memory_bytes": 110912,
            "allocations": 1683,
            "gc_time_ns": 0,
            "samples": 10000
        },
        "latex/simple": {
            "time_ns": {
                "minimum": 6362,
                "median": 6594.4,
                "mean": 6681.820080000001,
                "maximum": 18065.8,
                "std": 443.00944904368333
            },
            "memory_bytes": 1720,
            "allocations": 23,
            "gc_time_ns": 0,
            "samples": 10000
        },
        "roundtrip/parse_all_ext": {
            "time_ns": {
                "minimum": 731791,
                "median": 815378,
                "mean": 988055.9773854394,
                "maximum": 713322970,
                "std": 1.0035254108303325e7
            },
            "memory_bytes": 465312,
            "allocations": 6769,
            "gc_time_ns": 141289.58202737552,
            "samples": 5041
        },
        "markdown/simple": {
            "time_ns": {
                "minimum": 6722.6,
                "median": 7199.6,
                "mean": 7417.862060000001,
                "maximum": 57399.4,
                "std": 2129.3809664131427
            },
            "memory_bytes": 5040,
            "allocations": 76,
            "gc_time_ns": 0,
            "samples": 10000
        },
        "term/simple": {
            "time_ns": {
                "minimum": 21440,
                "median": 22002,
                "mean": 22354.9123,
                "maximum": 88466,
                "std": 2058.56784589829
            },
            "memory_bytes": 8480,
            "allocations": 130,
            "gc_time_ns": 0,
            "samples": 10000
        },
        "html/complex": {
            "time_ns": {
                "minimum": 46277,
                "median": 48130,
                "mean": 48905.0316,
                "maximum": 167444,
                "std": 3331.2418882832967
            },
            "memory_bytes": 10192,
            "allocations": 203,
            "gc_time_ns": 0,
            "samples": 10000
        },
        "typst/complex": {
            "time_ns": {
                "minimum": 16862,
                "median": 17653,
                "mean": 17998.12,
                "maximum": 113543,
                "std": 2050.4206099890303
            },
            "memory_bytes": 9936,
            "allocations": 144,
            "gc_time_ns": 0,
            "samples": 10000
        },
        "notebook/complex": {
            "time_ns": {
                "minimum": 134091,
                "median": 152275,
                "mean": 151585.1727,
                "maximum": 576680,
                "std": 13957.678341692208
            },
            "memory_bytes": 63248,
            "allocations": 1041,
            "gc_time_ns": 0,
            "samples": 10000
        },
        "term/complex": {
            "time_ns": {
                "minimum": 67216,
                "median": 70622.5,
                "mean": 72258.8805,
                "maximum": 222277,
                "std": 5659.02838508927
            },
            "memory_bytes": 26368,
            "allocations": 434,
            "gc_time_ns": 0,
            "samples": 10000
        },
        "parse/simple": {
            "time_ns": {
                "minimum": 18244,
                "median": 20864,
                "mean": 22056.8475,
                "maximum": 118511,
                "std": 3225.294742416776
            },
            "memory_bytes": 15808,
            "allocations": 224,
            "gc_time_ns": 0,
            "samples": 10000
        },
        "allocations/html_spec": {
            "time_ns": {
                "minimum": 6035284,
                "median": 6145005,
                "mean": 6.2493039e6,
                "maximum": 6754240,
                "std": 245853.82893339513
            },
            "memory_bytes": 2053376,
            "allocations": 29154,
            "gc_time_ns": 0,
            "samples": 10
        },
        "html/simple": {
            "time_ns": {
                "minimum": 20248,
                "median": 21460,
                "mean": 21802.3958,
                "maximum": 118432,
                "std": 2079.33543703952
            },
            "memory_bytes": 5408,
            "allocations": 112,
            "gc_time_ns": 0,
            "samples": 10000
        },
        "markdown/complex": {
            "time_ns": {
                "minimum": 27361,
                "median": 29014,
                "mean": 29585.39,
                "maximum": 144921,
                "std": 3051.682703662421
            },
            "memory_bytes": 14112,
            "allocations": 238,
            "gc_time_ns": 0,
            "samples": 10000
        },
        "notebook/spec_md": {
            "time_ns": {
                "minimum": 20400997,
                "median": 22656760,
                "mean": 2.364941663679245e7,
                "maximum": 195778139,
                "std": 1.1950311878740625e7
            },
            "memory_bytes": 10839128,
            "allocations": 164413,
            "gc_time_ns": 814111.8349056604,
            "samples": 212
        },
        "html/spec_md": {
            "time_ns": {
                "minimum": 6017042,
                "median": 6444543,
                "mean": 6.470604813712807e6,
                "maximum": 8031279,
                "std": 236480.08933546126
            },
            "memory_bytes": 2053376,
            "allocations": 29154,
            "gc_time_ns": 0,
            "samples": 773
        },
        "latex/spec_md": {
            "time_ns": {
                "minimum": 2618115,
                "median": 2864697,
                "mean": 2.8095488385826773e6,
                "maximum": 26324238,
                "std": 575334.2682883702
            },
            "memory_bytes": 780264,
            "allocations": 1992,
            "gc_time_ns": 13094.509561304836,
            "samples": 1778
        },
        "term/spec_md": {
            "time_ns": {
                "minimum": 12572299,
                "median": 13106196,
                "mean": 1.3207978878627969e7,
                "maximum": 15312768,
                "std": 463014.4249656608
            },
            "memory_bytes": 2795152,
            "allocations": 37098,
            "gc_time_ns": 0,
            "samples": 379
        },
        "notebook/simple": {
            "time_ns": {
                "minimum": 50255,
                "median": 54166.5,
                "mean": 55891.2308,
                "maximum": 305262,
                "std": 6635.046796272822
            },
            "memory_bytes": 28528,
            "allocations": 440,
            "gc_time_ns": 0,
            "samples": 10000
        },
        "typst/spec_md": {
            "time_ns": {
                "minimum": 2614989,
                "median": 2915152,
                "mean": 3.0400802933657942e6,
                "maximum": 106281548,
                "std": 3.5934521116473917e6
            },
            "memory_bytes": 1771376,
            "allocations": 20453,
            "gc_time_ns": 124660.53317102861,
            "samples": 1643
        },
        "allocations/parse_spec": {
            "time_ns": {
                "minimum": 7561547,
                "median": 8031462,
                "mean": 8.1843053e6,
                "maximum": 9170942,