{
    "git": {
        "branch": "master",
        "commit": "c245cdf7836902e89e6b659baadaf76ff2f23aee",
        "dirty": false
    },
    "julia_version": "1.12.5",
    "arch": "x86_64",
    "timestamp": "2026-02-17T17:13:14Z",
    "benchmarks": {
        "roundtrip/markdown_all_ext": {
            "time_ns": {
                "minimum": 182209,
                "median": 211463.5,
                "mean": 214603.4109,
                "maximum": 468091,
                "std": 20749.625192417905
            },
            "memory_bytes": 110912,
            "allocations": 1683,
            "gc_time_ns": 0,
            "samples": 10000
        },
        "latex/simple": {
            "time_ns": {
                "minimum": 6440,
                "median": 6664.4,
                "mean": 6774.394720000002,
                "maximum": 18398.2,
                "std": 589.2882513307366
            },
            "memory_bytes": 1720,
            "allocations": 23,
            "gc_time_ns": 0,
            "samples": 10000
        },
        "roundtrip/parse_all_ext": {
            "time_ns": {
                "minimum": 726402,
                "median": 824594,
                "mean": 1.0019663142224904e6,
                "maximum": 773777151,
                "std": 1.0963057349449955e7
            },
            "memory_bytes": 465312,
            "allocations": 6769,
            "gc_time_ns": 155414.18688392677,
            "samples": 4971
        },
        "markdown/simple": {
            "time_ns": {
                "minimum": 6930.8,
                "median": 8017,
                "mean": 8063.25206,
                "maximum": 50530.2,
                "std": 1215.5489959182657
            },
            "memory_bytes": 5040,
            "allocations": 76,
            "gc_time_ns": 0,
            "samples": 10000
        },
        "term/simple": {
            "time_ns": {
                "minimum": 21920,
                "median": 23063,
                "mean": 23647.2731,
                "maximum": 91290,
                "std": 3086.7725230371752
            },
            "memory_bytes": 8480,
            "allocations": 130,
            "gc_time_ns": 0,
            "samples": 10000
        },
        "html/complex": {
            "time_ns": {
                "minimum": 46496,
                "median": 48250,
                "mean": 49085.5471,
                "maximum": 181488,
                "std": 3526.1885290970845
            },
            "memory_bytes": 10192,
            "allocations": 203,
            "gc_time_ns": 0,
            "samples": 10000
        },
        "typst/complex": {
            "time_ns": {
                "minimum": 17091,
                "median": 18144,
                "mean": 18481.2807,
                "maximum": 113832,
                "std": 2098.15687519661
            },
            "memory_bytes": 9936,
            "allocations": 144,
            "gc_time_ns": 0,
            "samples": 10000
        },
        "notebook/complex": {
            "time_ns": {
                "minimum": 139570,
                "median": 156170,
                "mean": 157797.6402,
                "maximum": 416235,
                "std": 12723.199300191252
            },
            "memory_bytes": 63248,
            "allocations": 1041,
            "gc_time_ns": 0,
            "samples": 10000
        },
        "term/complex": {
            "time_ns": {
                "minimum": 69179,
                "median": 73647.5,
                "mean": 76099.5065,
                "maximum": 264979,
                "std": 6985.220294551496
            },
            "memory_bytes": 26368,
            "allocations": 434,
            "gc_time_ns": 0,
            "samples": 10000
        },
        "parse/simple": {
            "time_ns": {
                "minimum": 17853,
                "median": 20418,
                "mean": 21681.2714,
                "maximum": 245447,
                "std": 4134.088201752356
            },
            "memory_bytes": 15808,
            "allocations": 224,
            "gc_time_ns": 0,
            "samples": 10000
        },
        "allocations/html_spec": {
            "time_ns": {
                "minimum": 6045359,
                "median": 6.1237295e6,
                "mean": 6.1566607e6,
                "maximum": 6576968,
                "std": 155054.75988111066
            },
            "memory_bytes": 2053376,
            "allocations": 29154,
            "gc_time_ns": 0,
            "samples": 10
        },
        "html/simple": {
            "time_ns": {
                "minimum": 20447,
                "median": 21530,
                "mean": 21927.8821,
                "maximum": 128329,
                "std": 2468.7467471269174
            },
            "memory_bytes": 5408,
            "allocations": 112,
            "gc_time_ns": 0,
            "samples": 10000
        },
        "markdown/complex": {
            "time_ns": {
                "minimum": 27801,
                "median": 29595,
                "mean": 30134.6873,
                "maximum": 146232,
                "std": 2853.891176482283
            },
            "memory_bytes": 14112,
            "allocations": 238,
            "gc_time_ns": 0,
            "samples": 10000
        },
        "notebook/spec_md": {
            "time_ns": {
                "minimum": 20361616,
                "median": 23137120,
                "mean": 2.453389857843137e7,
                "maximum": 273812964,
                "std": 1.7602687773378655e7
            },
            "memory_bytes": 10839128,
            "allocations": 164413,
            "gc_time_ns": 1.2187571225490195e6,
            "samples": 204
        },
        "html/spec_md": {
            "time_ns": {
                "minimum": 5985538,
                "median": 6521183,
                "mean": 6.533154537254902e6,
                "maximum": 11441849,
                "std": 372783.93496645417
            },
            "memory_bytes": 2053376,
            "allocations": 29154,
            "gc_time_ns": 0,
            "samples": 765
        },
        "latex/spec_md": {
            "time_ns": {
                "minimum": 2621579,
                "median": 2912720,
                "mean": 2.8607766219931273e6,
                "maximum": 24654866,
                "std": 548850.6818420308
            },
            "memory_bytes": 780264,
            "allocations": 1992,
            "gc_time_ns": 12304.246849942727,
            "samples": 1746
        },
        "term/spec_md": {
            "time_ns": {
                "minimum": 12931282,
                "median": 13539634,
                "mean": 1.3734115063186813e7,
                "maximum": 15549274,
                "std": 518313.82200040825
            },
            "memory_bytes": 2795152,
            "allocations": 37098,
            "gc_time_ns": 0,
            "samples": 364
        },
        "notebook/simple": {
            "time_ns": {
                "minimum": 51916,
                "median": 56866,
                "mean": 58466.1033,
                "maximum": 326838,
                "std": 6163.3061210736005
            },
            "memory_bytes": 28528,
            "allocations": 440,
            "gc_time_ns": 0,
            "samples": 10000
        },
        "typst/spec_md": {
            "time_ns": {
                "minimum": 2617102,
                "median": 2925997,
                "mean": 3.102493044720497e6,
                "maximum": 138084371,
                "std": 4.546906894327833e6
            },
            "memory_bytes": 1771376,
            "allocations": 20453,
            "gc_time_ns": 159224.43726708074,
            "samples": 1610
        },
        "allocations/parse_spec": {
            "time_ns": {
                "minimum": 7240452,
                "median": 7.6026915e6,
                "mean": 7.8694706e6,
                "maximum": 9228452,