{
    "git": {
        "branch": "master",
        "commit": "840829954d0c41af54f0f7158bd08149d07c72f1",
        "dirty": false
    },
    "julia_version": "1.12.4",
    "arch": "x86_64",
    "timestamp": "2026-02-10T10:57:21Z",
    "benchmarks": {
        "roundtrip/markdown_all_ext": {
            "time_ns": {
                "minimum": 181950,
                "median": 209762,
                "mean": 212026.3411,
                "maximum": 456043,
                "std": 22446.92770308849
            },
            "memory_bytes": 110912,
            "allocations": 1683,
            "gc_time_ns": 0,
            "samples": 10000
        },
        "latex/simple": {
            "time_ns": {
                "minimum": 6179.4,
                "median": 6352,
                "mean": 6433.028159999998,
                "maximum": 21953,
                "std": 436.8041915151305
            },
            "memory_bytes": 1720,
            "allocations": 23,
            "gc_time_ns": 0,
            "samples": 10000
        },
        "roundtrip/parse_all_ext": {
            "time_ns": {
                "minimum": 721550,
                "median": 822176.5,
                "mean": 974283.9317292644,
                "maximum": 723901276,
                "std": 1.0113427714072045e7
            },
            "memory_bytes": 465312,
            "allocations": 6769,
            "gc_time_ns": 141431.06651017215,
            "samples": 5112
        },
        "markdown/simple": {
            "time_ns": {
                "minimum": 6816.6,
                "median": 7958.8,
                "mean": 8019.5865,
                "maximum": 51826.8,
                "std": 1249.0361805071027
            },
            "memory_bytes": 5040,
            "allocations": 76,
            "gc_time_ns": 0,
            "samples": 10000
        },
        "term/simple": {
            "time_ns": {
                "minimum": 21440,
                "median": 22212,
                "mean": 22557.2501,
                "maximum": 91320,
                "std": 1989.7787670754205
            },
            "memory_bytes": 8480,
            "allocations": 130,
            "gc_time_ns": 0,
            "samples": 10000
        },
        "html/complex": {
            "time_ns": {
                "minimum": 45155,
                "median": 46938,
                "mean": 48020.0843,
                "maximum": 381784,
                "std": 7446.958311472059
            },
            "memory_bytes": 10192,
            "allocations": 203,
            "gc_time_ns": 0,
            "samples": 10000
        },
        "typst/complex": {
            "time_ns": {
                "minimum": 16792,
                "median": 17694,
                "mean": 18008.6037,
                "maximum": 136415,
                "std": 2075.7608768276
            },
            "memory_bytes": 9936,
            "allocations": 144,
            "gc_time_ns": 0,
            "samples": 10000
        },
        "notebook/complex": {
            "time_ns": {
                "minimum": 137647,
                "median": 151563,
                "mean": 153153.8358,
                "maximum": 386943,
                "std": 10508.867481484991
            },
            "memory_bytes": 63248,
            "allocations": 1041,
            "gc_time_ns": 0,
            "samples": 10000
        },
        "term/complex": {
            "time_ns": {
                "minimum": 68127,
                "median": 72666,
                "mean": 74754.074,
                "maximum": 260848,
                "std": 6339.683732388128
            },
            "memory_bytes": 26368,
            "allocations": 434,
            "gc_time_ns": 0,
            "samples": 10000
        },
        "parse/simple": {
            "time_ns": {
                "minimum": 18565,
                "median": 21190,
                "mean": 22402.3871,
                "maximum": 119964,
                "std": 3298.952699349423
            },
            "memory_bytes": 15808,
            "allocations": 224,
            "gc_time_ns": 0,
            "samples": 10000
        },
        "allocations/html_spec": {
            "time_ns": {
                "minimum": 5910353,
                "median": 5.9693545e6,
                "mean": 6.0205347e6,
                "maximum": 6531425,
                "std": 184622.6229294353
            },
            "memory_bytes": 2053376,
            "allocations": 29154,
            "gc_time_ns": 0,
            "samples": 10
        },
        "html/simple": {
            "time_ns": {
                "minimum": 19777,
                "median": 20789,
                "mean": 21206.1126,
                "maximum": 124392,
                "std": 2445.5663665921197
            },
            "memory_bytes": 5408,
            "allocations": 112,
            "gc_time_ns": 0,
            "samples": 10000
        },
        "markdown/complex": {
            "time_ns": {
                "minimum": 27391,
                "median": 29105,
                "mean": 29606.02,
                "maximum": 139220,
                "std": 2626.025393315273
            },
            "memory_bytes": 14112,
            "allocations": 238,
            "gc_time_ns": 0,
            "samples": 10000
        },
        "notebook/spec_md": {
            "time_ns": {
                "minimum": 19568157,
                "median": 21975981,
                "mean": 2.3038658377880186e7,
                "maximum": 192597230,
                "std": 1.1673812174639229e7
            },
            "memory_bytes": 10839128,
            "allocations": 164413,
            "gc_time_ns": 789880.8433179724,
            "samples": 217
        },
        "html/spec_md": {
            "time_ns": {
                "minimum": 5895120,
                "median": 6265388,
                "mean": 6.313368128787879e6,
                "maximum": 8618177,
                "std": 240782.6997105848
            },
            "memory_bytes": 2053376,
            "allocations": 29154,
            "gc_time_ns": 0,
            "samples": 792
        },
        "latex/spec_md": {
            "time_ns": {
                "minimum": 2569775,
                "median": 2822287,
                "mean": 2.7643499950193693e6,
                "maximum": 24245750,
                "std": 519160.3555995986
            },
            "memory_bytes": 780264,
            "allocations": 1992,
            "gc_time_ns": 11782.96956281129,
            "samples": 1807
        },
        "term/spec_md": {
            "time_ns": {
                "minimum": 12686117,
                "median": 13066768,
                "mean": 1.3267535031830238e7,
                "maximum": 14274364,
                "std": 412081.90121148666
            },
            "memory_bytes": 2795152,
            "allocations": 37098,
            "gc_time_ns": 0,
            "samples": 377
        },
        "notebook/simple": {
            "time_ns": {
                "minimum": 50866,
                "median": 56386,
                "mean": 58016.4735,
                "maximum": 246321,
                "std": 5838.884935844099
            },
            "memory_bytes": 28528,
            "allocations": 440,
            "gc_time_ns": 0,
            "samples": 10000
        },
        "typst/spec_md": {
            "time_ns": {
                "minimum": 2608339,
                "median": 2908372,
                "mean": 3.0194906839879155e6,
                "maximum": 107639764,
                "std": 3.491000666844103e6
            },
            "memory_bytes": 1771376,
            "allocations": 20453,
            "gc_time_ns": 120526.67129909365,
            "samples": 1655
        },
        "allocations/parse_spec": {
            "time_ns": {
                "minimum": 7271379,
                "median": 7988525,
                "mean": 7.9316637e6,
                "maximum": 8872472,