{
    "git": {
        "branch": "master",
        "commit": "a936adcb3ef1281e2c399a946918990f93280fa4",
        "dirty": false
    },
    "julia_version": "1.12.3",
    "arch": "x86_64",
    "timestamp": "2026-01-05T10:21:49Z",
    "benchmarks": {
        "roundtrip/markdown_all_ext": {
            "time_ns": {
                "minimum": 139088,
                "median": 162563,
                "mean": 165496.4658,
                "maximum": 438516,
                "std": 20749.225097020924
            },
            "memory_bytes": 105920,
            "allocations": 1605,
            "gc_time_ns": 0,
            "samples": 10000
        },
        "latex/simple": {
            "time_ns": {
                "minimum": 4817.571428571428,
                "median": 4976.428571428572,
                "mean": 5042.2928142857145,
                "maximum": 11872.142857142857,
                "std": 323.19737350187074
            },
            "memory_bytes": 1560,
            "allocations": 21,
            "gc_time_ns": 0,
            "samples": 10000
        },
        "roundtrip/parse_all_ext": {
            "time_ns": {
                "minimum": 800670,
                "median": 875119,
                "mean": 1.0542161877248678e6,
                "maximum": 690663224,
                "std": 1.003482463629689e7
            },
            "memory_bytes": 454256,
            "allocations": 6614,
            "gc_time_ns": 145946.57566137565,
            "samples": 4725
        },
        "markdown/simple": {
            "time_ns": {
                "minimum": 5872.666666666667,
                "median": 6956.333333333333,
                "mean": 6901.721966666667,
                "maximum": 45661.666666666664,
                "std": 1184.332783962066
            },
            "memory_bytes": 4848,
            "allocations": 73,
            "gc_time_ns": 0,
            "samples": 10000
        },
        "term/simple": {
            "time_ns": {
                "minimum": 20218,
                "median": 20859,
                "mean": 21215.613,
                "maximum": 89206,
                "std": 2175.9102492456523
            },
            "memory_bytes": 8720,
            "allocations": 141,
            "gc_time_ns": 0,
            "samples": 10000
        },
        "html/complex": {
            "time_ns": {
                "minimum": 41077,
                "median": 42609,
                "mean": 43490.4286,
                "maximum": 168874,
                "std": 4078.8571575225806
            },
            "memory_bytes": 11344,
            "allocations": 239,
            "gc_time_ns": 0,
            "samples": 10000
        },
        "typst/complex": {
            "time_ns": {
                "minimum": 14658,
                "median": 15463.5,
                "mean": 15780.1786,
                "maximum": 245306,
                "std": 2935.261968612764
            },
            "memory_bytes": 8736,
            "allocations": 123,
            "gc_time_ns": 0,
            "samples": 10000
        },
        "notebook/complex": {
            "time_ns": {
                "minimum": 122699,
                "median": 135242,
                "mean": 137108.7159,
                "maximum": 367925,
                "std": 11149.490204774826
            },
            "memory_bytes": 61056,
            "allocations": 1001,
            "gc_time_ns": 0,
            "samples": 10000
        },
        "term/complex": {
            "time_ns": {
                "minimum": 55904,
                "median": 58680,
                "mean": 60222.9013,
                "maximum": 156862,
                "std": 4585.04720601069
            },
            "memory_bytes": 24960,
            "allocations": 412,
            "gc_time_ns": 0,
            "samples": 10000
        },
        "parse/simple": {
            "time_ns": {
                "minimum": 22362,
                "median": 25327,
                "mean": 26423.5982,
                "maximum": 134411,
                "std": 3426.668302115341
            },
            "memory_bytes": 15872,
            "allocations": 226,
            "gc_time_ns": 0,
            "samples": 10000
        },
        "allocations/html_spec": {
            "time_ns": {
                "minimum": 6050204,
                "median": 6.1234105e6,
                "mean": 6.2706348e6,
                "maximum": 6727636,
                "std": 267572.1860801928
            },
            "memory_bytes": 2077696,
            "allocations": 29828,
            "gc_time_ns": 0,
            "samples": 10
        },
        "html/simple": {
            "time_ns": {
                "minimum": 18685,
                "median": 19657,
                "mean": 20019.7782,
                "maximum": 123270,
                "std": 2185.0035399632025
            },
            "memory_bytes": 5760,
            "allocations": 124,
            "gc_time_ns": 0,
            "samples": 10000
        },
        "markdown/complex": {
            "time_ns": {
                "minimum": 18414,
                "median": 20177,
                "mean": 20570.6378,
                "maximum": 126205,
                "std": 2393.1097994998904
            },
            "memory_bytes": 12768,
            "allocations": 217,
            "gc_time_ns": 0,
            "samples": 10000
        },
        "notebook/spec_md": {
            "time_ns": {
                "minimum": 19368763,
                "median": 22236499,
                "mean": 2.3112050543778803e7,
                "maximum": 186873166,
                "std": 1.126952939189431e7
            },
            "memory_bytes": 10838088,
            "allocations": 164391,
            "gc_time_ns": 764874.6682027649,
            "samples": 217
        },
        "html/spec_md": {
            "time_ns": {
                "minimum": 6000571,
                "median": 6449427,
                "mean": 6.504642738621587e6,
                "maximum": 10708215,
                "std": 302444.08260549384
            },
            "memory_bytes": 2077696,
            "allocations": 29828,
            "gc_time_ns": 0,
            "samples": 769
        },
        "latex/spec_md": {
            "time_ns": {
                "minimum": 2639473,
                "median": 2721014,
                "mean": 2.799293626330532e6,
                "maximum": 22544917,
                "std": 486323.25115422707
            },
            "memory_bytes": 783880,
            "allocations": 2108,
            "gc_time_ns": 10854.503641456582,
            "samples": 1785
        },
        "term/spec_md": {
            "time_ns": {
                "minimum": 12656145,
                "median": 1.33603255e7,
                "mean": 1.3380348189839572e7,
                "maximum": 14438642,
                "std": 467276.2625255577
            },
            "memory_bytes": 2891680,
            "allocations": 42184,
            "gc_time_ns": 0,
            "samples": 374
        },
        "notebook/simple": {
            "time_ns": {
                "minimum": 45464,
                "median": 49772,
                "mean": 51296.9412,
                "maximum": 227584,
                "std": 5178.021691167968
            },
            "memory_bytes": 26576,
            "allocations": 399,
            "gc_time_ns": 0,
            "samples": 10000
        },
        "typst/spec_md": {
            "time_ns": {
                "minimum": 2591242,
                "median": 2.8086265e6,
                "mean": 3.005452761732852e6,
                "maximum": 100146177,
                "std": 3.4451359460244835e6
            },
            "memory_bytes": 1771184,
            "allocations": 20450,
            "gc_time_ns": 140506.61732851985,
            "samples": 1662
        },
        "allocations/parse_spec": {
            "time_ns": {
                "minimum": 9747281,
                "median": 10362216,