{
    "git": {
        "branch": "master",
        "commit": "168787cf849cfdbc2e8f53559a8239cae73c57ee",
        "dirty": false
    },
    "julia_version": "1.12.6",
    "arch": "x86_64",
    "timestamp": "2026-05-30T07:11:23Z",
    "benchmarks": {
        "roundtrip/markdown_all_ext": {
            "time_ns": {
                "minimum": 158374,
                "median": 189395,
                "mean": 189861.9942,
                "maximum": 524115,
                "std": 21955.870274227716
            },
            "memory_bytes": 110912,
            "allocations": 1683,
            "gc_time_ns": 0,
            "samples": 10000
        },
        "latex/simple": {
            "time_ns": {
                "minimum": 5972.8,
                "median": 6189,
                "mean": 6275.707940000002,
                "maximum": 21201.2,
                "std": 460.31043702570975
            },
            "memory_bytes": 1720,
            "allocations": 23,
            "gc_time_ns": 0,
            "samples": 10000
        },
        "roundtrip/parse_all_ext": {
            "time_ns": {
                "minimum": 715217,
                "median": 820913,
                "mean": 1.0034197349929733e6,
                "maximum": 813201245,
                "std": 1.1510750255684637e7
            },
            "memory_bytes": 465312,
            "allocations": 6769,
            "gc_time_ns": 162974.2874924714,
            "samples": 4981
        },
        "markdown/simple": {
            "time_ns": {
                "minimum": 6639.8,
                "median": 7210.8,
                "mean": 7606.2608,
                "maximum": 71277.4,
                "std": 1507.406704769724
            },
            "memory_bytes": 5040,
            "allocations": 76,
            "gc_time_ns": 0,
            "samples": 10000
        },
        "term/simple": {
            "time_ns": {
                "minimum": 21422,
                "median": 22573,
                "mean": 22910.6146,
                "maximum": 106948,
                "std": 2010.5753942114234
            },
            "memory_bytes": 8480,
            "allocations": 130,
            "gc_time_ns": 0,
            "samples": 10000
        },
        "html/complex": {
            "time_ns": {
                "minimum": 40580,
                "median": 42493,
                "mean": 43085.5189,
                "maximum": 199294,
                "std": 2999.9103581704735
            },
            "memory_bytes": 10192,
            "allocations": 203,
            "gc_time_ns": 0,
            "samples": 10000
        },
        "typst/complex": {
            "time_ns": {
                "minimum": 15994,
                "median": 17186,
                "mean": 17465.4222,
                "maximum": 137343,
                "std": 2044.7200372545465
            },
            "memory_bytes": 9936,
            "allocations": 144,
            "gc_time_ns": 0,
            "samples": 10000
        },
        "notebook/complex": {
            "time_ns": {
                "minimum": 123223,
                "median": 137232.5,
                "mean": 138206.8654,
                "maximum": 372731,
                "std": 8668.529201550551
            },
            "memory_bytes": 63248,
            "allocations": 1041,
            "gc_time_ns": 0,
            "samples": 10000
        },
        "term/complex": {
            "time_ns": {
                "minimum": 67590,
                "median": 71921.5,
                "mean": 73751.1771,
                "maximum": 312222,
                "std": 5932.646467365662
            },
            "memory_bytes": 26368,
            "allocations": 434,
            "gc_time_ns": 0,
            "samples": 10000
        },
        "parse/simple": {
            "time_ns": {
                "minimum": 17115,
                "median": 19980,
                "mean": 21281.981,
                "maximum": 143482,
                "std": 3402.2096157741316
            },
            "memory_bytes": 15808,
            "allocations": 224,
            "gc_time_ns": 0,
            "samples": 10000
        },
        "allocations/html_spec": {
            "time_ns": {
                "minimum": 5792795,
                "median": 5821407,
                "mean": 5.9525879e6,
                "maximum": 6659155,
                "std": 268894.13878428895
            },
            "memory_bytes": 2053376,
            "allocations": 29154,
            "gc_time_ns": 0,
            "samples": 10
        },
        "html/simple": {
            "time_ns": {
                "minimum": 17696,
                "median": 18888,
                "mean": 19237.9156,
                "maximum": 148159,
                "std": 2248.494886096457
            },
            "memory_bytes": 5408,
            "allocations": 112,
            "gc_time_ns": 0,
            "samples": 10000
        },
        "markdown/complex": {
            "time_ns": {
                "minimum": 26449,
                "median": 28081,
                "mean": 28503.4945,
                "maximum": 163492,
                "std": 2523.5023992470565
            },
            "memory_bytes": 14112,
            "allocations": 238,
            "gc_time_ns": 0,
            "samples": 10000
        },
        "notebook/spec_md": {
            "time_ns": {
                "minimum": 19603916,
                "median": 2.21894855e7,
                "mean": 2.365012413679245e7,
                "maximum": 271368591,
                "std": 1.7144908950009257e7
            },
            "memory_bytes": 10839128,
            "allocations": 164413,
            "gc_time_ns": 1.1750269905660378e6,
            "samples": 212
        },
        "html/spec_md": {
            "time_ns": {
                "minimum": 5783150,
                "median": 6156092,
                "mean": 6.232472544209216e6,
                "maximum": 6981363,
                "std": 286392.36988317396
            },
            "memory_bytes": 2053376,
            "allocations": 29154,
            "gc_time_ns": 0,
            "samples": 803
        },
        "latex/spec_md": {
            "time_ns": {
                "minimum": 2775663,
                "median": 2.8938535e6,
                "mean": 3.001628225090036e6,
                "maximum": 28864123,
                "std": 655239.3551692828
            },
            "memory_bytes": 780264,
            "allocations": 1992,
            "gc_time_ns": 15352.301920768306,
            "samples": 1666
        },
        "term/spec_md": {
            "time_ns": {
                "minimum": 12964309,
                "median": 13479358,
                "mean": 1.3724663290410958e7,
                "maximum": 14868111,
                "std": 533213.2608493755
            },
            "memory_bytes": 2795152,
            "allocations": 37098,
            "gc_time_ns": 0,
            "samples": 365
        },
        "notebook/simple": {
            "time_ns": {
                "minimum": 44275,
                "median": 48923,
                "mean": 50087.8339,
                "maximum": 240977,
                "std": 4681.814177272507
            },
            "memory_bytes": 28528,
            "allocations": 440,
            "gc_time_ns": 0,
            "samples": 10000
        },
        "typst/spec_md": {
            "time_ns": {
                "minimum": 2777376,
                "median": 3146031,
                "mean": 3.297111044825313e6,
                "maximum": 146776389,
                "std": 4.903170626596315e6
            },
            "memory_bytes": 1771376,
            "allocations": 20453,
            "gc_time_ns": 176724.86222808174,
            "samples": 1517
        },
        "allocations/parse_spec": {
            "time_ns": {
                "minimum": 7472267,
                "median": 8.1183175e6,
                "mean": 8.2930844e6,
                "maximum": 9516881,