{
    "git": {
        "branch": "master",
        "commit": "1cccb31dafe45c4949090478873d53a50ae3df9b",
        "dirty": false
    },
    "julia_version": "1.12.4",
    "arch": "x86_64",
    "timestamp": "2026-01-27T18:29:22Z",
    "benchmarks": {
        "roundtrip/markdown_all_ext": {
            "time_ns": {
                "minimum": 177980,
                "median": 205100,
                "mean": 208527.559,
                "maximum": 519604,
                "std": 24167.63867345389
            },
            "memory_bytes": 110720,
            "allocations": 1680,
            "gc_time_ns": 0,
            "samples": 10000
        },
        "latex/simple": {
            "time_ns": {
                "minimum": 6145.4,
                "median": 6311.8,
                "mean": 6395.101919999999,
                "maximum": 18516.2,
                "std": 441.1416304251085
            },
            "memory_bytes": 1720,
            "allocations": 23,
            "gc_time_ns": 0,
            "samples": 10000
        },
        "roundtrip/parse_all_ext": {
            "time_ns": {
                "minimum": 732129,
                "median": 800185.5,
                "mean": 970147.590377873,
                "maximum": 699136697,
                "std": 9.74609602134152e6
            },
            "memory_bytes": 454000,
            "allocations": 6606,
            "gc_time_ns": 136006.06369302687,
            "samples": 5134
        },
        "markdown/simple": {
            "time_ns": {
                "minimum": 6822.6,
                "median": 7792.5,
                "mean": 7875.2674000000015,
                "maximum": 54090.4,
                "std": 1324.3155717451173
            },
            "memory_bytes": 5040,
            "allocations": 76,
            "gc_time_ns": 0,
            "samples": 10000
        },
        "term/simple": {
            "time_ns": {
                "minimum": 21460,
                "median": 22151,
                "mean": 22508.4901,
                "maximum": 163314,
                "std": 2504.991248371425
            },
            "memory_bytes": 8480,
            "allocations": 130,
            "gc_time_ns": 0,
            "samples": 10000
        },
        "html/complex": {
            "time_ns": {
                "minimum": 42288,
                "median": 43891,
                "mean": 44747.7306,
                "maximum": 207785,
                "std": 3709.9261507782153
            },
            "memory_bytes": 9904,
            "allocations": 197,
            "gc_time_ns": 0,
            "samples": 10000
        },
        "typst/complex": {
            "time_ns": {
                "minimum": 16079,
                "median": 16912,
                "mean": 18232.9491,
                "maximum": 111807,
                "std": 4963.0494184182935
            },
            "memory_bytes": 8928,
            "allocations": 126,
            "gc_time_ns": 0,
            "samples": 10000
        },
        "notebook/complex": {
            "time_ns": {
                "minimum": 135862,
                "median": 149588,
                "mean": 151192.9542,
                "maximum": 365258,
                "std": 9653.35464227267
            },
            "memory_bytes": 63248,
            "allocations": 1041,
            "gc_time_ns": 0,
            "samples": 10000
        },
        "term/complex": {
            "time_ns": {
                "minimum": 66654,
                "median": 71272.5,
                "mean": 73577.4116,
                "maximum": 182379,
                "std": 7035.491603846615
            },
            "memory_bytes": 25984,
            "allocations": 422,
            "gc_time_ns": 0,
            "samples": 10000
        },
        "parse/simple": {
            "time_ns": {
                "minimum": 18114,
                "median": 20407,
                "mean": 21760.1829,
                "maximum": 117558,
                "std": 3338.9593470121326
            },
            "memory_bytes": 15808,
            "allocations": 224,
            "gc_time_ns": 0,
            "samples": 10000
        },
        "allocations/html_spec": {
            "time_ns": {
                "minimum": 6187354,
                "median": 6297939,
                "mean": 6.3553901e6,
                "maximum": 6811764,
                "std": 178320.23193647372
            },
            "memory_bytes": 2053376,
            "allocations": 29154,
            "gc_time_ns": 0,
            "samples": 10
        },
        "html/simple": {
            "time_ns": {
                "minimum": 20217,
                "median": 21159,
                "mean": 21526.4688,
                "maximum": 159906,
                "std": 2308.349139103823
            },
            "memory_bytes": 5408,
            "allocations": 112,
            "gc_time_ns": 0,
            "samples": 10000
        },
        "markdown/complex": {
            "time_ns": {
                "minimum": 27310,
                "median": 28943,
                "mean": 29443.067,
                "maximum": 141823,
                "std": 2654.7725490217995
            },
            "memory_bytes": 14112,
            "allocations": 238,
            "gc_time_ns": 0,
            "samples": 10000
        },
        "notebook/spec_md": {
            "time_ns": {
                "minimum": 20154299,
                "median": 22283755,
                "mean": 2.340544178504673e7,
                "maximum": 199001054,
                "std": 1.2128628087436702e7
            },
            "memory_bytes": 10839128,
            "allocations": 164413,
            "gc_time_ns": 819371.8504672897,
            "samples": 214
        },
        "html/spec_md": {
            "time_ns": {
                "minimum": 5975089,
                "median": 6484051,
                "mean": 6.529197882506527e6,
                "maximum": 10907466,
                "std": 296850.6686618809
            },
            "memory_bytes": 2053376,
            "allocations": 29154,
            "gc_time_ns": 0,
            "samples": 766
        },
        "latex/spec_md": {
            "time_ns": {
                "minimum": 2594034,
                "median": 2845171,
                "mean": 2.7985587344537815e6,
                "maximum": 23746536,
                "std": 512530.1189273087
            },
            "memory_bytes": 780264,
            "allocations": 1992,
            "gc_time_ns": 11558.259943977591,
            "samples": 1785
        },
        "term/spec_md": {
            "time_ns": {
                "minimum": 12619717,
                "median": 13076044,
                "mean": 1.3274736639257295e7,
                "maximum": 15753062,
                "std": 426203.05385748233
            },
            "memory_bytes": 2796992,
            "allocations": 37147,
            "gc_time_ns": 0,
            "samples": 377
        },
        "notebook/simple": {
            "time_ns": {
                "minimum": 51656,
                "median": 56455,
                "mean": 57980.2263,
                "maximum": 214999,
                "std": 5352.370663982529
            },
            "memory_bytes": 28528,
            "allocations": 440,
            "gc_time_ns": 0,
            "samples": 10000
        },
        "typst/spec_md": {
            "time_ns": {
                "minimum": 2644178,
                "median": 2944786,
                "mean": 3.0600137342314757e6,
                "maximum": 106748885,
                "std": 3.536492141869223e6
            },
            "memory_bytes": 1771376,
            "allocations": 20453,
            "gc_time_ns": 122779.92774035517,
            "samples": 1633
        },
        "allocations/parse_spec": {
            "time_ns": {
                "minimum": 7327943,
                "median": 7679170,
                "mean": 7993727,
                "maximum": 8921351,