{
    "git": {
        "branch": "master",
        "commit": "6231042357072a5b3ceb900108fcdb8d4d91d405",
        "dirty": false
    },
    "julia_version": "1.12.4",
    "arch": "x86_64",
    "timestamp": "2026-02-10T09:23:41Z",
    "benchmarks": {
        "roundtrip/markdown_all_ext": {
            "time_ns": {
                "minimum": 186326,
                "median": 209624,
                "mean": 211416.3876,
                "maximum": 457288,
                "std": 18298.986188587583
            },
            "memory_bytes": 110912,
            "allocations": 1683,
            "gc_time_ns": 0,
            "samples": 10000
        },
        "latex/simple": {
            "time_ns": {
                "minimum": 6528,
                "median": 6836.6,
                "mean": 6925.437799999999,
                "maximum": 20179.4,
                "std": 486.69714566485777
            },
            "memory_bytes": 1720,
            "allocations": 23,
            "gc_time_ns": 0,
            "samples": 10000
        },
        "roundtrip/parse_all_ext": {
            "time_ns": {
                "minimum": 722031,
                "median": 820293,
                "mean": 980482.0661547548,
                "maximum": 736848264,
                "std": 1.0327840811840136e7
            },
            "memory_bytes": 465312,
            "allocations": 6769,
            "gc_time_ns": 144820.54754873007,
            "samples": 5079
        },
        "markdown/simple": {
            "time_ns": {
                "minimum": 6961,
                "median": 7986.8,
                "mean": 8069.506259999999,
                "maximum": 54509.2,
                "std": 1270.7496828268156
            },
            "memory_bytes": 5040,
            "allocations": 76,
            "gc_time_ns": 0,
            "samples": 10000
        },
        "term/simple": {
            "time_ns": {
                "minimum": 21410,
                "median": 21990,
                "mean": 22347.7208,
                "maximum": 91320,
                "std": 2226.2173143250006
            },
            "memory_bytes": 8480,
            "allocations": 130,
            "gc_time_ns": 0,
            "samples": 10000
        },
        "html/complex": {
            "time_ns": {
                "minimum": 45335,
                "median": 47097,
                "mean": 47875.1864,
                "maximum": 269420,
                "std": 4000.103253074672
            },
            "memory_bytes": 10192,
            "allocations": 203,
            "gc_time_ns": 0,
            "samples": 10000
        },
        "typst/complex": {
            "time_ns": {
                "minimum": 16751,
                "median": 17593,
                "mean": 17961.0866,
                "maximum": 114664,
                "std": 2131.1334678724907
            },
            "memory_bytes": 9936,
            "allocations": 144,
            "gc_time_ns": 0,
            "samples": 10000
        },
        "notebook/complex": {
            "time_ns": {
                "minimum": 133919,
                "median": 151381,
                "mean": 150639.9451,
                "maximum": 374796,
                "std": 12260.49397913262
            },
            "memory_bytes": 63248,
            "allocations": 1041,
            "gc_time_ns": 0,
            "samples": 10000
        },
        "term/complex": {
            "time_ns": {
                "minimum": 67746,
                "median": 71101.5,
                "mean": 72763.0207,
                "maximum": 185965,
                "std": 5167.278116221783
            },
            "memory_bytes": 26368,
            "allocations": 434,
            "gc_time_ns": 0,
            "samples": 10000
        },
        "parse/simple": {
            "time_ns": {
                "minimum": 18795,
                "median": 21770,
                "mean": 22929.6641,
                "maximum": 142665,
                "std": 3407.703893130023
            },
            "memory_bytes": 15808,
            "allocations": 224,
            "gc_time_ns": 0,
            "samples": 10000
        },
        "allocations/html_spec": {
            "time_ns": {
                "minimum": 5887519,
                "median": 6011158,
                "mean": 6.0337205e6,
                "maximum": 6497021,
                "std": 178638.13384496354
            },
            "memory_bytes": 2053376,
            "allocations": 29154,
            "gc_time_ns": 0,
            "samples": 10
        },
        "html/simple": {
            "time_ns": {
                "minimum": 19887,
                "median": 20889,
                "mean": 21228.9144,
                "maximum": 124631,
                "std": 2122.8014603529573
            },
            "memory_bytes": 5408,
            "allocations": 112,
            "gc_time_ns": 0,
            "samples": 10000
        },
        "markdown/complex": {
            "time_ns": {
                "minimum": 27671,
                "median": 29414,
                "mean": 29908.5245,
                "maximum": 134940,
                "std": 2616.294774492059
            },
            "memory_bytes": 14112,
            "allocations": 238,
            "gc_time_ns": 0,
            "samples": 10000
        },
        "notebook/spec_md": {
            "time_ns": {
                "minimum": 20729897,
                "median": 22804869,
                "mean": 2.3939488468899522e7,
                "maximum": 203426881,
                "std": 1.2568804077372618e7
            },
            "memory_bytes": 10839128,
            "allocations": 164413,
            "gc_time_ns": 866498.976076555,
            "samples": 209
        },
        "html/spec_md": {
            "time_ns": {
                "minimum": 5897437,
                "median": 6326144,
                "mean": 6.349680027918782e6,
                "maximum": 11805414,
                "std": 338531.41982141655
            },
            "memory_bytes": 2053376,
            "allocations": 29154,
            "gc_time_ns": 0,
            "samples": 788
        },
        "latex/spec_md": {
            "time_ns": {
                "minimum": 2714726,
                "median": 2960474,
                "mean": 2.9200004997077733e6,
                "maximum": 27353388,
                "std": 602960.9139759
            },
            "memory_bytes": 780264,
            "allocations": 1992,
            "gc_time_ns": 14161.761542957334,
            "samples": 1711
        },
        "term/spec_md": {
            "time_ns": {
                "minimum": 12570920,
                "median": 13072642,
                "mean": 1.3214983654353563e7,
                "maximum": 14523063,
                "std": 455922.3082927492
            },
            "memory_bytes": 2795152,
            "allocations": 37098,
            "gc_time_ns": 0,
            "samples": 379
        },
        "notebook/simple": {
            "time_ns": {
                "minimum": 50103,
                "median": 53519.5,
                "mean": 55043.8086,
                "maximum": 210381,
                "std": 5070.819880965263
            },
            "memory_bytes": 28528,
            "allocations": 440,
            "gc_time_ns": 0,
            "samples": 10000
        },
        "typst/spec_md": {
            "time_ns": {
                "minimum": 2636655,
                "median": 2935320,
                "mean": 3.0556897565749236e6,
                "maximum": 106663854,
                "std": 3.591988114140746e6
            },
            "memory_bytes": 1771376,
            "allocations": 20453,
            "gc_time_ns": 124823.44587155963,
            "samples": 1635
        },
        "allocations/parse_spec": {
            "time_ns": {
                "minimum": 7340907,
                "median": 8002410,
                "mean": 8.0041995e6,
                "maximum": 8883561,