{
  "arch": "x86_64",
  "benchmarks": {
    "allocations/html_spec": {
      "time_ns": {
        "minimum": 6.316724e6,
        "median": 6.4781045e6,
        "mean": 6.5702208e6,
        "maximum": 7.192995e6,
        "std": 292760.5001638332
      },
      "memory_bytes": 2321952,
      "allocations": 38746,
      "gc_time_ns": 0.0,
      "samples": 10
    },
    "allocations/parse_spec": {
      "time_ns": {
        "minimum": 7.441426e6,
        "median": 7.9232785e6,
        "mean": 8.2355067e6,
        "maximum": 9.264725e6,
        "std": 798304.5329602606
      },
      "memory_bytes": 5960640,
      "allocations": 88702,
      "gc_time_ns": 0.0,
      "samples": 10
    },
    "html/complex": {
      "time_ns": {
        "minimum": 47559.0,
        "median": 49683.0,
        "mean": 50909.4349,
        "maximum": 255836.0,
        "std": 4929.565420753206
      },
      "memory_bytes": 12320,
      "allocations": 279,
      "gc_time_ns": 0.0,
      "samples": 10000
    },
    "html/simple": {
      "time_ns": {
        "minimum": 21229.0,
        "median": 22301.0,
        "mean": 22826.8315,
        "maximum": 131224.0,
        "std": 2820.763310005442
      },
      "memory_bytes": 6640,
      "allocations": 156,
      "gc_time_ns": 0.0,
      "samples": 10000
    },
    "html/spec_md": {
      "time_ns": {
        "minimum": 6.229711e6,
        "median": 6.6670965e6,
        "mean": 6.744934394878706e6,
        "maximum": 7.784372e6,
        "std": 287123.4305773221
      },
      "memory_bytes": 2321952,
      "allocations": 38746,
      "gc_time_ns": 0.0,
      "samples": 742
    },
    "latex/complex": {
      "time_ns": {
        "minimum": 14507.0,
        "median": 14958.0,
        "mean": 15280.771,
        "maximum": 98944.0,
        "std": 2009.5326478326424
      },
      "memory_bytes": 4184,
      "allocations": 49,
      "gc_time_ns": 0.0,
      "samples": 10000
    },
    "latex/simple": {
      "time_ns": {
        "minimum": 6502.2,
        "median": 6706.4,
        "mean": 6819.467559999999,
        "maximum": 22884.6,
        "std": 603.0259991536119
      },
      "memory_bytes": 1880,
      "allocations": 26,
      "gc_time_ns": 0.0,
      "samples": 10000
    },
    "latex/spec_md": {
      "time_ns": {
        "minimum": 2.616428e6,
        "median": 2.7157625e6,
        "mean": 2.802403668161435e6,
        "maximum": 2.6138754e7,
        "std": 570901.9084472773
      },
      "memory_bytes": 802184,
      "allocations": 2379,
      "gc_time_ns": 12670.14966367713,
      "samples": 1784
    },
    "markdown/complex": {
      "time_ns": {
        "minimum": 27712.0,
        "median": 29475.0,
        "mean": 31756.974,
        "maximum": 265715.0,
        "std": 12101.722126192039
      },
      "memory_bytes": 14112,
      "allocations": 238,
      "gc_time_ns": 0.0,
      "samples": 10000
    },
    "markdown/simple": {
      "time_ns": {
        "minimum": 6708.6,
        "median": 7373.8,
        "mean": 7774.124140000001,
        "maximum": 51483.8,
        "std": 1268.544586802581
      },
      "memory_bytes": 5040,
      "allocations": 76,
      "gc_time_ns": 0.0,
      "samples": 10000
    },
    "markdown/spec_md": {
      "time_ns": {
        "minimum": 1.496635e6,
        "median": 1.713138e6,
        "mean": 1.9504149867342957e6,
        "maximum": 2.66672838e8,
        "std": 6.276368914891147e6
      },
      "memory_bytes": 1768384,
      "allocations": 20307,
      "gc_time_ns": 171439.94030433087,
      "samples": 2563
    },
    "notebook/complex": {
      "time_ns": {
        "minimum": 139009.0,
        "median": 152915.0,
        "mean": 155809.8474,
        "maximum": 391658.0,
        "std": 13768.466294541438
      },
      "memory_bytes": 63248,
      "allocations": 1041,
      "gc_time_ns": 0.0,
      "samples": 10000
    },
    "notebook/simple": {
      "time_ns": {
        "minimum": 51756.0,
        "median": 56615.0,
        "mean": 58512.0831,
        "maximum": 330274.0,
        "std": 6876.276244617694
      },
      "memory_bytes": 28528,
      "allocations": 440,
      "gc_time_ns": 0.0,
      "samples": 10000
    },
    "notebook/spec_md": {
      "time_ns": {
        "minimum": 2.1022043e7,
        "median": 2.3338963e7,
        "mean": 2.4508867524509802e7,
        "maximum": 2.47378758e8,
        "std": 1.5729754225315042e7
      },
      "memory_bytes": 10839128,
      "allocations": 164413,
      "gc_time_ns": 1.093641044117647e6,
      "samples": 204
    },
    "parse/complex": {
      "time_ns": {
        "minimum": 47929.0,
        "median": 61695.0,
        "mean": 62129.1731,
        "maximum": 308844.0,
        "std": 11429.554911215188
      },
      "memory_bytes": 36736,
      "allocations": 535,
      "gc_time_ns": 0.0,
      "samples": 10000
    },
    "parse/simple": {
      "time_ns": {
        "minimum": 17603.0,
        "median": 19787.0,
        "mean": 21137.8906,
        "maximum": 115003.0,
        "std": 3598.62698667847
      },
      "memory_bytes": 15808,
      "allocations": 224,
      "gc_time_ns": 0.0,
      "samples": 10000
    },
    "parse/spec_cases_all": {
      "time_ns": {
        "minimum": 2.979463e6,
        "median": 3.824355e6,
        "mean": 4.221228060759494e6,
        "maximum": 5.18687288e8,
        "std": 1.496051408800938e7
      },
      "memory_bytes": 2530976,
      "allocations": 35622,
      "gc_time_ns": 434170.83797468356,
      "samples": 1185
    },
    "parse/spec_md": {
      "time_ns": {
        "minimum": 6.932247e6,
        "median": 8.071085e6,
        "mean": 8.803142e6,
        "maximum": 4.64894966e8,
        "std": 1.9183913435389698e7
      },
      "memory_bytes": 5960640,
      "allocations": 88702,
      "gc_time_ns": 805355.8644366197,
      "samples": 568
    },
    "roundtrip/full": {
      "time_ns": {
        "minimum": 1.071865e6,
        "median": 1.212286e6,
        "mean": 1.3460235593859414e6,
        "maximum": 4.49500091e8,
        "std": 7.357044749983309e6
      },
      "memory_bytes": 576224,
      "allocations": 8452,
      "gc_time_ns": 120526.73552383517,
      "samples": 3713
    },
    "roundtrip/markdown_all_ext": {
      "time_ns": {
        "minimum": 183371.0,
        "median": 211313.0,
        "mean": 215083.4193,
        "maximum": 491535.0,
        "std": 22021.67929093889
      },
      "memory_bytes": 110912,
      "allocations": 1683,
      "gc_time_ns": 0.0,
      "samples": 10000
    },
    "roundtrip/parse_all_ext": {
      "time_ns": {
        "minimum": 742472.0,
        "median": 845082.0,
        "mean": 1.0088309194427619e6,
        "maximum": 7.49224074e8,
        "std": 1.0633890904457118e7
      },
      "memory_bytes": 465312,
      "allocations": 6769,
      "gc_time_ns": 151038.28366646476,
      "samples": 4953
    },
    "term/complex": {
      "time_ns": {
        "minimum": 68137.0,
        "median": 71573.0,
        "mean": 73551.2508,
        "maximum": 257308.0,
        "std": 6279.820384127642
      },
      "memory_bytes": 26368,
      "allocations": 434,
      "gc_time_ns": 0.0,
      "samples": 10000
    },
    "term/simple": {
      "time_ns": {
        "minimum": 21500.0,
        "median": 22192.0,
        "mean": 22634.5107,
        "maximum": 267929.0,
        "std": 3468.5857940415103
      },
      "memory_bytes": 8480,
      "allocations": 130,
      "gc_time_ns": 0.0,
      "samples": 10000
    },
    "term/spec_md": {
      "time_ns": {
        "minimum": 1.2828714e7,
        "median": 1.362766e7,
        "mean": 1.3648892297002725e7,
        "maximum": 1.6211549e7,
        "std": 479692.62776509504
      },
      "memory_bytes": 2795152,
      "allocations": 37098,
      "gc_time_ns": 0.0,
      "samples": 367
    },
    "typst/complex": {
      "time_ns": {
        "minimum": 16941.0,
        "median": 17673.0,
        "mean": 18132.1995,
        "maximum": 130934.0,
        "std": 2680.859780297342
      },
      "memory_bytes": 9936,