{
    "git": {
        "branch": "master",
        "commit": "254d6bc4fa13865f27015d31a549c482a92f8283",
        "dirty": false
    },
    "julia_version": "1.12.4",
    "arch": "x86_64",
    "timestamp": "2026-02-06T09:36:02Z",
    "benchmarks": {
        "roundtrip/markdown_all_ext": {
            "time_ns": {
                "minimum": 177330,
                "median": 206184,
                "mean": 209089.1226,
                "maximum": 923302,
                "std": 23876.77585926359
            },
            "memory_bytes": 110720,
            "allocations": 1680,
            "gc_time_ns": 0,
            "samples": 10000
        },
        "latex/simple": {
            "time_ns": {
                "minimum": 6486,
                "median": 6676.4,
                "mean": 6765.1010400000005,
                "maximum": 32660.8,
                "std": 535.826868958872
            },
            "memory_bytes": 1720,
            "allocations": 23,
            "gc_time_ns": 0,
            "samples": 10000
        },
        "roundtrip/parse_all_ext": {
            "time_ns": {
                "minimum": 723740,
                "median": 804540,
                "mean": 965802.2594531705,
                "maximum": 705155880,
                "std": 9.808243147349466e6
            },
            "memory_bytes": 454000,
            "allocations": 6606,
            "gc_time_ns": 136546.53713399262,
            "samples": 5157
        },
        "markdown/simple": {
            "time_ns": {
                "minimum": 6648.4,
                "median": 7109.2,
                "mean": 7291.377120000002,
                "maximum": 51237.4,
                "std": 1782.3310004104196
            },
            "memory_bytes": 5040,
            "allocations": 76,
            "gc_time_ns": 0,
            "samples": 10000
        },
        "term/simple": {
            "time_ns": {
                "minimum": 21279,
                "median": 22011,
                "mean": 22333.8526,
                "maximum": 91611,
                "std": 1852.2739689254493
            },
            "memory_bytes": 8480,
            "allocations": 130,
            "gc_time_ns": 0,
            "samples": 10000
        },
        "html/complex": {
            "time_ns": {
                "minimum": 41507,
                "median": 43532,
                "mean": 44399.0783,
                "maximum": 207156,
                "std": 3760.640536596613
            },
            "memory_bytes": 9904,
            "allocations": 197,
            "gc_time_ns": 0,
            "samples": 10000
        },
        "typst/complex": {
            "time_ns": {
                "minimum": 15890,
                "median": 16771,
                "mean": 17116.1308,
                "maximum": 104866,
                "std": 2039.9808089443995
            },
            "memory_bytes": 8928,
            "allocations": 126,
            "gc_time_ns": 0,
            "samples": 10000
        },
        "notebook/complex": {
            "time_ns": {
                "minimum": 138568,
                "median": 152494,
                "mean": 154405.8219,
                "maximum": 350884,
                "std": 10805.199322058772
            },
            "memory_bytes": 63248,
            "allocations": 1041,
            "gc_time_ns": 0,
            "samples": 10000
        },
        "term/complex": {
            "time_ns": {
                "minimum": 66794,
                "median": 71764,
                "mean": 74182.4206,
                "maximum": 390287,
                "std": 9804.92323783647
            },
            "memory_bytes": 25984,
            "allocations": 422,
            "gc_time_ns": 0,
            "samples": 10000
        },
        "parse/simple": {
            "time_ns": {
                "minimum": 18314,
                "median": 20758,
                "mean": 22003.3451,
                "maximum": 116737,
                "std": 3445.6794902197335
            },
            "memory_bytes": 15808,
            "allocations": 224,
            "gc_time_ns": 0,
            "samples": 10000
        },
        "allocations/html_spec": {
            "time_ns": {
                "minimum": 5926293,
                "median": 6043997,
                "mean": 6.1305736e6,
                "maximum": 6668586,
                "std": 235566.93716563875
            },
            "memory_bytes": 2053376,
            "allocations": 29154,
            "gc_time_ns": 0,
            "samples": 10
        },
        "html/simple": {
            "time_ns": {
                "minimum": 20007,
                "median": 21029,
                "mean": 21415.5721,
                "maximum": 122308,
                "std": 2149.0544286954064
            },
            "memory_bytes": 5408,
            "allocations": 112,
            "gc_time_ns": 0,
            "samples": 10000
        },
        "markdown/complex": {
            "time_ns": {
                "minimum": 27491,
                "median": 29284,
                "mean": 29850.2973,
                "maximum": 133388,
                "std": 2771.0087625030883
            },
            "memory_bytes": 14112,
            "allocations": 238,
            "gc_time_ns": 0,
            "samples": 10000
        },
        "notebook/spec_md": {
            "time_ns": {
                "minimum": 20353011,
                "median": 22777040,
                "mean": 2.37158026492891e7,
                "maximum": 196155617,
                "std": 1.2074305068443064e7
            },
            "memory_bytes": 10839128,
            "allocations": 164413,
            "gc_time_ns": 822444.8293838863,
            "samples": 211
        },
        "html/spec_md": {
            "time_ns": {
                "minimum": 5932101,
                "median": 6368045,
                "mean": 6.425703547557841e6,
                "maximum": 8983511,
                "std": 281274.53563112125
            },
            "memory_bytes": 2053376,
            "allocations": 29154,
            "gc_time_ns": 0,
            "samples": 778
        },
        "latex/spec_md": {
            "time_ns": {
                "minimum": 2679667,
                "median": 2931466,
                "mean": 2.878148949308756e6,
                "maximum": 23912267,
                "std": 518513.9209482445
            },
            "memory_bytes": 780264,
            "allocations": 1992,
            "gc_time_ns": 11973.794930875576,
            "samples": 1736
        },
        "term/spec_md": {
            "time_ns": {
                "minimum": 12508865,
                "median": 12912377,
                "mean": 1.3222492709762532e7,
                "maximum": 24974651,
                "std": 938667.4128905484
            },
            "memory_bytes": 2796992,
            "allocations": 37147,
            "gc_time_ns": 0,
            "samples": 379
        },
        "notebook/simple": {
            "time_ns": {
                "minimum": 51827,
                "median": 56625,
                "mean": 58165.1591,
                "maximum": 209571,
                "std": 5256.183279572168
            },
            "memory_bytes": 28528,
            "allocations": 440,
            "gc_time_ns": 0,
            "samples": 10000
        },
        "typst/spec_md": {
            "time_ns": {
                "minimum": 2628181,
                "median": 2933650,
                "mean": 3.040108009129641e6,
                "maximum": 107096543,
                "std": 3.466940480082193e6
            },
            "memory_bytes": 1771376,
            "allocations": 20453,
            "gc_time_ns": 119998.08764455265,
            "samples": 1643
        },
        "allocations/parse_spec": {
            "time_ns": {
                "minimum": 7400663,
                "median": 7979763,
                "mean": 8.0706564e6,
                "maximum": 9024431,