{
    "git": {
        "branch": "master",
        "commit": "7d02cb64a5e69c1e424aa0915aa3fc0bc170fcdd",
        "dirty": false
    },
    "julia_version": "1.12.5",
    "arch": "x86_64",
    "timestamp": "2026-02-11T13:50:45Z",
    "benchmarks": {
        "roundtrip/markdown_all_ext": {
            "time_ns": {
                "minimum": 184114,
                "median": 211039.5,
                "mean": 213611.8949,
                "maximum": 515583,
                "std": 25287.695700554417
            },
            "memory_bytes": 110912,
            "allocations": 1683,
            "gc_time_ns": 0,
            "samples": 10000
        },
        "latex/simple": {
            "time_ns": {
                "minimum": 6391.8,
                "median": 6652.4,
                "mean": 6765.884760000001,
                "maximum": 38131.2,
                "std": 650.1641367502625
            },
            "memory_bytes": 1720,
            "allocations": 23,
            "gc_time_ns": 0,
            "samples": 10000
        },
        "roundtrip/parse_all_ext": {
            "time_ns": {
                "minimum": 723581,
                "median": 820933,
                "mean": 980306.517621579,
                "maximum": 700711384,
                "std": 9.820780434678646e6
            },
            "memory_bytes": 465312,
            "allocations": 6769,
            "gc_time_ns": 137738.8923016342,
            "samples": 5079
        },
        "markdown/simple": {
            "time_ns": {
                "minimum": 6870.8,
                "median": 7854.700000000001,
                "mean": 7955.301919999999,
                "maximum": 53456,
                "std": 1219.0543815313683
            },
            "memory_bytes": 5040,
            "allocations": 76,
            "gc_time_ns": 0,
            "samples": 10000
        },
        "term/simple": {
            "time_ns": {
                "minimum": 21470,
                "median": 22151,
                "mean": 22488.6781,
                "maximum": 185747,
                "std": 2591.6070090523617
            },
            "memory_bytes": 8480,
            "allocations": 130,
            "gc_time_ns": 0,
            "samples": 10000
        },
        "html/complex": {
            "time_ns": {
                "minimum": 46156,
                "median": 48600,
                "mean": 49357.4255,
                "maximum": 183332,
                "std": 3352.061344482745
            },
            "memory_bytes": 10192,
            "allocations": 203,
            "gc_time_ns": 0,
            "samples": 10000
        },
        "typst/complex": {
            "time_ns": {
                "minimum": 17162,
                "median": 18074,
                "mean": 18415.9999,
                "maximum": 207878,
                "std": 2796.7608489151507
            },
            "memory_bytes": 9936,
            "allocations": 144,
            "gc_time_ns": 0,
            "samples": 10000
        },
        "notebook/complex": {
            "time_ns": {
                "minimum": 135363,
                "median": 155500,
                "mean": 155060.6501,
                "maximum": 434542,
                "std": 15790.465841165615
            },
            "memory_bytes": 63248,
            "allocations": 1041,
            "gc_time_ns": 0,
            "samples": 10000
        },
        "term/complex": {
            "time_ns": {
                "minimum": 67938,
                "median": 71153,
                "mean": 72956.8218,
                "maximum": 301102,
                "std": 5598.854358353802
            },
            "memory_bytes": 26368,
            "allocations": 434,
            "gc_time_ns": 0,
            "samples": 10000
        },
        "parse/simple": {
            "time_ns": {
                "minimum": 18544,
                "median": 21074.5,
                "mean": 22331.1815,
                "maximum": 143358,
                "std": 3458.663601038451
            },
            "memory_bytes": 15808,
            "allocations": 224,
            "gc_time_ns": 0,
            "samples": 10000
        },
        "allocations/html_spec": {
            "time_ns": {
                "minimum": 6321498,
                "median": 6407609,
                "mean": 6456991,
                "maximum": 6739248,
                "std": 137714.28472021339
            },
            "memory_bytes": 2053376,
            "allocations": 29154,
            "gc_time_ns": 0,
            "samples": 10
        },
        "html/simple": {
            "time_ns": {
                "minimum": 20518,
                "median": 21791,
                "mean": 22163.2232,
                "maximum": 121197,
                "std": 2240.6621174675633
            },
            "memory_bytes": 5408,
            "allocations": 112,
            "gc_time_ns": 0,
            "samples": 10000
        },
        "markdown/complex": {
            "time_ns": {
                "minimum": 28373,
                "median": 29976,
                "mean": 30496.9693,
                "maximum": 188854,
                "std": 3090.558599412597
            },
            "memory_bytes": 14112,
            "allocations": 238,
            "gc_time_ns": 0,
            "samples": 10000
        },
        "notebook/spec_md": {
            "time_ns": {
                "minimum": 20526458,
                "median": 22880766,
                "mean": 2.3702052990521327e7,
                "maximum": 194594278,
                "std": 1.1887137145223739e7
            },
            "memory_bytes": 10839128,
            "allocations": 164413,
            "gc_time_ns": 807288.4928909952,
            "samples": 211
        },
        "html/spec_md": {
            "time_ns": {
                "minimum": 6079720,
                "median": 6.5516775e6,
                "mean": 6.558282631233596e6,
                "maximum": 8454920,
                "std": 254095.49782042362
            },
            "memory_bytes": 2053376,
            "allocations": 29154,
            "gc_time_ns": 0,
            "samples": 762
        },
        "latex/spec_md": {
            "time_ns": {
                "minimum": 2626647,
                "median": 2.8700265e6,
                "mean": 2.8326457023809524e6,
                "maximum": 25871514,
                "std": 564097.2003969442
            },
            "memory_bytes": 780264,
            "allocations": 1992,
            "gc_time_ns": 12830.227891156463,
            "samples": 1764
        },
        "term/spec_md": {
            "time_ns": {
                "minimum": 12628686,
                "median": 1.34830315e7,
                "mean": 1.3512322897297297e7,
                "maximum": 14497980,
                "std": 508974.24199933436
            },
            "memory_bytes": 2795152,
            "allocations": 37098,
            "gc_time_ns": 0,
            "samples": 370
        },
        "notebook/simple": {
            "time_ns": {
                "minimum": 50103,
                "median": 53580,
                "mean": 55033.9238,
                "maximum": 240629,
                "std": 5164.2614995831855
            },
            "memory_bytes": 28528,
            "allocations": 440,
            "gc_time_ns": 0,
            "samples": 10000
        },
        "typst/spec_md": {
            "time_ns": {
                "minimum": 2669286,
                "median": 2952064,
                "mean": 3.0893247779839206e6,
                "maximum": 104643579,
                "std": 3.5114729064728483e6
            },
            "memory_bytes": 1771376,
            "allocations": 20453,
            "gc_time_ns": 122723.24118738405,
            "samples": 1617
        },
        "allocations/parse_spec": {
            "time_ns": {
                "minimum": 7696637,
                "median": 8.3127075e6,
                "mean": 8.3241912e6,
                "maximum": 9174678,