{
    "git": {
        "branch": "master",
        "commit": "7d6bd91a97dc8a4bed9f7ca984afd80e3d5e7611",
        "dirty": false
    },
    "julia_version": "1.12.5",
    "arch": "x86_64",
    "timestamp": "2026-02-11T13:05:03Z",
    "benchmarks": {
        "roundtrip/markdown_all_ext": {
            "time_ns": {
                "minimum": 183174,
                "median": 209454,
                "mean": 212264.0939,
                "maximum": 445748,
                "std": 21120.032868713068
            },
            "memory_bytes": 110912,
            "allocations": 1683,
            "gc_time_ns": 0,
            "samples": 10000
        },
        "latex/simple": {
            "time_ns": {
                "minimum": 6313.8,
                "median": 6614.4,
                "mean": 6701.887860000001,
                "maximum": 18859.4,
                "std": 469.23535450178076
            },
            "memory_bytes": 1720,
            "allocations": 23,
            "gc_time_ns": 0,
            "samples": 10000
        },
        "roundtrip/parse_all_ext": {
            "time_ns": {
                "minimum": 727677,
                "median": 807747,
                "mean": 987822.7213407378,
                "maximum": 734898412,
                "std": 1.0338140663172804e7
            },
            "memory_bytes": 465312,
            "allocations": 6769,
            "gc_time_ns": 145528.58667195556,
            "samples": 5042
        },
        "markdown/simple": {
            "time_ns": {
                "minimum": 6802.8,
                "median": 7193.6,
                "mean": 7382.452659999999,
                "maximum": 48974,
                "std": 1794.8812874422993
            },
            "memory_bytes": 5040,
            "allocations": 76,
            "gc_time_ns": 0,
            "samples": 10000
        },
        "term/simple": {
            "time_ns": {
                "minimum": 21290,
                "median": 21961,
                "mean": 22268.1313,
                "maximum": 91302,
                "std": 1886.7966214749779
            },
            "memory_bytes": 8480,
            "allocations": 130,
            "gc_time_ns": 0,
            "samples": 10000
        },
        "html/complex": {
            "time_ns": {
                "minimum": 46297,
                "median": 48021,
                "mean": 48831.7247,
                "maximum": 171853,
                "std": 3452.4729032716086
            },
            "memory_bytes": 10192,
            "allocations": 203,
            "gc_time_ns": 0,
            "samples": 10000
        },
        "typst/complex": {
            "time_ns": {
                "minimum": 17253,
                "median": 18144,
                "mean": 18480.1105,
                "maximum": 117821,
                "std": 2025.5975426106272
            },
            "memory_bytes": 9936,
            "allocations": 144,
            "gc_time_ns": 0,
            "samples": 10000
        },
        "notebook/complex": {
            "time_ns": {
                "minimum": 136076,
                "median": 154521,
                "mean": 153995.0608,
                "maximum": 389662,
                "std": 13092.943135830812
            },
            "memory_bytes": 63248,
            "allocations": 1041,
            "gc_time_ns": 0,
            "samples": 10000
        },
        "term/complex": {
            "time_ns": {
                "minimum": 67697,
                "median": 70732,
                "mean": 72350.4428,
                "maximum": 227547,
                "std": 5264.930213568223
            },
            "memory_bytes": 26368,
            "allocations": 434,
            "gc_time_ns": 0,
            "samples": 10000
        },
        "parse/simple": {
            "time_ns": {
                "minimum": 17934,
                "median": 20308,
                "mean": 21536.4707,
                "maximum": 144150,
                "std": 3378.7859842278012
            },
            "memory_bytes": 15808,
            "allocations": 224,
            "gc_time_ns": 0,
            "samples": 10000
        },
        "allocations/html_spec": {
            "time_ns": {
                "minimum": 6009774,
                "median": 6.1285175e6,
                "mean": 6.1470096e6,
                "maximum": 6598359,
                "std": 169756.31482687176
            },
            "memory_bytes": 2053376,
            "allocations": 29154,
            "gc_time_ns": 0,
            "samples": 10
        },
        "html/simple": {
            "time_ns": {
                "minimum": 20087,
                "median": 21160,
                "mean": 21540.8874,
                "maximum": 130696,
                "std": 2313.773569849585
            },
            "memory_bytes": 5408,
            "allocations": 112,
            "gc_time_ns": 0,
            "samples": 10000
        },
        "markdown/complex": {
            "time_ns": {
                "minimum": 28083,
                "median": 29666,
                "mean": 30241.6571,
                "maximum": 140053,
                "std": 2839.3544659830586
            },
            "memory_bytes": 14112,
            "allocations": 238,
            "gc_time_ns": 0,
            "samples": 10000
        },
        "notebook/spec_md": {
            "time_ns": {
                "minimum": 19569816,
                "median": 22056569,
                "mean": 2.2806260177272726e7,
                "maximum": 194648257,
                "std": 1.1709204350010943e7
            },
            "memory_bytes": 10839128,
            "allocations": 164413,
            "gc_time_ns": 778616.6136363636,
            "samples": 220
        },
        "html/spec_md": {
            "time_ns": {
                "minimum": 6008179,
                "median": 6467527,
                "mean": 6.480801838082901e6,
                "maximum": 10361488,
                "std": 284716.957020581
            },
            "memory_bytes": 2053376,
            "allocations": 29154,
            "gc_time_ns": 0,
            "samples": 772
        },
        "latex/spec_md": {
            "time_ns": {
                "minimum": 2620994,
                "median": 2874191,
                "mean": 2.8145852332394365e6,
                "maximum": 26832241,
                "std": 584056.3232731038
            },
            "memory_bytes": 780264,
            "allocations": 1992,
            "gc_time_ns": 13218.850704225351,
            "samples": 1775
        },
        "term/spec_md": {
            "time_ns": {
                "minimum": 12559195,
                "median": 13141049,
                "mean": 1.3256031611111112e7,
                "maximum": 14929109,
                "std": 498607.774304695
            },
            "memory_bytes": 2795152,
            "allocations": 37098,
            "gc_time_ns": 0,
            "samples": 378
        },
        "notebook/simple": {
            "time_ns": {
                "minimum": 50715,
                "median": 54262,
                "mean": 55735.0808,
                "maximum": 297409,
                "std": 5464.675785901289
            },
            "memory_bytes": 28528,
            "allocations": 440,
            "gc_time_ns": 0,
            "samples": 10000
        },
        "typst/spec_md": {
            "time_ns": {
                "minimum": 2619493,
                "median": 2903888,
                "mean": 3.0408756335970787e6,
                "maximum": 105180143,
                "std": 3.558819168434866e6
            },
            "memory_bytes": 1771376,
            "allocations": 20453,
            "gc_time_ns": 123324.06634205721,
            "samples": 1643
        },
        "allocations/parse_spec": {
            "time_ns": {
                "minimum": 7302100,
                "median": 7752866,
                "mean": 7.9241446e6,
                "maximum": 8804459,