{
    "git": {
        "branch": "master",
        "commit": "6fbd75895aa5b3d16731ac4ef04ca9994a7fee0c",
        "dirty": false
    },
    "julia_version": "1.12.4",
    "arch": "x86_64",
    "timestamp": "2026-01-27T14:25:47Z",
    "benchmarks": {
        "roundtrip/markdown_all_ext": {
            "time_ns": {
                "minimum": 178964,
                "median": 206700.5,
                "mean": 208320.9716,
                "maximum": 568018,
                "std": 23369.80096878289
            },
            "memory_bytes": 110720,
            "allocations": 1680,
            "gc_time_ns": 0,
            "samples": 10000
        },
        "latex/simple": {
            "time_ns": {
                "minimum": 6165.6,
                "median": 6339.8,
                "mean": 6438.513939999998,
                "maximum": 36510,
                "std": 577.7537738829578
            },
            "memory_bytes": 1720,
            "allocations": 23,
            "gc_time_ns": 0,
            "samples": 10000
        },
        "roundtrip/parse_all_ext": {
            "time_ns": {
                "minimum": 721484,
                "median": 812569.5,
                "mean": 977694.9536709855,
                "maximum": 718357695,
                "std": 1.0053594592457468e7
            },
            "memory_bytes": 454000,
            "allocations": 6606,
            "gc_time_ns": 140797.63250883392,
            "samples": 5094
        },
        "markdown/simple": {
            "time_ns": {
                "minimum": 6828.6,
                "median": 7215.4,
                "mean": 7411.7106600000025,
                "maximum": 47809,
                "std": 1822.1369471057233
            },
            "memory_bytes": 5040,
            "allocations": 76,
            "gc_time_ns": 0,
            "samples": 10000
        },
        "term/simple": {
            "time_ns": {
                "minimum": 21249,
                "median": 21941,
                "mean": 22248.549,
                "maximum": 124523,
                "std": 1957.33619041166
            },
            "memory_bytes": 8480,
            "allocations": 130,
            "gc_time_ns": 0,
            "samples": 10000
        },
        "html/complex": {
            "time_ns": {
                "minimum": 41388,
                "median": 43020,
                "mean": 43806.6339,
                "maximum": 202588,
                "std": 3461.4980044070862
            },
            "memory_bytes": 9904,
            "allocations": 197,
            "gc_time_ns": 0,
            "samples": 10000
        },
        "typst/complex": {
            "time_ns": {
                "minimum": 15990,
                "median": 16841,
                "mean": 17165.0916,
                "maximum": 106709,
                "std": 1938.7242874621754
            },
            "memory_bytes": 8928,
            "allocations": 126,
            "gc_time_ns": 0,
            "samples": 10000
        },
        "notebook/complex": {
            "time_ns": {
                "minimum": 134110,
                "median": 149679,
                "mean": 151429.9588,
                "maximum": 353749,
                "std": 9649.314879392563
            },
            "memory_bytes": 63248,
            "allocations": 1041,
            "gc_time_ns": 0,
            "samples": 10000
        },
        "term/complex": {
            "time_ns": {
                "minimum": 66574,
                "median": 70942,
                "mean": 73398.4937,
                "maximum": 191467,
                "std": 6472.40404571388
            },
            "memory_bytes": 25984,
            "allocations": 422,
            "gc_time_ns": 0,
            "samples": 10000
        },
        "parse/simple": {
            "time_ns": {
                "minimum": 18264,
                "median": 20848,
                "mean": 22126.7871,
                "maximum": 138699,
                "std": 3375.407104496537
            },
            "memory_bytes": 15808,
            "allocations": 224,
            "gc_time_ns": 0,
            "samples": 10000
        },
        "allocations/html_spec": {
            "time_ns": {
                "minimum": 5871223,
                "median": 5.9849445e6,
                "mean": 6.0133316e6,
                "maximum": 6465190,
                "std": 167731.73996937953
            },
            "memory_bytes": 2053376,
            "allocations": 29154,
            "gc_time_ns": 0,
            "samples": 10
        },
        "html/simple": {
            "time_ns": {
                "minimum": 19637,
                "median": 20708,
                "mean": 21103.0609,
                "maximum": 128629,
                "std": 2298.636981384492
            },
            "memory_bytes": 5408,
            "allocations": 112,
            "gc_time_ns": 0,
            "samples": 10000
        },
        "markdown/complex": {
            "time_ns": {
                "minimum": 27602,
                "median": 29204,
                "mean": 29714.1988,
                "maximum": 138187,
                "std": 2693.4861923287053
            },
            "memory_bytes": 14112,
            "allocations": 238,
            "gc_time_ns": 0,
            "samples": 10000
        },
        "notebook/spec_md": {
            "time_ns": {
                "minimum": 20183502,
                "median": 22595058,
                "mean": 2.352643359624413e7,
                "maximum": 198789672,
                "std": 1.2132775290815707e7
            },
            "memory_bytes": 10839128,
            "allocations": 164413,
            "gc_time_ns": 819317.5211267605,
            "samples": 213
        },
        "html/spec_md": {
            "time_ns": {
                "minimum": 5870020,
                "median": 6.3499195e6,
                "mean": 6.359212690839695e6,
                "maximum": 6933312,
                "std": 215246.4178614379
            },
            "memory_bytes": 2053376,
            "allocations": 29154,
            "gc_time_ns": 0,
            "samples": 786
        },
        "latex/spec_md": {
            "time_ns": {
                "minimum": 2598754,
                "median": 2.8609785e6,
                "mean": 2.804286150392817e6,
                "maximum": 23129457,
                "std": 496150.73000712844
            },
            "memory_bytes": 780264,
            "allocations": 1992,
            "gc_time_ns": 11301.084175084176,
            "samples": 1782
        },
        "term/spec_md": {
            "time_ns": {
                "minimum": 12649715,
                "median": 13100835,
                "mean": 1.3280751368700266e7,
                "maximum": 14389839,
                "std": 434888.4535847674
            },
            "memory_bytes": 2796992,
            "allocations": 37147,
            "gc_time_ns": 0,
            "samples": 377
        },
        "notebook/simple": {
            "time_ns": {
                "minimum": 50584,
                "median": 55814,
                "mean": 57313.7185,
                "maximum": 341928,
                "std": 5919.091235448487
            },
            "memory_bytes": 28528,
            "allocations": 440,
            "gc_time_ns": 0,
            "samples": 10000
        },
        "typst/spec_md": {
            "time_ns": {
                "minimum": 2610588,
                "median": 2907932,
                "mean": 3.0404259738283628e6,
                "maximum": 109876522,
                "std": 3.639623946803474e6
            },
            "memory_bytes": 1771376,
            "allocations": 20453,
            "gc_time_ns": 126029.02373706634,
            "samples": 1643
        },
        "allocations/parse_spec": {
            "time_ns": {
                "minimum": 7251885,
                "median": 7751375,
                "mean": 7.9076646e6,
                "maximum": 8850724,