{
    "git": {
        "branch": "master",
        "commit": "99198ae1181440766437b134d41c92962defd081",
        "dirty": false
    },
    "julia_version": "1.12.4",
    "arch": "x86_64",
    "timestamp": "2026-02-10T11:21:27Z",
    "benchmarks": {
        "roundtrip/markdown_all_ext": {
            "time_ns": {
                "minimum": 180177,
                "median": 207507.5,
                "mean": 208942.833,
                "maximum": 560688,
                "std": 23395.380320181666
            },
            "memory_bytes": 110912,
            "allocations": 1683,
            "gc_time_ns": 0,
            "samples": 10000
        },
        "latex/simple": {
            "time_ns": {
                "minimum": 6225.6,
                "median": 6412,
                "mean": 6496.427239999999,
                "maximum": 52057.2,
                "std": 613.2458213128876
            },
            "memory_bytes": 1720,
            "allocations": 23,
            "gc_time_ns": 0,
            "samples": 10000
        },
        "roundtrip/parse_all_ext": {
            "time_ns": {
                "minimum": 725896,
                "median": 808168,
                "mean": 974874.0074393109,
                "maximum": 719495767,
                "std": 1.0055733066707069e7
            },
            "memory_bytes": 465312,
            "allocations": 6769,
            "gc_time_ns": 140649.78719655442,
            "samples": 5108
        },
        "markdown/simple": {
            "time_ns": {
                "minimum": 6632.4,
                "median": 7057.2,
                "mean": 7248.096300000001,
                "maximum": 42409.4,
                "std": 1672.2561170414083
            },
            "memory_bytes": 5040,
            "allocations": 76,
            "gc_time_ns": 0,
            "samples": 10000
        },
        "term/simple": {
            "time_ns": {
                "minimum": 21501,
                "median": 22241,
                "mean": 22580.1618,
                "maximum": 188582,
                "std": 2515.5662632066
            },
            "memory_bytes": 8480,
            "allocations": 130,
            "gc_time_ns": 0,
            "samples": 10000
        },
        "html/complex": {
            "time_ns": {
                "minimum": 45986,
                "median": 47619,
                "mean": 48405.6041,
                "maximum": 165289,
                "std": 3341.7646933753103
            },
            "memory_bytes": 10192,
            "allocations": 203,
            "gc_time_ns": 0,
            "samples": 10000
        },
        "typst/complex": {
            "time_ns": {
                "minimum": 16681,
                "median": 17693,
                "mean": 18054.8805,
                "maximum": 209852,
                "std": 2802.4926601386064
            },
            "memory_bytes": 9936,
            "allocations": 144,
            "gc_time_ns": 0,
            "samples": 10000
        },
        "notebook/complex": {
            "time_ns": {
                "minimum": 135693,
                "median": 148177,
                "mean": 149794.4893,
                "maximum": 389898,
                "std": 11076.24918117491
            },
            "memory_bytes": 63248,
            "allocations": 1041,
            "gc_time_ns": 0,
            "samples": 10000
        },
        "term/complex": {
            "time_ns": {
                "minimum": 68037,
                "median": 71694,
                "mean": 74159.5853,
                "maximum": 246601,
                "std": 6320.625671957834
            },
            "memory_bytes": 26368,
            "allocations": 434,
            "gc_time_ns": 0,
            "samples": 10000
        },
        "parse/simple": {
            "time_ns": {
                "minimum": 18424,
                "median": 20919,
                "mean": 22082.7387,
                "maximum": 110777,
                "std": 3019.6671337718976
            },
            "memory_bytes": 15808,
            "allocations": 224,
            "gc_time_ns": 0,
            "samples": 10000
        },
        "allocations/html_spec": {
            "time_ns": {
                "minimum": 6050743,
                "median": 6214324,
                "mean": 6242331,
                "maximum": 6571255,
                "std": 148093.46257984816
            },
            "memory_bytes": 2053376,
            "allocations": 29154,
            "gc_time_ns": 0,
            "samples": 10
        },
        "html/simple": {
            "time_ns": {
                "minimum": 20158,
                "median": 21230,
                "mean": 21598.8214,
                "maximum": 119974,
                "std": 2142.8239582741403
            },
            "memory_bytes": 5408,
            "allocations": 112,
            "gc_time_ns": 0,
            "samples": 10000
        },
        "markdown/complex": {
            "time_ns": {
                "minimum": 27191,
                "median": 28974,
                "mean": 29497.6742,
                "maximum": 136265,
                "std": 2771.1653551163095
            },
            "memory_bytes": 14112,
            "allocations": 238,
            "gc_time_ns": 0,
            "samples": 10000
        },
        "notebook/spec_md": {
            "time_ns": {
                "minimum": 19439536,
                "median": 22007193,
                "mean": 2.2896195328767125e7,
                "maximum": 196543768,
                "std": 1.186240155835891e7
            },
            "memory_bytes": 10839128,
            "allocations": 164413,
            "gc_time_ns": 800318.8356164383,
            "samples": 219
        },
        "html/spec_md": {
            "time_ns": {
                "minimum": 5960585,
                "median": 6388025,
                "mean": 6.420531184852375e6,
                "maximum": 10155472,
                "std": 250484.42553682005
            },
            "memory_bytes": 2053376,
            "allocations": 29154,
            "gc_time_ns": 0,
            "samples": 779
        },
        "latex/spec_md": {
            "time_ns": {
                "minimum": 2588575,
                "median": 2847378,
                "mean": 2.7875517371651786e6,
                "maximum": 24570553,
                "std": 531847.7248891616
            },
            "memory_bytes": 780264,
            "allocations": 1992,
            "gc_time_ns": 11992.4609375,
            "samples": 1792
        },
        "term/spec_md": {
            "time_ns": {
                "minimum": 12608825,
                "median": 13041424,
                "mean": 1.32170662823219e7,
                "maximum": 15083709,
                "std": 413813.5751202095
            },
            "memory_bytes": 2795152,
            "allocations": 37098,
            "gc_time_ns": 0,
            "samples": 379
        },
        "notebook/simple": {
            "time_ns": {
                "minimum": 50675,
                "median": 55414,
                "mean": 56897.4732,
                "maximum": 265556,
                "std": 5439.03362629434
            },
            "memory_bytes": 28528,
            "allocations": 440,
            "gc_time_ns": 0,
            "samples": 10000
        },
        "typst/spec_md": {
            "time_ns": {
                "minimum": 2602722,
                "median": 2890630,
                "mean": 3.0020653515625e6,
                "maximum": 107971189,
                "std": 3.5185079566752804e6
            },
            "memory_bytes": 1771376,
            "allocations": 20453,
            "gc_time_ns": 121231.60396634616,
            "samples": 1664
        },
        "allocations/parse_spec": {
            "time_ns": {
                "minimum": 7323873,
                "median": 7.9633875e6,
                "mean": 8.0001772e6,
                "maximum": 9120750,