{
    "git": {
        "branch": "master",
        "commit": "1b4351913b2052688a2b494e1f892b2aa0cb0516",
        "dirty": false
    },
    "julia_version": "1.12.3",
    "arch": "x86_64",
    "timestamp": "2026-01-07T18:37:56Z",
    "benchmarks": {
        "roundtrip/markdown_all_ext": {
            "time_ns": {
                "minimum": 181109,
                "median": 207188,
                "mean": 211033.3577,
                "maximum": 529380,
                "std": 25500.072243375947
            },
            "memory_bytes": 110720,
            "allocations": 1680,
            "gc_time_ns": 0,
            "samples": 10000
        },
        "latex/simple": {
            "time_ns": {
                "minimum": 6345.8,
                "median": 6522.2,
                "mean": 6617.204340000002,
                "maximum": 19171.8,
                "std": 491.27236677733083
            },
            "memory_bytes": 1720,
            "allocations": 23,
            "gc_time_ns": 0,
            "samples": 10000
        },
        "roundtrip/parse_all_ext": {
            "time_ns": {
                "minimum": 812629,
                "median": 891726,
                "mean": 1.084451443283257e6,
                "maximum": 704454927,
                "std": 1.0381196312769786e7
            },
            "memory_bytes": 454256,
            "allocations": 6614,
            "gc_time_ns": 153056.97801001524,
            "samples": 4593
        },
        "markdown/simple": {
            "time_ns": {
                "minimum": 6746.6,
                "median": 7103.2,
                "mean": 7341.260060000002,
                "maximum": 43172.6,
                "std": 1833.180492723149
            },
            "memory_bytes": 5040,
            "allocations": 76,
            "gc_time_ns": 0,
            "samples": 10000
        },
        "term/simple": {
            "time_ns": {
                "minimum": 21630,
                "median": 22351,
                "mean": 22715.8872,
                "maximum": 91210,
                "std": 2050.23547277515
            },
            "memory_bytes": 8864,
            "allocations": 142,
            "gc_time_ns": 0,
            "samples": 10000
        },
        "html/complex": {
            "time_ns": {
                "minimum": 41949,
                "median": 43606.5,
                "mean": 44416.2737,
                "maximum": 172112,
                "std": 3693.1492645081794
            },
            "memory_bytes": 11536,
            "allocations": 242,
            "gc_time_ns": 0,
            "samples": 10000
        },
        "typst/complex": {
            "time_ns": {
                "minimum": 16861,
                "median": 17763,
                "mean": 18074.4626,
                "maximum": 159086,
                "std": 2411.3691875648396
            },
            "memory_bytes": 8928,
            "allocations": 126,
            "gc_time_ns": 0,
            "samples": 10000
        },
        "notebook/complex": {
            "time_ns": {
                "minimum": 136484,
                "median": 151282.5,
                "mean": 152972.1242,
                "maximum": 389407,
                "std": 12719.947350765056
            },
            "memory_bytes": 63248,
            "allocations": 1041,
            "gc_time_ns": 0,
            "samples": 10000
        },
        "term/complex": {
            "time_ns": {
                "minimum": 66835,
                "median": 69750,
                "mean": 71619.3032,
                "maximum": 192309,
                "std": 5526.1802827379315
            },
            "memory_bytes": 26240,
            "allocations": 430,
            "gc_time_ns": 0,
            "samples": 10000
        },
        "parse/simple": {
            "time_ns": {
                "minimum": 23264,
                "median": 27741.5,
                "mean": 30566.9816,
                "maximum": 472243,
                "std": 21621.17127212537
            },
            "memory_bytes": 15872,
            "allocations": 226,
            "gc_time_ns": 0,
            "samples": 10000
        },
        "allocations/html_spec": {
            "time_ns": {
                "minimum": 5920106,
                "median": 6225022,
                "mean": 6.2404808e6,
                "maximum": 6509330,
                "std": 212341.35818786378
            },
            "memory_bytes": 2077856,
            "allocations": 29829,
            "gc_time_ns": 0,
            "samples": 10
        },
        "html/simple": {
            "time_ns": {
                "minimum": 20178,
                "median": 21259,
                "mean": 21639.312,
                "maximum": 127439,
                "std": 2330.568086243451
            },
            "memory_bytes": 5952,
            "allocations": 127,
            "gc_time_ns": 0,
            "samples": 10000
        },
        "markdown/complex": {
            "time_ns": {
                "minimum": 28152,
                "median": 29530.5,
                "mean": 29989.86,
                "maximum": 169236,
                "std": 2649.176910255369
            },
            "memory_bytes": 14112,
            "allocations": 238,
            "gc_time_ns": 0,
            "samples": 10000
        },
        "notebook/spec_md": {
            "time_ns": {
                "minimum": 19813133,
                "median": 2.27634845e7,
                "mean": 2.364547412735849e7,
                "maximum": 189340145,
                "std": 1.152275390106596e7
            },
            "memory_bytes": 10839128,
            "allocations": 164413,
            "gc_time_ns": 789683.7594339623,
            "samples": 212
        },
        "html/spec_md": {
            "time_ns": {
                "minimum": 5876881,
                "median": 6416868,
                "mean": 6.39626074168798e6,
                "maximum": 7227980,
                "std": 220254.1248411976
            },
            "memory_bytes": 2077856,
            "allocations": 29829,
            "gc_time_ns": 0,
            "samples": 782
        },
        "latex/spec_md": {
            "time_ns": {
                "minimum": 2604251,
                "median": 2695331,
                "mean": 2.7679754648199445e6,
                "maximum": 22358157,
                "std": 479604.40164661745
            },
            "memory_bytes": 780264,
            "allocations": 1992,
            "gc_time_ns": 10642.181717451524,
            "samples": 1805
        },
        "term/spec_md": {
            "time_ns": {
                "minimum": 12760719,
                "median": 13426671,
                "mean": 1.3522637005405406e7,
                "maximum": 15276433,
                "std": 463049.44688241853
            },
            "memory_bytes": 2802880,
            "allocations": 37331,
            "gc_time_ns": 0,
            "samples": 370
        },
        "notebook/simple": {
            "time_ns": {
                "minimum": 51887,
                "median": 56786,
                "mean": 58402.938,
                "maximum": 317433,
                "std": 6632.754784790367
            },
            "memory_bytes": 28528,
            "allocations": 440,
            "gc_time_ns": 0,
            "samples": 10000
        },
        "typst/spec_md": {
            "time_ns": {
                "minimum": 2730507,
                "median": 3.0021385e6,
                "mean": 3.1584242876106193e6,
                "maximum": 100563847,
                "std": 3.5164706669547553e6
            },
            "memory_bytes": 1771376,
            "allocations": 20453,
            "gc_time_ns": 146674.6472819216,
            "samples": 1582
        },
        "allocations/parse_spec": {
            "time_ns": {
                "minimum": 11344169,
                "median": 11506017,
                "mean": 1.16088295e7,
                "maximum": 12310534,