{
    "git": {
        "branch": "master",
        "commit": "a52ce77c283ef014e7cada6860391bf3f7fa2632",
        "dirty": false
    },
    "julia_version": "1.12.4",
    "arch": "x86_64",
    "timestamp": "2026-01-27T18:38:07Z",
    "benchmarks": {
        "roundtrip/markdown_all_ext": {
            "time_ns": {
                "minimum": 183801,
                "median": 209088,
                "mean": 210842.9954,
                "maximum": 449023,
                "std": 19900.52802142526
            },
            "memory_bytes": 110720,
            "allocations": 1680,
            "gc_time_ns": 0,
            "samples": 10000
        },
        "latex/simple": {
            "time_ns": {
                "minimum": 6279.6,
                "median": 6470,
                "mean": 6561.78302,
                "maximum": 17452.4,
                "std": 483.6695034323899
            },
            "memory_bytes": 1720,
            "allocations": 23,
            "gc_time_ns": 0,
            "samples": 10000
        },
        "roundtrip/parse_all_ext": {
            "time_ns": {
                "minimum": 714006,
                "median": 816045,
                "mean": 977679.3744354997,
                "maximum": 705112071,
                "std": 9.869066378720699e6
            },
            "memory_bytes": 454000,
            "allocations": 6606,
            "gc_time_ns": 138167.50127626152,
            "samples": 5093
        },
        "markdown/simple": {
            "time_ns": {
                "minimum": 6788.6,
                "median": 7841.6,
                "mean": 7930.986219999999,
                "maximum": 57717.2,
                "std": 1287.5618034478505
            },
            "memory_bytes": 5040,
            "allocations": 76,
            "gc_time_ns": 0,
            "samples": 10000
        },
        "term/simple": {
            "time_ns": {
                "minimum": 21460,
                "median": 22131,
                "mean": 22520.8585,
                "maximum": 91109,
                "std": 2224.0604120278263
            },
            "memory_bytes": 8480,
            "allocations": 130,
            "gc_time_ns": 0,
            "samples": 10000
        },
        "html/complex": {
            "time_ns": {
                "minimum": 41848,
                "median": 43481,
                "mean": 44394.5025,
                "maximum": 172740,
                "std": 4053.0975524863384
            },
            "memory_bytes": 9904,
            "allocations": 197,
            "gc_time_ns": 0,
            "samples": 10000
        },
        "typst/complex": {
            "time_ns": {
                "minimum": 15899,
                "median": 16661,
                "mean": 17066.8078,
                "maximum": 107169,
                "std": 2412.9413645718882
            },
            "memory_bytes": 8928,
            "allocations": 126,
            "gc_time_ns": 0,
            "samples": 10000
        },
        "notebook/complex": {
            "time_ns": {
                "minimum": 134539,
                "median": 149187,
                "mean": 151262.0797,
                "maximum": 420400,
                "std": 11582.335961168612
            },
            "memory_bytes": 63248,
            "allocations": 1041,
            "gc_time_ns": 0,
            "samples": 10000
        },
        "term/complex": {
            "time_ns": {
                "minimum": 66173,
                "median": 69639,
                "mean": 71685.5485,
                "maximum": 240487,
                "std": 6327.819116561799
            },
            "memory_bytes": 25984,
            "allocations": 422,
            "gc_time_ns": 0,
            "samples": 10000
        },
        "parse/simple": {
            "time_ns": {
                "minimum": 18705,
                "median": 21410,
                "mean": 22626.1424,
                "maximum": 232332,
                "std": 4165.10454095764
            },
            "memory_bytes": 15808,
            "allocations": 224,
            "gc_time_ns": 0,
            "samples": 10000
        },
        "allocations/html_spec": {
            "time_ns": {
                "minimum": 6017293,
                "median": 6.1573375e6,
                "mean": 6.2071001e6,
                "maximum": 6655077,
                "std": 173823.756249094
            },
            "memory_bytes": 2053376,
            "allocations": 29154,
            "gc_time_ns": 0,
            "samples": 10
        },
        "html/simple": {
            "time_ns": {
                "minimum": 20008,
                "median": 21109,
                "mean": 21536.8281,
                "maximum": 143156,
                "std": 2507.1395042557506
            },
            "memory_bytes": 5408,
            "allocations": 112,
            "gc_time_ns": 0,
            "samples": 10000
        },
        "markdown/complex": {
            "time_ns": {
                "minimum": 27130,
                "median": 28964,
                "mean": 29522.7914,
                "maximum": 151391,
                "std": 3066.978006262048
            },
            "memory_bytes": 14112,
            "allocations": 238,
            "gc_time_ns": 0,
            "samples": 10000
        },
        "notebook/spec_md": {
            "time_ns": {
                "minimum": 19752626,
                "median": 22676054,
                "mean": 2.3573421145539906e7,
                "maximum": 188183972,
                "std": 1.1412141180024253e7
            },
            "memory_bytes": 10839128,
            "allocations": 164413,
            "gc_time_ns": 785150.6525821596,
            "samples": 213
        },
        "html/spec_md": {
            "time_ns": {
                "minimum": 6179885,
                "median": 6653835,
                "mean": 6.706521746308724e6,
                "maximum": 7646079,
                "std": 276043.2578288741
            },
            "memory_bytes": 2053376,
            "allocations": 29154,
            "gc_time_ns": 0,
            "samples": 745
        },
        "latex/spec_md": {
            "time_ns": {
                "minimum": 2625516,
                "median": 2721064,
                "mean": 2.783765548189415e6,
                "maximum": 22572961,
                "std": 484335.2355695287
            },
            "memory_bytes": 780264,
            "allocations": 1992,
            "gc_time_ns": 10883.209470752088,
            "samples": 1795
        },
        "term/spec_md": {
            "time_ns": {
                "minimum": 12525910,
                "median": 1.33012595e7,
                "mean": 1.338156489037433e7,
                "maximum": 14332585,
                "std": 501642.2084122719
            },
            "memory_bytes": 2796992,
            "allocations": 37147,
            "gc_time_ns": 0,
            "samples": 374
        },
        "notebook/simple": {
            "time_ns": {
                "minimum": 50404,
                "median": 55322,
                "mean": 56891.574,
                "maximum": 297172,
                "std": 6302.795152787198
            },
            "memory_bytes": 28528,
            "allocations": 440,
            "gc_time_ns": 0,
            "samples": 10000
        },
        "typst/spec_md": {
            "time_ns": {
                "minimum": 2641896,
                "median": 2.9341245e6,
                "mean": 3.1214668475e6,
                "maximum": 100820524,
                "std": 3.5236152828310006e6
            },
            "memory_bytes": 1771376,
            "allocations": 20453,
            "gc_time_ns": 145988.155,
            "samples": 1600
        },
        "allocations/parse_spec": {
            "time_ns": {
                "minimum": 7560838,
                "median": 8148585,
                "mean": 8.3284277e6,
                "maximum": 9294397,