{
    "git": {
        "branch": "master",
        "commit": "60bb8ec3ba30bc2a7f1f9d2e23912be31a91488f",
        "dirty": false
    },
    "julia_version": "1.12.6",
    "arch": "x86_64",
    "timestamp": "2026-05-29T17:18:51Z",
    "benchmarks": {
        "roundtrip/markdown_all_ext": {
            "time_ns": {
                "minimum": 168867,
                "median": 188562.5,
                "mean": 192086.1018,
                "maximum": 1389395,
                "std": 32634.763662250807
            },
            "memory_bytes": 110912,
            "allocations": 1683,
            "gc_time_ns": 0,
            "samples": 10000
        },
        "latex/simple": {
            "time_ns": {
                "minimum": 5817.166666666667,
                "median": 6003,
                "mean": 6047.078933333333,
                "maximum": 14775.333333333334,
                "std": 260.3458066305247
            },
            "memory_bytes": 1720,
            "allocations": 23,
            "gc_time_ns": 0,
            "samples": 10000
        },
        "roundtrip/parse_all_ext": {
            "time_ns": {
                "minimum": 728169,
                "median": 810022,
                "mean": 972794.9053922523,
                "maximum": 706081067,
                "std": 9.84019776710891e6
            },
            "memory_bytes": 465312,
            "allocations": 6769,
            "gc_time_ns": 137265.7179287522,
            "samples": 5137
        },
        "markdown/simple": {
            "time_ns": {
                "minimum": 6374.2,
                "median": 6855.6,
                "mean": 7119.4335200000005,
                "maximum": 58474.6,
                "std": 1550.4844257147015
            },
            "memory_bytes": 5040,
            "allocations": 76,
            "gc_time_ns": 0,
            "samples": 10000
        },
        "term/simple": {
            "time_ns": {
                "minimum": 19595,
                "median": 20140,
                "mean": 20386.2079,
                "maximum": 84470,
                "std": 1312.2849167188713
            },
            "memory_bytes": 8480,
            "allocations": 130,
            "gc_time_ns": 0,
            "samples": 10000
        },
        "html/complex": {
            "time_ns": {
                "minimum": 39348,
                "median": 40582,
                "mean": 41363.4947,
                "maximum": 161010,
                "std": 4009.036442375093
            },
            "memory_bytes": 10192,
            "allocations": 203,
            "gc_time_ns": 0,
            "samples": 10000
        },
        "typst/complex": {
            "time_ns": {
                "minimum": 15882,
                "median": 16727,
                "mean": 17031.6718,
                "maximum": 102426,
                "std": 1612.6656350061512
            },
            "memory_bytes": 9936,
            "allocations": 144,
            "gc_time_ns": 0,
            "samples": 10000
        },
        "notebook/complex": {
            "time_ns": {
                "minimum": 112389,
                "median": 122375,
                "mean": 122712.7191,
                "maximum": 376147,
                "std": 8026.0540276602105
            },
            "memory_bytes": 63248,
            "allocations": 1041,
            "gc_time_ns": 0,
            "samples": 10000
        },
        "term/complex": {
            "time_ns": {
                "minimum": 63037,
                "median": 66114.5,
                "mean": 67290.8648,
                "maximum": 173960,
                "std": 5488.18622387431
            },
            "memory_bytes": 26368,
            "allocations": 434,
            "gc_time_ns": 0,
            "samples": 10000
        },
        "parse/simple": {
            "time_ns": {
                "minimum": 17326,
                "median": 18803.5,
                "mean": 19904.5663,
                "maximum": 138850,
                "std": 3103.797656161456
            },
            "memory_bytes": 15808,
            "allocations": 224,
            "gc_time_ns": 0,
            "samples": 10000
        },
        "allocations/html_spec": {
            "time_ns": {
                "minimum": 5599065,
                "median": 5.6264435e6,
                "mean": 5.6995533e6,
                "maximum": 5940129,
                "std": 123739.67975108066
            },
            "memory_bytes": 2053376,
            "allocations": 29154,
            "gc_time_ns": 0,
            "samples": 10
        },
        "html/simple": {
            "time_ns": {
                "minimum": 17599,
                "median": 18148,
                "mean": 18410.3551,
                "maximum": 118341,
                "std": 1462.9024168932547
            },
            "memory_bytes": 5408,
            "allocations": 112,
            "gc_time_ns": 0,
            "samples": 10000
        },
        "markdown/complex": {
            "time_ns": {
                "minimum": 25929,
                "median": 27182,
                "mean": 27652.0759,
                "maximum": 124793,
                "std": 1957.4883557266617
            },
            "memory_bytes": 14112,
            "allocations": 238,
            "gc_time_ns": 0,
            "samples": 10000
        },
        "notebook/spec_md": {
            "time_ns": {
                "minimum": 17782106,
                "median": 19251252,
                "mean": 2.1111569459915612e7,
                "maximum": 247958913,
                "std": 1.9493402530993916e7
            },
            "memory_bytes": 10839128,
            "allocations": 164413,
            "gc_time_ns": 1.7897462025316455e6,
            "samples": 237
        },
        "html/spec_md": {
            "time_ns": {
                "minimum": 5565372,
                "median": 5868886,
                "mean": 5.86237307971864e6,
                "maximum": 6441078,
                "std": 186087.934102177
            },
            "memory_bytes": 2053376,
            "allocations": 29154,
            "gc_time_ns": 0,
            "samples": 853
        },
        "latex/spec_md": {
            "time_ns": {
                "minimum": 2775603,
                "median": 2989461,
                "mean": 2.954893520094563e6,
                "maximum": 31045504,
                "std": 690708.7673158856
            },
            "memory_bytes": 780264,
            "allocations": 1992,
            "gc_time_ns": 16512.85401891253,
            "samples": 1692
        },
        "term/spec_md": {
            "time_ns": {
                "minimum": 11954479,
                "median": 1.23095385e7,
                "mean": 1.2468740664179105e7,
                "maximum": 14605516,
                "std": 354784.7183355255
            },
            "memory_bytes": 2795152,
            "allocations": 37098,
            "gc_time_ns": 0,
            "samples": 402
        },
        "notebook/simple": {
            "time_ns": {
                "minimum": 40903,
                "median": 42877.5,
                "mean": 44036.5787,
                "maximum": 193772,
                "std": 3626.2227162606964
            },
            "memory_bytes": 28528,
            "allocations": 440,
            "gc_time_ns": 0,
            "samples": 10000
        },
        "typst/spec_md": {
            "time_ns": {
                "minimum": 2699288,
                "median": 2.9316935e6,
                "mean": 3.1537185592686003e6,
                "maximum": 144395859,
                "std": 5.229939564969031e6
            },
            "memory_bytes": 1771376,
            "allocations": 20453,
            "gc_time_ns": 223717.41424968475,
            "samples": 1586
        },
        "allocations/parse_spec": {
            "time_ns": {
                "minimum": 7363741,
                "median": 8141218,
                "mean": 8.2686771e6,